项目编号,核验字段,最终条款/缺失信息,证据URL,核查日期,证据分类,保留/剔除,最终状态
M152,实际任务筛选,保留｜面向eVTOL/无人机群的分布式协同驱动与振动主动控制,https://skl.nuaa.edu.cn/2026/0905/c4738a409560/page.htm,2026-10-08,已复读已取得证据,保留,受理中·条件待核
M152,正式公告/指南,正式开放课题公告｜已复读原官方公告；附件缺口见条款列,https://skl.nuaa.edu.cn/2026/0905/c4738a409560/page.htm,2026-10-08,已复读已取得证据,保留,受理中·条件待核
M152,截止日期,2026-10-10；北京时间时点：未公开/未取得,https://skl.nuaa.edu.cn/2026/0905/c4738a409560/page.htm,2026-10-08,未核清/有缺口,保留,受理中·条件待核
M152,资助金额,重点20—30万元；面上10—12万元；青年5—8万元,https://skl.nuaa.edu.cn/2026/0905/c4738a409560/page.htm,2026-10-08,已复读已取得证据,保留,受理中·条件待核
M152,申请资格,"官方明确｜博士或高级职称；
实际负责人；
本室在研未结题者不得申报，已获各类资助的相同项目不得重复申报。
青年项目≤35岁。
2027通知的合作人限项优先于通用办法：每年参加1项，不能连续两年获同类型资助。","https://skl.nuaa.edu.cn/2026/0905/c4738a409560/page.htm
https://skl.nuaa.edu.cn/_upload/article/files/87/4c/f46a23944fa080e00343d3d0ab42/a5b84dd3-ff0b-4f2a-abd3-d62caeac4c04.pdf",2026-10-08,已复读已取得证据,保留,受理中·条件待核
M152,合作及访问,"官方明确｜至少1名固定研究人员参与；
青年课题须固定人员作合作导师；
每年有学术交流，中期或结题到室报告。","https://skl.nuaa.edu.cn/2026/0905/c4738a409560/page.htm
https://skl.nuaa.edu.cn/_upload/article/files/87/4c/f46a23944fa080e00343d3d0ab42/a5b84dd3-ff0b-4f2a-abd3-d62caeac4c04.pdf",2026-10-08,已复读已取得证据,保留,受理中·条件待核
M152,经费使用及外拨,"已核条款（仍有缺口）｜经费来自科技部专项，按实验室专项管理办法，专款专用，可无偿用公共仪器；
本公告及管理办法未明确外拨比例或报销范围，须确认。","https://skl.nuaa.edu.cn/2026/0905/c4738a409560/page.htm
https://skl.nuaa.edu.cn/_upload/article/files/87/4c/f46a23944fa080e00343d3d0ab42/a5b84dd3-ff0b-4f2a-abd3-d62caeac4c04.pdf",2026-10-08,未核清/有缺口,保留,受理中·条件待核
M152,研究周期,官方明确｜重点、面上、青年均2年：2027-01-01至2028-12-31。,"https://skl.nuaa.edu.cn/2026/0905/c4738a409560/page.htm
https://skl.nuaa.edu.cn/_upload/article/files/87/4c/f46a23944fa080e00343d3d0ab42/a5b84dd3-ff0b-4f2a-abd3-d62caeac4c04.pdf",2026-10-08,已复读已取得证据,保留,受理中·条件待核
M152,成果数量及署名,"官方明确｜按任务书考核；
每年进展、中期/结束报告、结题文档。
成果须有实验室与合作者署名并标注基金编号；
公开办法未规定统一论文数。","https://skl.nuaa.edu.cn/2026/0905/c4738a409560/page.htm
https://skl.nuaa.edu.cn/_upload/article/files/87/4c/f46a23944fa080e00343d3d0ab42/a5b84dd3-ff0b-4f2a-abd3-d62caeac4c04.pdf",2026-10-08,已复读已取得证据,保留,受理中·条件待核
M152,知识产权,"官方明确｜成果双方共享，转让收益比例另议。
专利归申请人单位；
有实验室合作者时南京航空航天大学须共同为专利权人。",https://skl.nuaa.edu.cn/_upload/article/files/87/4c/f46a23944fa080e00343d3d0ab42/a5b84dd3-ff0b-4f2a-abd3-d62caeac4c04.pdf,2026-10-08,已复读已取得证据,保留,受理中·条件待核
M152,材料及提交方式,"官方明确｜2026年10月10日前，申请书电子版（含电子签名）发至skl@nuaa.edu.cn；
纸质1份，经本人单位签署意见、盖章后寄江苏省南京市秦淮区御道街29号，南京航空航天大学320信箱，实验室办公室，210016。
仅收顺丰或中国邮政EMS。
祁老师13400066049。","https://skl.nuaa.edu.cn/2026/0905/c4738a409560/page.htm
https://skl.nuaa.edu.cn/_upload/article/files/87/4c/f46a23944fa080e00343d3d0ab42/a5b84dd3-ff0b-4f2a-abd3-d62caeac4c04.pdf",2026-10-08,已复读已取得证据,保留,受理中·条件待核
M191,实际任务筛选,剔除｜实际任务为真实世界临床数据、患者预后预测及医疗数据建模；未包含机器人或相关智能装备任务。,https://www.stilab.ac.cn/newsDetail/f531f8734c554261a6e2a09a14099df1.html,2026-10-08,已复读已取得证据,剔除,已剔除·范围不符
M191,正式公告/指南,正式开放课题公告｜已复读原官方公告；附件缺口见条款列,https://www.stilab.ac.cn/newsDetail/f531f8734c554261a6e2a09a14099df1.html,2026-10-08,已复读已取得证据,剔除,已剔除·范围不符
M191,截止日期,2026-10-16；北京时间时点：18:00,https://www.stilab.ac.cn/newsDetail/f531f8734c554261a6e2a09a14099df1.html,2026-10-08,已复读已取得证据,剔除,已剔除·范围不符
M191,资助金额,原则上不超过10万元,https://www.stilab.ac.cn/newsDetail/f531f8734c554261a6e2a09a14099df1.html,2026-10-08,已复读已取得证据,剔除,已剔除·范围不符
M191,申请资格,官方明确｜境内独立法人高校、医疗机构或科研院所；负责人博士或副高，从事相关临床及科研工作，拥有主持同类项目经验。,https://www.stilab.ac.cn/newsDetail/f531f8734c554261a6e2a09a14099df1.html,2026-10-08,已复读已取得证据,剔除,已剔除·范围不符
M191,合作及访问,官方明确｜可与境内相关单位联合申报；未规定必须联合本室固定成员；须具备所选任务临床数据和伦理条件。,"https://www.stilab.ac.cn/newsDetail/f531f8734c554261a6e2a09a14099df1.html
https://jiayi-dsicm-share.oss-cn-hangzhou.aliyuncs.com/sti/STI%E6%95%B0%E5%AD%97%E5%8C%BB%E7%96%97%E5%AE%9E%E9%AA%8C%E5%AE%A4%E8%AF%BE%E9%A2%98%E9%A1%B9%E7%9B%AE%E7%94%B3%E6%8A%A5%E4%B9%A6%20(%20%E6%A8%A1%E6%9D%BF%20).doc",2026-10-08,已复读已取得证据,剔除,已剔除·范围不符
M191,经费使用及外拨,官方明确｜签署任务书后按获批金额划拨资助经费；预算模板含材料、业务、设备、协作、人员、管理等科目；拨款账户、外拨流程需取得管理办法/任务书。,"https://www.stilab.ac.cn/newsDetail/f531f8734c554261a6e2a09a14099df1.html
https://jiayi-dsicm-share.oss-cn-hangzhou.aliyuncs.com/sti/STI%E6%95%B0%E5%AD%97%E5%8C%BB%E7%96%97%E5%AE%9E%E9%AA%8C%E5%AE%A4%E8%AF%BE%E9%A2%98%E9%A1%B9%E7%9B%AE%E7%94%B3%E6%8A%A5%E4%B9%A6%20(%20%E6%A8%A1%E6%9D%BF%20).doc",2026-10-08,已复读已取得证据,剔除,已剔除·范围不符
M191,研究周期,资料未取得｜当期管理办法/任务书未取得，须向公告联系人索取研究周期条款。,https://www.stilab.ac.cn/newsDetail/f531f8734c554261a6e2a09a14099df1.html,2026-10-08,未核清/有缺口,剔除,已剔除·范围不符
M191,成果数量及署名,官方明确｜方向2：研究报告、预测模型；重点项目另有论文要求；未统一规定论文篇数。,https://www.stilab.ac.cn/newsDetail/f531f8734c554261a6e2a09a14099df1.html,2026-10-08,已复读已取得证据,剔除,已剔除·范围不符
M191,知识产权,资料未取得｜当期管理办法/任务书未取得，须向公告联系人索取知识产权条款。,https://www.stilab.ac.cn/newsDetail/f531f8734c554261a6e2a09a14099df1.html,2026-10-08,未核清/有缺口,剔除,已剔除·范围不符
M191,材料及提交方式,官方明确｜2026-10-16 18:00前签字盖章扫描件发stilab@stilab.ac.cn；主题2026第2批—单位—负责人。杨/梁老师010-63082702/2703。,https://www.stilab.ac.cn/newsDetail/f531f8734c554261a6e2a09a14099df1.html,2026-10-08,已复读已取得证据,剔除,已剔除·范围不符
M015,实际任务筛选,保留｜基于通信质量感知的低空三维航路规划；安全约束下航路规划与原理验证,https://www.ee.buaa.edu.cn/info/1061/20843.htm,2026-10-08,已复读已取得证据,保留,受理中·条件待核
M015,正式公告/指南,正式开放课题公告｜已复读原官方公告；附件缺口见条款列,https://www.ee.buaa.edu.cn/info/1061/20843.htm,2026-10-08,已复读已取得证据,保留,受理中·条件待核
M015,截止日期,2026-10-20；北京时间时点：未公开/未取得,https://www.ee.buaa.edu.cn/info/1061/20843.htm,2026-10-08,未核清/有缺口,保留,受理中·条件待核
M015,资助金额,需求牵引不超过25万元，前沿探索不超过15万元,https://www.ee.buaa.edu.cn/info/1061/20843.htm,2026-10-08,已复读已取得证据,保留,受理中·条件待核
M015,申请资格,官方明确｜1．申请人应拥有博士学位或副高级（含）以上技术职称，年龄一般不超过45岁，无违反科研诚信行为。,https://www.ee.buaa.edu.cn/info/1061/20843.htm,2026-10-08,已复读已取得证据,保留,受理中·条件待核
M015,合作及访问,"官方明确｜2．每项开放课题需与本实验室一名固定研究人员进行合作，固定研究人员协助立项申请、节点管理、成果总结、课题验收等工作。
3．为体现合作交流成效，所发表论文课题负责人须为第一（含共同第一）或通讯（含共同通讯）作者，实验室固定研究人员为通讯（含共同通讯）或其他作者。
前沿探索类课题要求共同发表或录用至少1篇实验室认定的高水平期刊论文。
实验室每年召开一次开放课题交流会，邀请申请人来实验室进行学术交流。",https://www.ee.buaa.edu.cn/info/1061/20843.htm,2026-10-08,已复读已取得证据,保留,受理中·条件待核
M015,经费使用及外拨,公开资料未载明｜已取得公开资料未载明经费使用及外拨的完整条款。,https://www.ee.buaa.edu.cn/info/1061/20843.htm,2026-10-08,未核清/有缺口,保留,受理中·条件待核
M015,研究周期,官方明确｜需求类不超过1年，前沿探索一般不超过1年。,https://www.ee.buaa.edu.cn/info/1061/20843.htm,2026-10-08,已复读已取得证据,保留,受理中·条件待核
M015,成果数量及署名,"官方明确｜选低空三维航路规划需求类：报告1份，高水平论文≥2篇，授权或受理发明专利≥1项，软著≥1项，原理验证系统1套。
前沿探索类共同发表/录用实验室认定高水平论文≥1篇。
本人第一/共同第一或通讯，固定人员为通讯或其他作者，标实验室单位及资助。",https://www.ee.buaa.edu.cn/info/1061/20843.htm,2026-10-08,已复读已取得证据,保留,受理中·条件待核
M015,知识产权,公开资料未载明｜已取得公开资料未载明知识产权的完整条款。,https://www.ee.buaa.edu.cn/info/1061/20843.htm,2026-10-08,未核清/有缺口,保留,受理中·条件待核
M015,材料及提交方式,"官方明确｜1．申报方式：申请人必须按照规定的格式填写《空地一体新航行系统技术全国重点实验室开放课题基金申请书》，纸质版申请材料（一式两份）经申请人签字、所在单位审核盖章后，于2026年10月20日18:00前邮寄至实验室办公室，电子版申请材料报送实验室办公室邮箱。
电子邮箱：10699@buaa.edu.cn",https://www.ee.buaa.edu.cn/info/1061/20843.htm,2026-10-08,已复读已取得证据,保留,受理中·条件待核
M119,实际任务筛选,剔除｜实际任务为互联网体系结构、路由传输、算力适配及网络安全；没有机器人任务。,https://www.insc.tsinghua.edu.cn/info/1192/4432.htm,2026-10-08,已复读已取得证据,剔除,已剔除·范围不符
M119,正式公告/指南,正式开放课题公告｜已复读原官方公告；附件缺口见条款列,https://www.insc.tsinghua.edu.cn/info/1192/4432.htm,2026-10-08,已复读已取得证据,剔除,已剔除·范围不符
M119,截止日期,2026-10-30；北京时间时点：12:00,https://www.insc.tsinghua.edu.cn/info/1192/4432.htm,2026-10-08,已复读已取得证据,剔除,已剔除·范围不符
M119,资助金额,面上不超过10万元；重点20—50万元,https://www.insc.tsinghua.edu.cn/info/1192/4432.htm,2026-10-08,已复读已取得证据,剔除,已剔除·范围不符
M119,申请资格,官方明确｜国内高校、研究院所等副高或博士在职人员；实际负责人；只能申请1项。,"https://www.insc.tsinghua.edu.cn/info/1192/4432.htm
https://www.insc.tsinghua.edu.cn/fujian1-hulianwangguozhongkaifangketiguanlibanfa.pdf",2026-10-08,已复读已取得证据,剔除,已剔除·范围不符
M119,合作及访问,官方明确｜鼓励多个团队联合申请；客座研究期间至少作1次报告。未规定须联合固定成员申报。,"https://www.insc.tsinghua.edu.cn/info/1192/4432.htm
https://www.insc.tsinghua.edu.cn/fujian1-hulianwangguozhongkaifangketiguanlibanfa.pdf",2026-10-08,已复读已取得证据,剔除,已剔除·范围不符
M119,经费使用及外拨,"已核条款（仍有缺口）｜设备费、业务费、劳务费；劳务费不超过总经费50%；依托单位为经费管理责任主体；结余留归依托单位；拨款流程及批次未在已取得办法明确。
公开资料未载明｜已取得公开资料未载明经费使用及外拨的完整条款。","https://www.insc.tsinghua.edu.cn/fujian1-hulianwangguozhongkaifangketiguanlibanfa.pdf
https://www.insc.tsinghua.edu.cn/20260918.docx",2026-10-08,未核清/有缺口,剔除,已剔除·范围不符
M119,研究周期,官方明确｜重点3年；面上2年。,"https://www.insc.tsinghua.edu.cn/info/1192/4432.htm
https://www.insc.tsinghua.edu.cn/fujian1-hulianwangguozhongkaifangketiguanlibanfa.pdf",2026-10-08,已复读已取得证据,剔除,已剔除·范围不符
M119,成果数量及署名,官方明确｜面上至少1篇、重点至少2篇指定或同档次期刊/会议论文（含已录用）；第一或通讯作者为课题组成员，实验室第一或第二署名单位并致谢；按任务书验收。,"https://www.insc.tsinghua.edu.cn/info/1192/4432.htm
https://www.insc.tsinghua.edu.cn/fujian1-hulianwangguozhongkaifangketiguanlibanfa.pdf",2026-10-08,已复读已取得证据,剔除,已剔除·范围不符
M119,知识产权,官方明确｜实验室与依托单位共享，方式按任务书约定；资产由依托单位依法管理。,"https://www.insc.tsinghua.edu.cn/fujian1-hulianwangguozhongkaifangketiguanlibanfa.pdf
https://www.insc.tsinghua.edu.cn/20260918.docx",2026-10-08,已复读已取得证据,剔除,已剔除·范围不符
M119,材料及提交方式,官方明确｜2026-10-30北京时间12:00前申请书发hlwgzbgs@mailoa.tsinghua.edu.cn，邮件注明重点方向；批准后另交盖章纸质材料；010-62795462。,"https://www.insc.tsinghua.edu.cn/info/1192/4432.htm
https://www.insc.tsinghua.edu.cn/fujian1-hulianwangguozhongkaifangketiguanlibanfa.pdf",2026-10-08,已复读已取得证据,剔除,已剔除·范围不符
M100,实际任务筛选,保留｜交通基础设施建设、管理与养护机器人；交通装备运行维护机器人关键技术与整机集成,https://news.cqjtu.edu.cn/info/1024/68220.htm,2026-10-08,已复读已取得证据,保留,受理中·条件待核
M100,正式公告/指南,正式开放课题公告｜已复读原官方公告；附件缺口见条款列,https://news.cqjtu.edu.cn/info/1024/68220.htm,2026-10-08,已复读已取得证据,保留,受理中·条件待核
M100,截止日期,2026-10-30；北京时间时点：17:00,https://news.cqjtu.edu.cn/info/1024/68220.htm,2026-10-08,已复读已取得证据,保留,受理中·条件待核
M100,资助金额,未取得指南·金额待核,https://news.cqjtu.edu.cn/info/1024/68220.htm,2026-10-08,未核清/有缺口,保留,受理中·条件待核
M100,申请资格,"资料未取得｜公告附件1指南、附件3管理办法下载入口需验证码；本轮网页工具已验证。须由实验室提供可读附件，不能据未下载判断条款未公开。
待核字段：申请资格。",https://news.cqjtu.edu.cn/info/1024/68220.htm,2026-10-08,未核清/有缺口,保留,受理中·条件待核
M100,合作及访问,"资料未取得｜公告附件1指南、附件3管理办法下载入口需验证码；本轮网页工具已验证。须由实验室提供可读附件，不能据未下载判断条款未公开。
待核字段：合作及访问。",https://news.cqjtu.edu.cn/info/1024/68220.htm,2026-10-08,未核清/有缺口,保留,受理中·条件待核
M100,经费使用及外拨,"资料未取得｜公告附件1指南、附件3管理办法下载入口需验证码；本轮网页工具已验证。须由实验室提供可读附件，不能据未下载判断条款未公开。
待核字段：经费使用及外拨。",https://news.cqjtu.edu.cn/info/1024/68220.htm,2026-10-08,未核清/有缺口,保留,受理中·条件待核
M100,研究周期,"资料未取得｜公告附件1指南、附件3管理办法下载入口需验证码；本轮网页工具已验证。须由实验室提供可读附件，不能据未下载判断条款未公开。
待核字段：研究周期。",https://news.cqjtu.edu.cn/info/1024/68220.htm,2026-10-08,未核清/有缺口,保留,受理中·条件待核
M100,成果数量及署名,已核条款（仍有缺口）｜执行至周期一半交中期报告，研究结束后3个月内交结题报告；具体论文、专利与成果署名须取得受验证码限制的指南及办法。,https://news.cqjtu.edu.cn/info/1024/68220.htm,2026-10-08,未核清/有缺口,保留,受理中·条件待核
M100,知识产权,"资料未取得｜公告附件1指南、附件3管理办法下载入口需验证码；本轮网页工具已验证。须由实验室提供可读附件，不能据未下载判断条款未公开。
待核字段：知识产权。",https://news.cqjtu.edu.cn/info/1024/68220.htm,2026-10-08,未核清/有缺口,保留,受理中·条件待核
M100,材料及提交方式,已核条款（仍有缺口）｜公告截止2026年10月30日17:00；具体申请材料、提交邮箱及纸质要求在受验证码限制的附件中，尚未取得。,https://news.cqjtu.edu.cn/info/1024/68220.htm,2026-10-08,未核清/有缺口,保留,受理中·条件待核
M160,实际任务筛选,保留｜工业装备的智能检测与控制技术；工业控制嵌入式软件及系统,https://lico.dlut.edu.cn/info/1040/1345.htm,2026-10-08,已复读已取得证据,保留,受理中·条件待核
M160,正式公告/指南,正式开放课题公告｜已复读原官方公告；附件缺口见条款列,https://lico.dlut.edu.cn/info/1040/1345.htm,2026-10-08,已复读已取得证据,保留,受理中·条件待核
M160,截止日期,2026-10-27；北京时间时点：未公开/未取得,https://lico.dlut.edu.cn/info/1040/1345.htm,2026-10-08,未核清/有缺口,保留,受理中·条件待核
M160,资助金额,3万元,https://lico.dlut.edu.cn/info/1040/1345.htm,2026-10-08,已复读已取得证据,保留,受理中·条件待核
M160,申请资格,"官方明确｜国内外高校、科研机构和企事业科技人员，良好研究基础；
固定人员不能作申请人；
同年仅1项、在研仅1项。
通知未设统一学历或职称门槛。","https://lico.dlut.edu.cn/info/1040/1345.htm
https://lico.dlut.edu.cn/system/_content/download.jsp?urltype=news.DownloadAttachUrl&owner=1646884760&wbfileid=A49AE3744359964BF447BEC4A8878590",2026-10-08,已复读已取得证据,保留,受理中·条件待核
M160,合作及访问,官方明确｜须联合固定人员，执行期到室短期合作交流。,"https://lico.dlut.edu.cn/info/1040/1345.htm
https://lico.dlut.edu.cn/system/_content/download.jsp?urltype=news.DownloadAttachUrl&owner=1646884760&wbfileid=A49AE3744359964BF447BEC4A8878590",2026-10-08,已复读已取得证据,保留,受理中·条件待核
M160,经费使用及外拨,"官方明确｜可一次性划拨到负责人所在单位，或凭发票到实验室核销。
外拨后15日内寄普通增值税发票或事业单位往来票据。
可用于材料、测试计算、差旅会议、出版知识产权、咨询等。",https://lico.dlut.edu.cn/system/_content/download.jsp?urltype=news.DownloadAttachUrl&owner=1646884760&wbfileid=A49AE3744359964BF447BEC4A8878590,2026-10-08,已复读已取得证据,保留,受理中·条件待核
M160,研究周期,官方明确｜2年，2026年10月—2028年9月。,"https://lico.dlut.edu.cn/info/1040/1345.htm
https://lico.dlut.edu.cn/system/_content/download.jsp?urltype=news.DownloadAttachUrl&owner=1646884760&wbfileid=A49AE3744359964BF447BEC4A8878590",2026-10-08,已复读已取得证据,保留,受理中·条件待核
M160,成果数量及署名,"已核条款（仍有缺口）｜次年6月中期报告；
到期1个月内交结题报告及证明。
未公布统一论文数量；
成果须署实验室，具体验收目标签任务书确定。","https://lico.dlut.edu.cn/system/_content/download.jsp?urltype=news.DownloadAttachUrl&owner=1646884760&wbfileid=A49AE3744359964BF447BEC4A8878590
https://lico.dlut.edu.cn/kfjj/glbf.htm
https://lico.dlut.edu.cn/kfjj/sqzn.htm",2026-10-08,未核清/有缺口,保留,受理中·条件待核
M160,知识产权,"官方明确｜成果归实验室与项目负责人共有；
进一步商业化和单位权属约定须签合同。","https://lico.dlut.edu.cn/system/_content/download.jsp?urltype=news.DownloadAttachUrl&owner=1646884760&wbfileid=A49AE3744359964BF447BEC4A8878590
https://lico.dlut.edu.cn/kfjj/glbf.htm",2026-10-08,已复读已取得证据,保留,受理中·条件待核
M160,材料及提交方式,"官方明确｜2026-10-27前，双面打印签字盖章申请书2份及申请书、汇总表电子版。
hujingtumu@dlut.edu.cn；
胡老师0411-84706326；
大连理工海山楼B座1110室。","https://lico.dlut.edu.cn/info/1040/1345.htm
https://lico.dlut.edu.cn/system/_content/download.jsp?urltype=news.DownloadAttachUrl&owner=1646884760&wbfileid=A49AE3744359964BF447BEC4A8878590",2026-10-08,已复读已取得证据,保留,受理中·条件待核
M153,实际任务筛选,剔除｜公告任务为复杂网络、认知机制与类脑系统建模；未列机器人、具身系统或智能装备研究任务。,https://lxy.kust.edu.cn/info/1151/2522.htm,2026-10-08,已复读已取得证据,剔除,已剔除·范围不符
M153,正式公告/指南,正式开放课题公告｜已复读原官方公告；附件缺口见条款列,https://lxy.kust.edu.cn/info/1151/2522.htm,2026-10-08,已复读已取得证据,剔除,已剔除·范围不符
M153,截止日期,2026-11-30；北京时间时点：未公开/未取得,https://lxy.kust.edu.cn/info/1151/2522.htm,2026-10-08,未核清/有缺口,剔除,已剔除·范围不符
M153,资助金额,重点≤5万元；面上≤3万元,https://lxy.kust.edu.cn/info/1151/2522.htm,2026-10-08,已复读已取得证据,剔除,已剔除·范围不符
M153,申请资格,"官方明确｜2.申请者必须联系一位研究方向相关或互补的实验室固定研究人员作为合作者，申请书中有明确的合作研究计划，并且合作者只能参与一项开放基金。
3.申请人需具有高级专业技术职称或博士学位，在相关领域有较好的研究积累，具有从事同类项目 2 年以上的科研经历，主持过省部级以上相关科研项目，并取得重要研究成果（发表 1 篇及以上 SCI 论文），证明材料作为附件与申请书一同提交。",https://lxy.kust.edu.cn/info/1151/2522.htm,2026-10-08,已复读已取得证据,剔除,已剔除·范围不符
M153,合作及访问,"官方明确｜秉承“开放、流动、联合、竞争” 的运行机制，重点实验室按照《云南省重点实验室管理办法》（详见附件 2）和《云南省复杂系统与类脑智能重点实验室（筹）开放课题管理办法》 （详见附件 3）设立开放课题，为吸引省内外从事复杂系统与类脑智能的优秀研究人员参与到重点实验室开展理论与技术合作创新研究，提升重点实验室研究成果水平，助推云南复杂系统理论与类脑智能技术发展，特制定重点实验室 2026 年度开放课题申请指南。
2.申请者必须联系一位研究方向相关或互补的实验室固定研究人员作为合作者，申请书中有明确的合作研究计划，并且合作者只能参与一项开放基金。
（1）与实验室固定研究人员已建立实质性的合作；
（2）拟与实验室固定研究人员共同申请国际合作项目；
英文名：Yunnan Key Laboratory of Complex Systems and Brain-Inspired Intelligence , Kunming 650500, Yunnan ，China），且论文署名中有实验室的合作者。
7.项目负责人应于开放研究基金项目获批的次年 1月前提交《开放研究基金项目中期进展报告》，项目负责人至少到实验室进行一次项目汇报或学术交流，方可结题。",https://lxy.kust.edu.cn/info/1151/2522.htm,2026-10-08,已复读已取得证据,剔除,已剔除·范围不符
M153,经费使用及外拨,公开资料未载明｜已取得公开资料未载明经费使用及外拨的完整条款。,https://lxy.kust.edu.cn/info/1151/2522.htm,2026-10-08,未核清/有缺口,剔除,已剔除·范围不符
M153,研究周期,官方明确｜研究周期为2 年，研究工作开始日期为 2027 年 1 月 1日，结题日期为 2028 年 12 月 31日。,https://lxy.kust.edu.cn/info/1151/2522.htm,2026-10-08,已复读已取得证据,剔除,已剔除·范围不符
M153,成果数量及署名,"官方明确｜5.重点项目结题成果至少发表以项目负责人作为第一作者（或通讯作者）在中国科学院二区及以上发表 SCI 论文 1 篇；
面上项目结题成果至少发表以项目负责人作为第一作者（或通讯作者）发表 SCI/EI 论文 1 篇；
结题成果应标注实验室为第一或第二署名单位（中文名：云南省复杂系统与类脑智能重点实验室；
6.开放基金资助课题取得的成果（包括收集到的资料、研究报告、相应软件、源代码、智能设备等）由本实验室、研究者本人及所在单位共享，项目结题时相关成果应提交实验室留档。",https://lxy.kust.edu.cn/info/1151/2522.htm,2026-10-08,已复读已取得证据,剔除,已剔除·范围不符
M153,知识产权,官方明确｜6.开放基金资助课题取得的成果（包括收集到的资料、研究报告、相应软件、源代码、智能设备等）由本实验室、研究者本人及所在单位共享，项目结题时相关成果应提交实验室留档。,https://lxy.kust.edu.cn/info/1151/2522.htm,2026-10-08,已复读已取得证据,剔除,已剔除·范围不符
M153,材料及提交方式,"官方明确｜3.申请人需具有高级专业技术职称或博士学位，在相关领域有较好的研究积累，具有从事同类项目 2 年以上的科研经历，主持过省部级以上相关科研项目，并取得重要研究成果（发表 1 篇及以上 SCI 论文），证明材料作为附件与申请书一同提交。
2.在 申 报 阶 段 ， 项 目 申 请 人 将 申 请 书 电 子 版 及 签 字 盖 章 扫 描 版 发 送 至zhangyw@kust.edu.cn ，邮件主题请注明：申请 2026 年度开放基金+姓名。
待项目批准后，项目负责人需提交申请书纸质版及合同书纸质版一式三份。
邮箱：zhangyw@kust.edu.cn",https://lxy.kust.edu.cn/info/1151/2522.htm,2026-10-08,已复读已取得证据,剔除,已剔除·范围不符
M105,实际任务筛选,保留｜面向检修作业的具身智能与人机协同,https://rvl.swjtu.edu.cn/info/1030/20948.htm,2026-10-08,已复读已取得证据,保留,受理中·条件待核
M105,正式公告/指南,正式开放课题公告｜已复读原官方公告；附件缺口见条款列,https://rvl.swjtu.edu.cn/info/1030/20948.htm,2026-10-08,已复读已取得证据,保留,受理中·条件待核
M105,截止日期,2026-10-26；北京时间时点：未公开/未取得,https://rvl.swjtu.edu.cn/info/1030/20948.htm,2026-10-08,未核清/有缺口,保留,受理中·条件待核
M105,资助金额,8—10万元,https://rvl.swjtu.edu.cn/info/1030/20948.htm,2026-10-08,已复读已取得证据,保留,受理中·条件待核
M105,申请资格,"已核条款（仍有缺口）｜校外实际负责人，需轨道交通相关研究目标与可验证条件；
公告未明确统一学历、职称或年龄门槛，须确认。",https://rvl.swjtu.edu.cn/info/1030/20948.htm,2026-10-08,未核清/有缺口,保留,受理中·条件待核
M105,合作及访问,"官方明确｜校外负责人+本室固定联络人联合申报；
申报前明确任务分工、实验条件、交流与成果；
执行期间到室至少1次。",https://rvl.swjtu.edu.cn/info/1030/20948.htm,2026-10-08,已复读已取得证据,保留,受理中·条件待核
M105,经费使用及外拨,公开资料未载明｜已取得公开资料未载明经费使用及外拨的完整条款。,https://rvl.swjtu.edu.cn/info/1030/20948.htm,2026-10-08,未核清/有缺口,保留,受理中·条件待核
M105,研究周期,官方明确｜1. 课题执行期限为两年，即2027.1.1-2028.12.31。,https://rvl.swjtu.edu.cn/info/1030/20948.htm,2026-10-08,已复读已取得证据,保留,受理中·条件待核
M105,成果数量及署名,官方明确｜本人第一或通讯作者发表高水平论文≥2篇，本室为第一单位并标课题编号。,https://rvl.swjtu.edu.cn/info/1030/20948.htm,2026-10-08,已复读已取得证据,保留,受理中·条件待核
M105,知识产权,公开资料未载明｜已取得公开资料未载明知识产权的完整条款。,https://rvl.swjtu.edu.cn/info/1030/20948.htm,2026-10-08,未核清/有缺口,保留,受理中·条件待核
M105,材料及提交方式,"官方明确｜5. 申请人下载填写开放课题申请书模版，于2026年10月26日前将纸质版一式两份寄至实验室，同时通过E-mail发送电子版本。
E-mail：qybgky@swjtu.edu.cn",https://rvl.swjtu.edu.cn/info/1030/20948.htm,2026-10-08,已复读已取得证据,保留,受理中·条件待核
M146,实际任务筛选,剔除｜当期任务为电磁悬浮、超导材料、电磁驱动、牵引供电及磁浮交通运行控制；未包含机器人任务，不能以磁浮控制关键词保留。,https://jdcf.swjtu.edu.cn/info/1033/1624.htm,2026-10-08,已复读已取得证据,剔除,已剔除·范围不符
M146,正式公告/指南,正式开放课题公告｜已复读原官方公告；附件缺口见条款列,https://jdcf.swjtu.edu.cn/info/1033/1624.htm,2026-10-08,已复读已取得证据,剔除,已剔除·范围不符
M146,截止日期,2026-11-10；北京时间时点：未公开/未取得,https://jdcf.swjtu.edu.cn/info/1033/1624.htm,2026-10-08,未核清/有缺口,剔除,已剔除·范围不符
M146,资助金额,重点6—8万元、一般4—5万元,https://jdcf.swjtu.edu.cn/info/1033/1624.htm,2026-10-08,已复读已取得证据,剔除,已剔除·范围不符
M146,申请资格,官方明确｜（1）国内外从事相关基础研究和技术研发的大学、研究院所、公司等企事业单位，具备副高及以上技术职称或具有博士学位的科研人员。,https://jdcf.swjtu.edu.cn/info/1033/1624.htm,2026-10-08,已复读已取得证据,剔除,已剔除·范围不符
M146,合作及访问,公开资料未载明｜已取得公开资料未载明合作及访问的完整条款。,https://jdcf.swjtu.edu.cn/info/1033/1624.htm,2026-10-08,未核清/有缺口,剔除,已剔除·范围不符
M146,经费使用及外拨,公开资料未载明｜已取得公开资料未载明经费使用及外拨的完整条款。,https://jdcf.swjtu.edu.cn/info/1033/1624.htm,2026-10-08,未核清/有缺口,剔除,已剔除·范围不符
M146,研究周期,官方明确｜开放课题资助期为2年，执行期为收到资助通知开始。,https://jdcf.swjtu.edu.cn/info/1033/1624.htm,2026-10-08,已复读已取得证据,剔除,已剔除·范围不符
M146,成果数量及署名,官方明确｜（3）课题经费、过程实施、结题成果要求按照《磁浮技术与磁浮列车教育部重点实验室开放课题管理办法》执行。,https://jdcf.swjtu.edu.cn/info/1033/1624.htm,2026-10-08,已复读已取得证据,剔除,已剔除·范围不符
M146,知识产权,公开资料未载明｜已取得公开资料未载明知识产权的完整条款。,https://jdcf.swjtu.edu.cn/info/1033/1624.htm,2026-10-08,未核清/有缺口,剔除,已剔除·范围不符
M146,材料及提交方式,"官方明确｜（2）申请人下载2026年度开放课题申请书认真填写，必须填写手机号码和办公邮箱。
申请书电子版在截止日期前发送到23191499@qq.com，收到后会邮件回复。
申请书经过学术委员会评审，确定资助项目，评审通过的项目，申请人将申请书用A4纸打印装订（三份），由所在单位签署意见同意，并加盖所在单位公章寄送磁浮实验室。
邮寄地址：四川省成都市郫都区犀安路999号西南交通大学电气工程学院
E-mail: 23191499@qq.com",https://jdcf.swjtu.edu.cn/info/1033/1624.htm,2026-10-08,已复读已取得证据,剔除,已剔除·范围不符
M017,实际任务筛选,保留｜水下无人平台协同的稳健水声通信；数控机床六自由度误差在线测量与补偿,https://tju.edu.cn/info/1159/89632.htm,2026-10-08,已复读已取得证据,保留,受理中·条件待核
M017,正式公告/指南,正式开放课题公告｜已复读原官方公告；附件缺口见条款列,https://tju.edu.cn/info/1159/89632.htm,2026-10-08,已复读已取得证据,保留,受理中·条件待核
M017,截止日期,2026-10-18；北京时间时点：未公开/未取得,https://tju.edu.cn/info/1159/89632.htm,2026-10-08,未核清/有缺口,保留,受理中·条件待核
M017,资助金额,普通4—8万元,https://tju.edu.cn/info/1159/89632.htm,2026-10-08,已复读已取得证据,保留,受理中·条件待核
M017,申请资格,"官方明确｜实验室固定人员以外相关科研人员/博士后；
天津大学教职工和学生不能申请；
优先实质合作并提供推荐信。
博士/高级为优先条件，不把优先条件写成硬门槛",https://tju.edu.cn/system/_content/download.jsp?urltype=news.DownloadAttachUrl&owner=2111843594&wbfileid=E8F9A531C02991C61BE39B89970D9569,2026-10-08,已复读已取得证据,保留,受理中·条件待核
M017,合作及访问,"官方明确｜必须指定实验室固定研究人员联系人；
每人仅能联系1项，同时为多项联系人则涉及课题均无效",https://tju.edu.cn/system/_content/download.jsp?urltype=news.DownloadAttachUrl&owner=2111843594&wbfileid=E8F9A531C02991C61BE39B89970D9569,2026-10-08,已复读已取得证据,保留,受理中·条件待核
M017,经费使用及外拨,"官方明确｜经费分期拨到国内承担单位；
每次拨款须先提供对应金额发票；
中期与结题提交经费说明及单位财务公章；
研究材料、测试加工、差旅会议、出版/IP等",https://tju.edu.cn/system/_content/download.jsp?urltype=news.DownloadAttachUrl&owner=2111843594&wbfileid=E8F9A531C02991C61BE39B89970D9569,2026-10-08,已复读已取得证据,保留,受理中·条件待核
M017,研究周期,官方明确｜2026-12-01起，不超过3年,https://tju.edu.cn/info/1159/89632.htm,2026-10-08,已复读已取得证据,保留,受理中·条件待核
M017,成果数量及署名,"官方明确｜按申请书承诺完成；
年度/结题报告；
论文标注开放基金资助或实验室完成单位。
2026指南/所附管理办法未规定最低篇数",https://tju.edu.cn/system/_content/download.jsp?urltype=news.DownloadAttachUrl&owner=2111843594&wbfileid=E8F9A531C02991C61BE39B89970D9569,2026-10-08,已复读已取得证据,保留,受理中·条件待核
M017,知识产权,公开资料未载明｜已取得公开资料未载明知识产权的完整条款。,https://tju.edu.cn/system/_content/download.jsp?urltype=news.DownloadAttachUrl&owner=2111843594&wbfileid=E8F9A531C02991C61BE39B89970D9569,2026-10-08,未核清/有缺口,保留,受理中·条件待核
M017,材料及提交方式,"官方明确｜10-18前：WORD/PDF申请书+签字盖章推荐信电子版发pilab@tju.edu.cn。
10-25前寄到：申请书原件3份+推荐信原件1份，天津大学第五教学楼215王明方，022-27406643；
国内申请单位须法人级盖章",https://tju.edu.cn/system/_content/download.jsp?urltype=news.DownloadAttachUrl&owner=2111843594&wbfileid=E8F9A531C02991C61BE39B89970D9569,2026-10-08,已复读已取得证据,保留,受理中·条件待核
M066,实际任务筛选,待核｜公告公开多模态视觉感知、混杂系统建模和感知—决策—控制，但未明确机器人或智能装备对象；需实验室确认具体机器人任务是否在本期范围内。,https://xindian.sdust.edu.cn/info/1008/7407.htm,2026-10-08,未核清/有缺口,待核,方向待核·公告已发布
M066,正式公告/指南,正式开放课题公告｜已复读原官方公告；附件缺口见条款列,https://xindian.sdust.edu.cn/info/1008/7407.htm,2026-10-08,已复读已取得证据,待核,方向待核·公告已发布
M066,截止日期,2026-10-15；北京时间时点：未公开/未取得,https://xindian.sdust.edu.cn/info/1008/7407.htm,2026-10-08,未核清/有缺口,待核,方向待核·公告已发布
M066,资助金额,一般2万元/项；重点5万元/项,https://xindian.sdust.edu.cn/info/1008/7407.htm,2026-10-08,已复读已取得证据,待核,方向待核·公告已发布
M066,申请资格,"官方明确｜国内高校、科研院所或企事业科研人员；
博士或中级及以上；
同年1项，在研最多1项","https://xindian.sdust.edu.cn/info/1008/7407.htm
https://xindian.sdust.edu.cn/system/_content/download.jsp?urltype=news.DownloadAttachUrl&owner=1474887737&wbfileid=17855493",2026-10-08,已复读已取得证据,待核,方向待核·公告已发布
M066,合作及访问,"官方明确｜正文未规定必须联合固定人员申请；
结题论文第一作者或唯一通讯作者必须为山东科技大学人员，实质合作不可缺","https://xindian.sdust.edu.cn/info/1008/7407.htm
https://xindian.sdust.edu.cn/system/_content/download.jsp?urltype=news.DownloadAttachUrl&owner=1474887737&wbfileid=17855493",2026-10-08,已复读已取得证据,待核,方向待核·公告已发布
M066,经费使用及外拨,"官方明确｜按实验室开放基金管理办法；
公告及所读模板未明示外拨方式",https://xindian.sdust.edu.cn/system/_content/download.jsp?urltype=news.DownloadAttachUrl&owner=1474887737&wbfileid=17855493,2026-10-08,已复读已取得证据,待核,方向待核·公告已发布
M066,研究周期,官方明确｜2026-10-24—2027-10-23（1年）,https://xindian.sdust.edu.cn/info/1008/7407.htm,2026-10-08,已复读已取得证据,待核,方向待核·公告已发布
M066,成果数量及署名,"官方明确｜一般：2篇中科院二区及以上SCI；
重点：2篇SCI且至少1篇一区，并获省部级科技进步二等奖及以上1项或国家级重点项目1项。
均排除预警期刊和开源期刊；
第一作者或唯一通讯作者须山东科技大学人员，署山东科技大学和实验室。
奖励须山东科技大学为完成单位且实验室成员参与",https://xindian.sdust.edu.cn/info/1008/7407.htm,2026-10-08,已复读已取得证据,待核,方向待核·公告已发布
M066,知识产权,公开资料未载明｜已取得公开资料未载明知识产权的完整条款。,https://xindian.sdust.edu.cn/info/1008/7407.htm,2026-10-08,未核清/有缺口,待核,方向待核·公告已发布
M066,材料及提交方式,"官方明确｜双面打印申请书签字盖章原件4份+申请书电子版+汇总表电子版；
邮件主题单位-姓名-课题名称；
邮箱sdzngzkfkt2026@126.com；
青岛市前湾港路579号266590，陈老师","https://xindian.sdust.edu.cn/info/1008/7407.htm
https://xindian.sdust.edu.cn/system/_content/download.jsp?urltype=news.DownloadAttachUrl&owner=1474887737&wbfileid=17855493",2026-10-08,已复读已取得证据,待核,方向待核·公告已发布
M107,实际任务筛选,待核｜本期方向为电子测试与仪器，正文未取得明确机器人任务证据；机器人文字出现在相邻文章，不能据此保留。,https://www.nuc.edu.cn/info/1014/62593.htm,2026-10-08,未核清/有缺口,待核,方向待核·公告已发布
M107,正式公告/指南,正式开放课题公告｜已复读原官方公告；附件缺口见条款列,https://www.nuc.edu.cn/info/1014/62593.htm,2026-10-08,已复读已取得证据,待核,方向待核·公告已发布
M107,截止日期,2026-10-12；北京时间时点：未公开/未取得,https://www.nuc.edu.cn/info/1014/62593.htm,2026-10-08,未核清/有缺口,待核,方向待核·公告已发布
M107,资助金额,每项不超过10万元,https://www.nuc.edu.cn/info/1014/62593.htm,2026-10-08,已复读已取得证据,待核,方向待核·公告已发布
M107,申请资格,"官方明确｜国内高校相关科研人员，博士或高级职称；
原则上既往获本室基金者不得申请。",https://www.nuc.edu.cn/info/1014/62593.htm,2026-10-08,已复读已取得证据,待核,方向待核·公告已发布
M107,合作及访问,"官方明确｜公告未要求所有校外申请必须固定人员联合。
仅中北大学作为承研单位时，至少1篇论文须本室唯一单位且通讯作者包含固定人员；
不应套用到南信大承研项目。",https://www.nuc.edu.cn/info/1014/62593.htm,2026-10-08,已复读已取得证据,待核,方向待核·公告已发布
M107,经费使用及外拨,已核条款（仍有缺口）｜公告仅说明基金由实验室管理，未明确外拨和开支细则，须查管理办法或合同。,https://www.nuc.edu.cn/info/1014/62593.htm,2026-10-08,未核清/有缺口,待核,方向待核·公告已发布
M107,研究周期,官方明确｜2年，2026年10月至2028年10月。,https://www.nuc.edu.cn/info/1014/62593.htm,2026-10-08,已复读已取得证据,待核,方向待核·公告已发布
M107,成果数量及署名,"官方明确｜至少2篇相关论文，至少1篇SCI/EI；
中北大学承研的额外唯一单位/通讯作者要求需区分。
校外课题具体署名按管理办法确认。",https://www.nuc.edu.cn/info/1014/62593.htm,2026-10-08,已复读已取得证据,待核,方向待核·公告已发布
M107,知识产权,公开资料未载明｜已取得公开资料未载明知识产权的完整条款。,https://www.nuc.edu.cn/info/1014/62593.htm,2026-10-08,未核清/有缺口,待核,方向待核·公告已发布
M107,材料及提交方式,官方明确｜2026-10-12前提交电子申请材料至zhangle@nuc.edu.cn。,https://www.nuc.edu.cn/info/1014/62593.htm,2026-10-08,已复读已取得证据,待核,方向待核·公告已发布
M193,实际任务筛选,剔除｜当期任务为极限环境光电测试、单光子成像、爆炸灾害与毁伤评估；不以光电感知关键词保留。,https://skl-dmt.nuc.edu.cn/info/1012/1894.htm,2026-10-08,已复读已取得证据,剔除,已剔除·范围不符
M193,正式公告/指南,正式开放课题公告｜已复读原官方公告；附件缺口见条款列,https://skl-dmt.nuc.edu.cn/info/1012/1894.htm,2026-10-08,已复读已取得证据,剔除,已剔除·范围不符
M193,截止日期,2026-10-16；北京时间时点：未公开/未取得,https://skl-dmt.nuc.edu.cn/info/1012/1894.htm,2026-10-08,未核清/有缺口,剔除,已剔除·范围不符
M193,资助金额,10万元,https://skl-dmt.nuc.edu.cn/info/1012/1894.htm,2026-10-08,已复读已取得证据,剔除,已剔除·范围不符
M193,申请资格,官方明确｜相关学科博士或副高及以上；非依托单位人员；年龄45岁及以下；单位同意。,https://skl-dmt.nuc.edu.cn/info/1012/1894.htm,2026-10-08,已复读已取得证据,剔除,已剔除·范围不符
M193,合作及访问,官方明确｜须与实验室固定人员联合申报。,https://skl-dmt.nuc.edu.cn/info/1012/1894.htm,2026-10-08,已复读已取得证据,剔除,已剔除·范围不符
M193,经费使用及外拨,资料未取得｜当期管理办法/任务书未取得，须向公告联系人索取经费使用及外拨条款。,https://skl-dmt.nuc.edu.cn/info/1012/1894.htm,2026-10-08,未核清/有缺口,剔除,已剔除·范围不符
M193,研究周期,官方明确｜2年。,https://skl-dmt.nuc.edu.cn/info/1012/1894.htm,2026-10-08,已复读已取得证据,剔除,已剔除·范围不符
M193,成果数量及署名,官方明确｜至少2篇SCI论文，实验室第一完成单位；标注基金及编号。,https://skl-dmt.nuc.edu.cn/info/1012/1894.htm,2026-10-08,已复读已取得证据,剔除,已剔除·范围不符
M193,知识产权,官方明确｜实验室与负责人所在单位共有。,https://skl-dmt.nuc.edu.cn/info/1012/1894.htm,2026-10-08,已复读已取得证据,剔除,已剔除·范围不符
M193,材料及提交方式,官方明确｜2026-10-16截止；纸质3份签字盖章；Word和盖章PDF发skl-dmt@nuc.edu.cn。张老师13834680208，凡老师13700546579。,https://skl-dmt.nuc.edu.cn/info/1012/1894.htm,2026-10-08,已复读已取得证据,剔除,已剔除·范围不符
M044,实际任务筛选,待核｜煤炭绿色开采及矿山智能化方向未明确机器人、无人开采装备的本期任务；须确认指南中的具体装备研究内容。,https://www.xjie.edu.cn/info/1061/15798.htm,2026-10-08,未核清/有缺口,待核,方向待核·公告已发布
M044,正式公告/指南,正式开放课题公告｜已复读原官方公告；附件缺口见条款列,https://www.xjie.edu.cn/info/1061/15798.htm,2026-10-08,已复读已取得证据,待核,方向待核·公告已发布
M044,截止日期,2026-10-10；北京时间时点：未公开/未取得,https://www.xjie.edu.cn/info/1061/15798.htm,2026-10-08,未核清/有缺口,待核,方向待核·公告已发布
M044,资助金额,5—10万元,https://www.xjie.edu.cn/info/1061/15798.htm,2026-10-08,已复读已取得证据,待核,方向待核·公告已发布
M044,申请资格,"官方明确｜3.申请者原则上需具备副高及以上职称、或博士学位（含优秀在读博士）；
5.申请人只能申请一项实验室开放课题。",https://www.xjie.edu.cn/info/1061/15798.htm,2026-10-08,已复读已取得证据,待核,方向待核·公告已发布
M044,合作及访问,官方明确｜2.鼓励国内外其他高校、科研机构和相关企业的科技工作者联合新疆工程学院校内人员合作申报；,https://www.xjie.edu.cn/info/1061/15798.htm,2026-10-08,已复读已取得证据,待核,方向待核·公告已发布
M044,经费使用及外拨,官方明确｜课题经费用于支付该课题的有关科研业务费、实验材料费等。,https://www.xjie.edu.cn/info/1061/15798.htm,2026-10-08,已复读已取得证据,待核,方向待核·公告已发布
M044,研究周期,官方明确｜4.资助期限：自任务书签订之日起两年；,https://www.xjie.edu.cn/info/1061/15798.htm,2026-10-08,已复读已取得证据,待核,方向待核·公告已发布
M044,成果数量及署名,"官方明确｜开放课题申请书中需明确课题提交成果形式与数量，结题考核数量与内容以申报人的计划任务书为准，标注要求严格参照课题指南。
A.发表论文，围绕上述专题发表2篇SCI论文（其中1篇为二区及以上），或2篇中文EI论文，或3篇北大中文核心论文；
C.其他成果，以新疆工程学院为前二完成单位获得1项省部级科技进步奖或其他可支撑教育部重点实验室发展的标志性成果。
凡受本实验室资助的项目，公开发表的研究成果内容必须严格按照开放课题计划任务书规定的要求，第一完成单位须署名“新疆煤炭资源绿色开采教育部重点实验室”。
1．如果课题负责人未按期向实验室提交结题报告，实验室有权终止其课题并保留追诉的权力。",https://www.xjie.edu.cn/info/1061/15798.htm,2026-10-08,已复读已取得证据,待核,方向待核·公告已发布
M044,知识产权,公开资料未载明｜已取得公开资料未载明知识产权的完整条款。,https://www.xjie.edu.cn/info/1061/15798.htm,2026-10-08,未核清/有缺口,待核,方向待核·公告已发布
M044,材料及提交方式,"官方明确｜点击下载《新疆煤炭资源绿色开采教育部重点实验室开放课题申请书》（附件1），填写项目基本信息和申报内容，先将申报书电子版发至实验室科研管理邮箱 gcxykfkt2026@163.com ，经评审获批后，补交三份纸质版申请书。
开放课题申请书中需明确课题提交成果形式与数量，结题考核数量与内容以申报人的计划任务书为准，标注要求严格参照课题指南。
联系人：赵老师，电话：15276575227",https://www.xjie.edu.cn/info/1061/15798.htm,2026-10-08,已复读已取得证据,待核,方向待核·公告已发布
M113,实际任务筛选,剔除｜本期任务聚焦认知与情感障碍、脑疾病诊疗和神经调控；未列机器人或人机协作装备任务。,https://jdcad.jhun.edu.cn/8e/7b/c7392a233083/page.htm,2026-10-08,已复读已取得证据,剔除,已剔除·范围不符
M113,正式公告/指南,正式开放课题公告｜已复读原官方公告；附件缺口见条款列,https://jdcad.jhun.edu.cn/8e/7b/c7392a233083/page.htm,2026-10-08,已复读已取得证据,剔除,已剔除·范围不符
M113,截止日期,2026-10-15；北京时间时点：未公开/未取得,https://jdcad.jhun.edu.cn/8e/7b/c7392a233083/page.htm,2026-10-08,未核清/有缺口,剔除,已剔除·范围不符
M113,资助金额,重点4万元；面上2万元；培育1万元,https://jdcad.jhun.edu.cn/8e/7b/c7392a233083/page.htm,2026-10-08,已复读已取得证据,剔除,已剔除·范围不符
M113,申请资格,官方明确｜博士，有独立研究或带组能力，须符合开放基金管理办法。,https://jdcad.jhun.edu.cn/8e/7b/c7392a233083/page.htm,2026-10-08,已复读已取得证据,剔除,已剔除·范围不符
M113,合作及访问,官方明确｜必须固定研究人员联合，执行期间定期到室交流访问。,https://jdcad.jhun.edu.cn/8e/7b/c7392a233083/page.htm,2026-10-08,已复读已取得证据,剔除,已剔除·范围不符
M113,经费使用及外拨,公开资料未载明｜已取得公开资料未载明经费使用及外拨的完整条款。,https://jdcad.jhun.edu.cn/8e/7b/c7392a233083/page.htm,2026-10-08,未核清/有缺口,剔除,已剔除·范围不符
M113,研究周期,官方明确｜2年。,https://jdcad.jhun.edu.cn/8e/7b/c7392a233083/page.htm,2026-10-08,已复读已取得证据,剔除,已剔除·范围不符
M113,成果数量及署名,"官方明确｜具体高水平成果、项目、专著、授权专利等指标按资助金额写入合同；
公告未统一数量。
须标本室基金与编号。",https://jdcad.jhun.edu.cn/8e/7b/c7392a233083/page.htm,2026-10-08,已复读已取得证据,剔除,已剔除·范围不符
M113,知识产权,公开资料未载明｜已取得公开资料未载明知识产权的完整条款。,https://jdcad.jhun.edu.cn/8e/7b/c7392a233083/page.htm,2026-10-08,未核清/有缺口,剔除,已剔除·范围不符
M113,材料及提交方式,"官方明确｜5.申请人需在规定日期内提交电子版申报书及汇总表，并在电子版申报书提交一周内邮寄封面盖有单位公章的纸质版申报书（一式三份）。
申报书提交邮箱：lijuan_hu@jhun.edu.cn
申报书邮寄地址：武汉市经济开发区三角湖路8号江汉大学J12附楼，邮编：430056",https://jdcad.jhun.edu.cn/8e/7b/c7392a233083/page.htm,2026-10-08,已复读已取得证据,剔除,已剔除·范围不符
M085,实际任务筛选,待核｜交通物联网公告中未找到机器人或自主运行装备的明确任务；交通信息与多模态感知不能单独作为保留理由。,https://ai.whut.edu.cn/kxyj/kyzx/202608/t20260831_1414539.shtml,2026-10-08,未核清/有缺口,待核,方向待核·公告已发布
M085,正式公告/指南,正式开放课题公告｜已复读原官方公告；附件缺口见条款列,https://ai.whut.edu.cn/kxyj/kyzx/202608/t20260831_1414539.shtml,2026-10-08,已复读已取得证据,待核,方向待核·公告已发布
M085,截止日期,2026-10-31；北京时间时点：未公开/未取得,https://ai.whut.edu.cn/kxyj/kyzx/202608/t20260831_1414539.shtml,2026-10-08,未核清/有缺口,待核,方向待核·公告已发布
M085,资助金额,1—3万元,https://ai.whut.edu.cn/kxyj/kyzx/202608/t20260831_1414539.shtml,2026-10-08,已复读已取得证据,待核,方向待核·公告已发布
M085,申请资格,官方明确｜凡研究方向符合开放课题指南的研究人员（高级职称或博士学位获得者），均可根据课题指南提出申请，经本实验室学术委员会择优批准，获得课题基金资助。,https://ai.whut.edu.cn/kxyj/kyzx/202608/t20260831_1414539.shtml,2026-10-08,已复读已取得证据,待核,方向待核·公告已发布
M085,合作及访问,官方明确｜合作要求：‌申请人需与实验室至少1名固定研究人员联合申报；,https://ai.whut.edu.cn/kxyj/kyzx/202608/t20260831_1414539.shtml,2026-10-08,已复读已取得证据,待核,方向待核·公告已发布
M085,经费使用及外拨,官方明确｜经费在武汉理工大学账上，获批后一次性划拨至该校账上；获批者可来校报账或由实验室秘书协助。不能写成外拨至申请人单位。,https://ai.whut.edu.cn/kxyj/kyzx/202608/t20260831_1414539.shtml,2026-10-08,已复读已取得证据,待核,方向待核·公告已发布
M085,研究周期,官方明确｜基金课题执行期一般为两年，本次研究工作的起始时间为2027.1.1~2028.12.31。,https://ai.whut.edu.cn/kxyj/kyzx/202608/t20260831_1414539.shtml,2026-10-08,已复读已取得证据,待核,方向待核·公告已发布
M085,成果数量及署名,"官方明确｜5、 年度报告和结题要求 每年应在12月31日前将年度报告寄到实验室，申报课题必须按照申请内容及“年度进度报告”进度完成，对于基金使用不合理或者没有足够理由未能按进度完成计划的课题，实验室主任有权暂时中止或取消资助资金。
鼓励研究人员多投高水平国际期刊、中文期刊或国际学术会议论文，结题要求应符合以下论文发表指标的基本要求之一：
（1）中科院一区或CCF推荐A类国际国内期刊论文、CCF推荐A类国际学术会议论文1篇（会议论文指“Full paper”或“Regular paper”）；
（2）SCI检索期刊或CCF推荐国际国内期刊或国际学术会议论文2篇。
获本实验室资助课题所取得的研究成果归本实验室与课题承担人所在单位共同拥有。
（1）论文：应属“交通物联网技术湖北省重点实验室（武汉理工大学）”或Hubei Key Laboratory of Transportation Internet of Things(Wuhan University of Technology)为作者单位之一；
（3）鉴定成果：应明确标署“交通物联网技术湖北省重点实验室（武汉理工大学）”为该项目成果的主要完成单位之一；
（4）专利：申请单位应为武汉理工大学。",https://ai.whut.edu.cn/kxyj/kyzx/202608/t20260831_1414539.shtml,2026-10-08,已复读已取得证据,待核,方向待核·公告已发布
M085,知识产权,官方明确｜获本实验室资助课题所取得的研究成果归本实验室与课题承担人所在单位共同拥有。,https://ai.whut.edu.cn/kxyj/kyzx/202608/t20260831_1414539.shtml,2026-10-08,已复读已取得证据,待核,方向待核·公告已发布
M085,材料及提交方式,官方明确｜申请人从网址（https://ai.whut.edu.cn/）上下载并填写开放课题研究基金申请书，由所在单位同意、签署意见并加盖公章后，将申请表寄回交通物联网湖北省重点实验室（需提交一份电子版，二份纸质版本），电子版发送至：iot@whut.edu.cn，纸质版邮寄至：湖北省武汉市洪山区工大路学海楼524办公室郭老师收。,https://ai.whut.edu.cn/kxyj/kyzx/202608/t20260831_1414539.shtml,2026-10-08,已复读已取得证据,待核,方向待核·公告已发布
M161,实际任务筛选,保留｜液压传动及机电液系统控制；机械传动系统设计与动力学（工业控制与智能制造装备背景）,https://jxcd.wust.edu.cn/info/1201/3011.htm,2026-10-08,已复读已取得证据,保留,受理中·条件待核
M161,正式公告/指南,正式开放课题公告｜已复读原官方公告；附件缺口见条款列,https://jxcd.wust.edu.cn/info/1201/3011.htm,2026-10-08,已复读已取得证据,保留,受理中·条件待核
M161,截止日期,2026-11-15；北京时间时点：未公开/未取得,https://jxcd.wust.edu.cn/info/1201/3011.htm,2026-10-08,未核清/有缺口,保留,受理中·条件待核
M161,资助金额,重点3万元、一般2万元,https://jxcd.wust.edu.cn/info/1201/3011.htm,2026-10-08,已复读已取得证据,保留,受理中·条件待核
M161,申请资格,"官方明确｜相关领域科研人员，原则博士；
无高级职称且无博士者需1名高级同行推荐。
校外负责人优先。",https://jxcd.wust.edu.cn/info/1201/3011.htm,2026-10-08,已复读已取得证据,保留,受理中·条件待核
M161,合作及访问,"官方明确｜原则以校外人员为负责人、固定人员为组员共同参与；
论文原则需固定人员作作者。
鼓励访学交流。",https://jxcd.wust.edu.cn/info/1201/3011.htm,2026-10-08,已复读已取得证据,保留,受理中·条件待核
M161,经费使用及外拨,公开资料未载明｜已取得公开资料未载明经费使用及外拨的完整条款。,https://jxcd.wust.edu.cn/info/1201/3011.htm,2026-10-08,未核清/有缺口,保留,受理中·条件待核
M161,研究周期,官方明确｜2年：2027-01-01至2028-12-31。,https://jxcd.wust.edu.cn/info/1201/3011.htm,2026-10-08,已复读已取得证据,保留,受理中·条件待核
M161,成果数量及署名,"官方明确｜ESI工程学论文≥2篇，按该校期刊目录；
实验室为第1或第2单位；
原则有固定人员作作者并标注基金。",https://jxcd.wust.edu.cn/info/1201/3011.htm,2026-10-08,已复读已取得证据,保留,受理中·条件待核
M161,知识产权,公开资料未载明｜已取得公开资料未载明知识产权的完整条款。,https://jxcd.wust.edu.cn/info/1201/3011.htm,2026-10-08,未核清/有缺口,保留,受理中·条件待核
M161,材料及提交方式,"官方明确｜2026-11-15前无纸化申请，签字盖章PDF发pozhang@wust.edu.cn，获批签任务书；
张老师15623558895。
通知前段纸质2份与后段无纸化表述不一致，按当年材料要求优先，必要时确认。",https://jxcd.wust.edu.cn/info/1201/3011.htm,2026-10-08,已复读已取得证据,保留,受理中·条件待核
M029,实际任务筛选,保留｜机器人加工技能学习与自主控制；多机器人协同；人形机器人感知、灵巧操作与全身控制,https://imet.hust.edu.cn/info/1031/2870.htm,2026-10-08,已复读已取得证据,保留,受理中·条件待核
M029,正式公告/指南,正式开放课题公告｜已复读原官方公告；附件缺口见条款列,https://imet.hust.edu.cn/info/1031/2870.htm,2026-10-08,已复读已取得证据,保留,受理中·条件待核
M029,截止日期,2026-11-30；北京时间时点：未公开/未取得,https://imet.hust.edu.cn/info/1031/2870.htm,2026-10-08,未核清/有缺口,保留,受理中·条件待核
M029,资助金额,待核,https://imet.hust.edu.cn/info/1031/2870.htm,2026-10-08,未核清/有缺口,保留,受理中·条件待核
M029,申请资格,"官方明确｜在职科研人员，博士或副高及以上；
否则需2名副高及以上同行推荐；
实验室固定人员不能申请","https://imet.hust.edu.cn/info/1031/2870.htm
https://imet.hust.edu.cn/1.docx",2026-10-08,已复读已取得证据,保留,受理中·条件待核
M029,合作及访问,官方明确｜申请书课题组须包括至少1名实验室固定成员；负责人或主要人员原则上须到室短期交流，作为结题考核指标。,"https://imet.hust.edu.cn/info/1031/2870.htm
https://imet.hust.edu.cn/1.docx",2026-10-08,已复读已取得证据,保留,受理中·条件待核
M029,经费使用及外拨,已核条款（仍有缺口）｜开放课题专项经费纳入国库，按财政国库管理规定支付，由实验室统一管理；负责人和主要人员以访问学者（流动成员）身份研究。是否向申请人单位外拨及报销明细，公开附件未明确。,https://imet.hust.edu.cn/1.docx,2026-10-08,未核清/有缺口,保留,受理中·条件待核
M029,研究周期,官方明确｜一般2年；2027申请书标注2027年1月至2028年12月。,https://imet.hust.edu.cn/info/1031/2870.htm,2026-10-08,已复读已取得证据,保留,受理中·条件待核
M029,成果数量及署名,官方明确｜公开发表成果署名单位须含本实验室，仅在致谢中提及不认可；原则上须短期学术交流。申请书的SCI 2—4篇是考核指标示例，不能当作统一最低要求；具体指标须按获批任务书。,https://imet.hust.edu.cn/1.docx,2026-10-08,已复读已取得证据,保留,受理中·条件待核
M029,知识产权,官方明确｜开放课题研究成果知识产权归实验室与课题负责人共有。,https://imet.hust.edu.cn/1.docx,2026-10-08,已复读已取得证据,保留,受理中·条件待核
M029,材料及提交方式,"官方明确｜按2027附件模板填写申请书，单位盖章，申请表发imet@hust.edu.cn；
11-30前；
周佳卉/吴昊027-87559416。
公告未明示申请纸质份数，不推测",https://imet.hust.edu.cn/info/1031/2870.htm,2026-10-08,已复读已取得证据,保留,受理中·条件待核
M003,实际任务筛选,剔除｜第二批实际指南为磁共振、CT、介入与放疗临床验证及DR智能质控；未发布机器人感知、规划或控制任务。,https://www.shanghaitech.edu.cn/2026/0907/c1482a1126842/page.htm,2026-10-08,已复读已取得证据,剔除,已剔除·范围不符
M003,正式公告/指南,正式开放课题公告｜已复读原官方公告；附件缺口见条款列,https://www.shanghaitech.edu.cn/2026/0907/c1482a1126842/page.htm,2026-10-08,已复读已取得证据,剔除,已剔除·范围不符
M003,截止日期,2026-10-09；北京时间时点：18:00,https://www.shanghaitech.edu.cn/2026/0907/c1482a1126842/page.htm,2026-10-08,已复读已取得证据,剔除,已剔除·范围不符
M003,资助金额,"未在已取得的官方资料中确认；
需向实验室核实。",https://www.shanghaitech.edu.cn/2026/0907/c1482a1126842/page.htm,2026-10-08,已复读已取得证据,剔除,已剔除·范围不符
M003,申请资格,官方明确｜固定工作单位；申请内容有前期工作基础。,https://www.shanghaitech.edu.cn/2026/0907/c1482a1126842/page.htm,2026-10-08,已复读已取得证据,剔除,已剔除·范围不符
M003,合作及访问,官方明确｜须与本实验室固定成员合作申请；临床验证资源按所选方向落实。DR方向须不少于15家临床分中心。,https://www.shanghaitech.edu.cn/2026/0907/c1482a1126842/page.htm,2026-10-08,已复读已取得证据,剔除,已剔除·范围不符
M003,经费使用及外拨,公开资料未载明｜已取得公开资料未载明经费使用及外拨的完整条款。,https://www.shanghaitech.edu.cn/2026/0907/c1482a1126842/page.htm,2026-10-08,未核清/有缺口,剔除,已剔除·范围不符
M003,研究周期,官方明确｜不超过3年。,https://www.shanghaitech.edu.cn/2026/0907/c1482a1126842/page.htm,2026-10-08,已复读已取得证据,剔除,已剔除·范围不符
M003,成果数量及署名,官方明确｜（2）开展多中心队列对照研究，对比该成像技术与指南推荐常规影像学方案在缺血性卒中（尤其病因不明栓塞性卒中）病因分型中的诊断效能，实现技术成果临床规模化推广应用。,https://www.shanghaitech.edu.cn/2026/0907/c1482a1126842/page.htm,2026-10-08,已复读已取得证据,剔除,已剔除·范围不符
M003,知识产权,公开资料未载明｜已取得公开资料未载明知识产权的完整条款。,https://www.shanghaitech.edu.cn/2026/0907/c1482a1126842/page.htm,2026-10-08,未核清/有缺口,剔除,已剔除·范围不符
M003,材料及提交方式,官方明确｜2026-10-09 18:00前，所在单位同意签字盖章的PDF发research.bme@shanghaitech.edu.cn；主题：开放课题申请方向名称-姓名-单位。张老师zhangjf4@shanghaitech.edu.cn，021-20680814。,https://www.shanghaitech.edu.cn/2026/0907/c1482a1126842/page.htm,2026-10-08,已复读已取得证据,剔除,已剔除·范围不符
M162,实际任务筛选,剔除｜实际任务为脊柱脊髓损伤、再生修复与临床医学交叉；未列机器人或相关智能装备研究任务。,https://sci.tongji.edu.cn/info/1045/1499.htm,2026-10-08,已复读已取得证据,剔除,已剔除·范围不符
M162,正式公告/指南,正式开放课题公告｜已复读原官方公告；附件缺口见条款列,https://sci.tongji.edu.cn/info/1045/1499.htm,2026-10-08,已复读已取得证据,剔除,已剔除·范围不符
M162,截止日期,2026-11-15；北京时间时点：未公开/未取得,https://sci.tongji.edu.cn/info/1045/1499.htm,2026-10-08,未核清/有缺口,剔除,已剔除·范围不符
M162,资助金额,3—5万元,https://sci.tongji.edu.cn/info/1045/1499.htm,2026-10-08,已复读已取得证据,剔除,已剔除·范围不符
M162,申请资格,官方明确｜1. 凡高等院校、科研机构、医院及产业部门中具有博士学位或者中级技术及以上职称并从事脊柱脊髓损伤再生修复及相关领域的研究者均可申请开放研究基金；,"https://sci.tongji.edu.cn/info/1045/1499.htm
https://sci.tongji.edu.cn/system/_content/download.jsp?urltype=news.DownloadAttachUrl&owner=1678912988&wbfileid=18600825",2026-10-08,已复读已取得证据,剔除,已剔除·范围不符
M162,合作及访问,"官方明确｜可与本室在职科研人员联合申请，公告非强制；
医学AI选题实质需要临床数据与评价伙伴。","https://sci.tongji.edu.cn/info/1045/1499.htm
https://sci.tongji.edu.cn/system/_content/download.jsp?urltype=news.DownloadAttachUrl&owner=1678912988&wbfileid=18600825",2026-10-08,已复读已取得证据,剔除,已剔除·范围不符
M162,经费使用及外拨,"官方明确｜经费使用按脊柱脊髓损伤再生修复教育部重点实验室专项经费的使用管理条例执行。
6. 凡获批实验室开放基金的单位将在开题报告后一次性获批3万元，剩余2万元在审批通过后，凭发票报销。","https://sci.tongji.edu.cn/info/1045/1499.htm
https://sci.tongji.edu.cn/system/_content/download.jsp?urltype=news.DownloadAttachUrl&owner=1678912988&wbfileid=18600825",2026-10-08,已复读已取得证据,剔除,已剔除·范围不符
M162,研究周期,官方明确｜1. 对批准资助课题，资助期限一般为两年，每项开放课题的资助经费3-5万元人民币。,"https://sci.tongji.edu.cn/info/1045/1499.htm
https://sci.tongji.edu.cn/system/_content/download.jsp?urltype=news.DownloadAttachUrl&owner=1678912988&wbfileid=18600825",2026-10-08,已复读已取得证据,剔除,已剔除·范围不符
M162,成果数量及署名,"官方明确｜有可预期对实验室贡献的成果，同时应有较好的前期工作研究基础；
项目资助的研究成果须标注“同济大学脊柱脊髓损伤再生修复教育部重点实验室开放研究基金资助课题”字样(英文为：Supported by Key Laboratory of Spine and Spinal Cord Injury Repair and Regeneration (Tongji University), Ministry of Education (No.XXX).；
3. 开放基金资助的论文发表、专著出版和奖励申报等都应标注“同济大学脊柱脊髓损伤再生修复教育部重点实验室开放基金资助”和基金编号[ Supported by Key Laboratory of Spine and Spinal Cord Injury Repair and Regeneration (Tongji University), Ministry of Education (No.XXX). ］。
成果形式包括：正式发表论文、鉴定成果、获奖成果、国家重点科研项目资助证明（原创性探索类课题，应与被资助开放课题研究内容相关）、申请或已批准专利、相关社会和经济效益证明等（转化类课题，应与被转化类成果相关）。
5. 项目实施第一年7月份提交一份年度进展报告，第二年7月份提交结题报告。","https://sci.tongji.edu.cn/info/1045/1499.htm
https://sci.tongji.edu.cn/system/_content/download.jsp?urltype=news.DownloadAttachUrl&owner=1678912988&wbfileid=18600825",2026-10-08,已复读已取得证据,剔除,已剔除·范围不符
M162,知识产权,公开资料未载明｜已取得公开资料未载明知识产权的完整条款。,"https://sci.tongji.edu.cn/info/1045/1499.htm
https://sci.tongji.edu.cn/system/_content/download.jsp?urltype=news.DownloadAttachUrl&owner=1678912988&wbfileid=18600825",2026-10-08,未核清/有缺口,剔除,已剔除·范围不符
M162,材料及提交方式,"官方明确｜5. 申请者在实验室网站下载《脊柱脊髓损伤再生修复教育部重点实验室开放研究基金申请书》，并按要求填写，经所在单位同意并签署意见盖章后将纸质版和电子版提交脊柱脊髓损伤再生修复教育部重点实验室。
3. 课题申请书的电子文档发至如下地址：yangletao@tongji.edu.cn（阳乐涛,手机19359917861）。
课题获批后，请并将一式四份的纸质申请书签字盖章用邮政特快专递邮寄到如下地址：","https://sci.tongji.edu.cn/info/1045/1499.htm
https://sci.tongji.edu.cn/system/_content/download.jsp?urltype=news.DownloadAttachUrl&owner=1678912988&wbfileid=18600825",2026-10-08,已复读已取得证据,剔除,已剔除·范围不符
M142,实际任务筛选,保留｜柔性电子与纺织具身智能；机器视觉与纺织AI智能检测（须服务纺织研究）,https://cmt.zstu.edu.cn/info/1085/5683.htm,2026-10-08,已复读已取得证据,保留,受理中·条件待核
M142,正式公告/指南,正式开放课题公告｜已复读原官方公告；附件缺口见条款列,https://cmt.zstu.edu.cn/info/1085/5683.htm,2026-10-08,已复读已取得证据,保留,受理中·条件待核
M142,截止日期,2026-10-15；北京时间时点：未公开/未取得,https://cmt.zstu.edu.cn/info/1085/5683.htm,2026-10-08,未核清/有缺口,保留,受理中·条件待核
M142,资助金额,一般1—2万元,https://cmt.zstu.edu.cn/info/1085/5683.htm,2026-10-08,已复读已取得证据,保留,受理中·条件待核
M142,申请资格,"官方明确｜第一申请人必须校外；
博士或高级职称，否则两名正高同行推荐。
需在材料/纺织相关方向取得研究基础，选题必须服务纺织。",https://cmt.zstu.edu.cn/info/1085/5683.htm,2026-10-08,已复读已取得证据,保留,受理中·条件待核
M142,合作及访问,官方明确｜项目组至少1位实验室成员。,https://cmt.zstu.edu.cn/info/1085/5683.htm,2026-10-08,已复读已取得证据,保留,受理中·条件待核
M142,经费使用及外拨,"官方明确｜经费实验室统一管理，发票开浙江理工大学，由校内成员报销；
不允许管理费。
材料、测试、加工和部分差旅可支出，购置设备与剩余材料归实验室。
外拨未明示，不写可外拨。",https://cmt.zstu.edu.cn/info/1085/5683.htm,2026-10-08,已复读已取得证据,保留,受理中·条件待核
M142,研究周期,官方明确｜一般1年。,https://cmt.zstu.edu.cn/info/1085/5683.htm,2026-10-08,已复读已取得证据,保留,受理中·条件待核
M142,成果数量及署名,"官方明确｜第一作者或通讯作者发表/录用EI及以上期刊1篇；
论文第一单位须实验室且基金标注；
中期和结题报告。",https://cmt.zstu.edu.cn/info/1085/5683.htm,2026-10-08,已复读已取得证据,保留,受理中·条件待核
M142,知识产权,"已核条款（仍有缺口）｜未明确成果知识产权权属；
设备归属不等于知识产权，须确认。",https://cmt.zstu.edu.cn/info/1085/5683.htm,2026-10-08,未核清/有缺口,保留,受理中·条件待核
M142,材料及提交方式,"官方明确｜2026-10-15前申请书纸质2份、单位签署意见，并发电子版lixianglong@zstu.edu.cn；
李老师15700191371，浙江理工17号楼631室。",https://cmt.zstu.edu.cn/info/1085/5683.htm,2026-10-08,已复读已取得证据,保留,受理中·条件待核
M026,实际任务筛选,保留｜电液系统集成与控制；智能机电系统动力学建模、多源感知融合、先进检测与控制,http://sklofp.zju.edu.cn/skl/2026/0826/c28018a3196930/page.htm,2026-10-08,已复读已取得证据,保留,受理中·条件待核
M026,正式公告/指南,正式开放课题公告｜已复读原官方公告；附件缺口见条款列,http://sklofp.zju.edu.cn/skl/2026/0826/c28018a3196930/page.htm,2026-10-08,已复读已取得证据,保留,受理中·条件待核
M026,截止日期,2026-10-31；北京时间时点：未公开/未取得,http://sklofp.zju.edu.cn/skl/2026/0826/c28018a3196930/page.htm,2026-10-08,未核清/有缺口,保留,受理中·条件待核
M026,资助金额,5—8万元,http://sklofp.zju.edu.cn/skl/2026/0826/c28018a3196930/page.htm,2026-10-08,已复读已取得证据,保留,受理中·条件待核
M026,申请资格,"官方明确｜非浙江大学的博士或副高及以上海内外学者；
已有本室在研基金不得重复申请（滚动除外）；
每人最多获批2次。
C9/985为鼓励，不是排除南信大的条件。","http://sklofp.zju.edu.cn/skl/2026/0826/c28018a3196930/page.htm
http://sklofp.zju.edu.cn/_upload/article/files/e9/a7/bd63db874506815cd673992ee370/b55bb798-5992-4075-9ff3-16e4439d3fc7.docx",2026-10-08,已复读已取得证据,保留,受理中·条件待核
M026,合作及访问,"官方明确｜本室成员联合优先；
仅海外研究人员必须本室成员联合，国内申请不应被套用此硬性要求。
执行期参加实验室学术会议。","http://sklofp.zju.edu.cn/skl/2026/0826/c28018a3196930/page.htm
http://sklofp.zju.edu.cn/_upload/article/files/e9/a7/bd63db874506815cd673992ee370/35f774d5-9fc8-43c4-a8ba-1b7b957ba8e0.docx",2026-10-08,已复读已取得证据,保留,受理中·条件待核
M026,经费使用及外拨,"已核条款（仍有缺口）｜按进展决定后续经费拨付；
指南和2026管理办法未明确是否拨到申请人单位及使用明细，须确认。","http://sklofp.zju.edu.cn/skl/2026/0826/c28018a3196930/page.htm
http://sklofp.zju.edu.cn/_upload/article/files/e9/a7/bd63db874506815cd673992ee370/b55bb798-5992-4075-9ff3-16e4439d3fc7.docx",2026-10-08,未核清/有缺口,保留,受理中·条件待核
M026,研究周期,官方明确｜2年。,"http://sklofp.zju.edu.cn/skl/2026/0826/c28018a3196930/page.htm
http://sklofp.zju.edu.cn/_upload/article/files/e9/a7/bd63db874506815cd673992ee370/b55bb798-5992-4075-9ff3-16e4439d3fc7.docx",2026-10-08,已复读已取得证据,保留,受理中·条件待核
M026,成果数量及署名,"官方明确｜本人第一或通讯作者，实验室至少第二署名单位，标基金；
年度和结题报告。
数量按申请书预期指标，未统一最低篇数。","http://sklofp.zju.edu.cn/skl/2026/0826/c28018a3196930/page.htm
http://sklofp.zju.edu.cn/_upload/article/files/e9/a7/bd63db874506815cd673992ee370/35f774d5-9fc8-43c4-a8ba-1b7b957ba8e0.docx",2026-10-08,已复读已取得证据,保留,受理中·条件待核
M026,知识产权,"官方明确｜成果实验室、申请者及所在单位共享；
具体专利权属和转化比例须协议确认。","http://sklofp.zju.edu.cn/skl/2026/0826/c28018a3196930/page.htm
http://sklofp.zju.edu.cn/_upload/article/files/e9/a7/bd63db874506815cd673992ee370/b55bb798-5992-4075-9ff3-16e4439d3fc7.docx",2026-10-08,已复读已取得证据,保留,受理中·条件待核
M026,材料及提交方式,"官方明确｜2026-10-31前，单位推荐盖章申请书纸质3份和电子版，wgc111@zju.edu.cn；
韦国春0571-87952274；
浙江大学紫金港开物苑5号楼311室。","http://sklofp.zju.edu.cn/skl/2026/0826/c28018a3196930/page.htm
http://sklofp.zju.edu.cn/_upload/article/files/e9/a7/bd63db874506815cd673992ee370/b55bb798-5992-4075-9ff3-16e4439d3fc7.docx",2026-10-08,已复读已取得证据,保留,受理中·条件待核
M078,实际任务筛选,保留｜具身智能导航与灵巧操作；医疗机器人力触觉反馈与人机协同；特种机器人,https://dqxylib.szut.edu.cn/info/1016/27682.htm,2026-10-08,已复读已取得证据,保留,受理中·条件待核
M078,正式公告/指南,正式开放课题公告｜已复读原官方公告；附件缺口见条款列,https://dqxylib.szut.edu.cn/info/1016/27682.htm,2026-10-08,已复读已取得证据,保留,受理中·条件待核
M078,截止日期,2026-10-31；北京时间时点：未公开/未取得,https://dqxylib.szut.edu.cn/info/1016/27682.htm,2026-10-08,未核清/有缺口,保留,受理中·条件待核
M078,资助金额,1—3万元,https://dqxylib.szut.edu.cn/info/1016/27682.htm,2026-10-08,已复读已取得证据,保留,受理中·条件待核
M078,申请资格,"官方明确｜实验室外科研人员，博士或中级以上职称；
须独立或牵头完成任务；
在研本室课题不得重复申报。
一般≤40岁为鼓励条件。","https://dqxylib.szut.edu.cn/info/1016/27682.htm
https://dqxylib.szut.edu.cn/system/_content/download.jsp?urltype=news.DownloadAttachUrl&owner=1509387108&wbfileid=50E8BCEADE3AB9CBC5E7E0BD74C6A514",2026-10-08,已复读已取得证据,保留,受理中·条件待核
M078,合作及访问,官方明确｜须联合实验室固定研究人员申报。,https://dqxylib.szut.edu.cn/info/1016/27682.htm,2026-10-08,已复读已取得证据,保留,受理中·条件待核
M078,经费使用及外拨,"已核条款（仍有缺口）｜按苏州工学院财务规定，用于设备、业务、知识产权等；
公告未明确是否外拨，须确认。","https://dqxylib.szut.edu.cn/info/1016/27682.htm
https://dqxylib.szut.edu.cn/system/_content/download.jsp?urltype=news.DownloadAttachUrl&owner=1509387108&wbfileid=50E8BCEADE3AB9CBC5E7E0BD74C6A514",2026-10-08,未核清/有缺口,保留,受理中·条件待核
M078,研究周期,官方明确｜不超过12个月。,https://dqxylib.szut.edu.cn/info/1016/27682.htm,2026-10-08,已复读已取得证据,保留,受理中·条件待核
M078,成果数量及署名,"官方明确｜论文、授权专利/软著等具体形式和数量按管理办法或任务书。
须标注课题资助，第一作者或通讯作者的单位中须有实验室名称，不限完成单位排序。
提交结题报告并验收。",https://dqxylib.szut.edu.cn/info/1016/27682.htm,2026-10-08,已复读已取得证据,保留,受理中·条件待核
M078,知识产权,"已核条款（仍有缺口）｜公告未明确权属；
须管理办法/合同确认。","https://dqxylib.szut.edu.cn/info/1016/27682.htm
https://dqxylib.szut.edu.cn/system/_content/download.jsp?urltype=news.DownloadAttachUrl&owner=1509387108&wbfileid=50E8BCEADE3AB9CBC5E7E0BD74C6A514",2026-10-08,未核清/有缺口,保留,受理中·条件待核
M078,材料及提交方式,官方明确｜2026-10-31前，单位签署意见盖公章、负责人签章申请书电子版发liqiaoshan@szut.edu.cn。,"https://dqxylib.szut.edu.cn/info/1016/27682.htm
https://dqxylib.szut.edu.cn/system/_content/download.jsp?urltype=news.DownloadAttachUrl&owner=1509387108&wbfileid=50E8BCEADE3AB9CBC5E7E0BD74C6A514",2026-10-08,已复读已取得证据,保留,受理中·条件待核
M077,实际任务筛选,保留｜视觉—语言—动作模型、机器人灵巧操作与自主导航；多机器人、多无人系统协同,https://future.suda.edu.cn/e8/2a/c30836a714794/page.htm,2026-10-08,已复读已取得证据,保留,受理中·条件待核
M077,正式公告/指南,正式开放课题公告｜已复读原官方公告；附件缺口见条款列,https://future.suda.edu.cn/e8/2a/c30836a714794/page.htm,2026-10-08,已复读已取得证据,保留,受理中·条件待核
M077,截止日期,2026-11-10；北京时间时点：未公开/未取得,https://future.suda.edu.cn/e8/2a/c30836a714794/page.htm,2026-10-08,未核清/有缺口,保留,受理中·条件待核
M077,资助金额,0.5万元/项,https://future.suda.edu.cn/e8/2a/c30836a714794/page.htm,2026-10-08,已复读已取得证据,保留,受理中·条件待核
M077,申请资格,"官方明确｜副高及以上；
或中级职称并由高级专家推荐",https://future.suda.edu.cn/e8/2a/c30836a714794/page.htm,2026-10-08,已复读已取得证据,保留,受理中·条件待核
M077,合作及访问,公开资料未载明｜已取得公开资料未载明合作及访问的完整条款。,https://future.suda.edu.cn/e8/2a/c30836a714794/page.htm,2026-10-08,未核清/有缺口,保留,受理中·条件待核
M077,经费使用及外拨,官方明确｜开放课题经费主要用于支付研究人员在开放课题研究过程中所发生的费用，各项开支遵守主管部门关于重点实验室开放课题经费的管理规定及苏州大学的财务规章制度。,https://future.suda.edu.cn/e8/2a/c30836a714794/page.htm,2026-10-08,已复读已取得证据,保留,受理中·条件待核
M077,研究周期,官方明确｜2年,https://future.suda.edu.cn/e8/2a/c30836a714794/page.htm,2026-10-08,已复读已取得证据,保留,受理中·条件待核
M077,成果数量及署名,"官方明确｜至少3篇规定论文（SCI或CCF推荐国际会议/指定中文刊）；
实验室作为第一作者单位，标资助编号",https://future.suda.edu.cn/e8/2a/c30836a714794/page.htm,2026-10-08,已复读已取得证据,保留,受理中·条件待核
M077,知识产权,官方明确｜成果/知识产权与实验室共享,https://future.suda.edu.cn/e8/2a/c30836a714794/page.htm,2026-10-08,已复读已取得证据,保留,受理中·条件待核
M077,材料及提交方式,"官方明确｜请将纸质申请书一式三份寄到： 地址：苏州市吴江区久泳西路1号苏州大学（未来校区）
除纸质申请书外，请将申请书电子文档email至：ycli96@suda.edu.cn 并标注【重点实验室开放课题申请】
邮 箱：ycli96@suda.edu.cn",https://future.suda.edu.cn/e8/2a/c30836a714794/page.htm,2026-10-08,已复读已取得证据,保留,受理中·条件待核
M041,实际任务筛选,待核｜公告资助脑启发感知、认知、芯片及示范系统，但未明确机器人验证对象；需确认机器人感知或具身任务是否属于本期范围。,https://institution.ustc.edu.cn/BIPCLab/zh_CN/article/994106/content/5479.htm,2026-10-08,未核清/有缺口,待核,方向待核·公告已发布
M041,正式公告/指南,正式开放课题公告｜已复读原官方公告；附件缺口见条款列,https://institution.ustc.edu.cn/BIPCLab/zh_CN/article/994106/content/5479.htm,2026-10-08,已复读已取得证据,待核,方向待核·公告已发布
M041,截止日期,2026-10-31；北京时间时点：未公开/未取得,https://institution.ustc.edu.cn/BIPCLab/zh_CN/article/994106/content/5479.htm,2026-10-08,未核清/有缺口,待核,方向待核·公告已发布
M041,资助金额,5万元/项,https://institution.ustc.edu.cn/BIPCLab/zh_CN/article/994106/content/5479.htm,2026-10-08,已复读已取得证据,待核,方向待核·公告已发布
M041,申请资格,"官方明确｜博士学历或副高及以上；
年龄不超过40周岁；
校外优先；
每人1项、每单位最多2项；
成员不能同时参与2项以上","https://institution.ustc.edu.cn/BIPCLab/zh_CN/article/994106/content/5479.htm
https://institution.ustc.edu.cn/system/resource/tsites/download.jsp?ap=jswzfj&fl=jeUbqmVvyQne&uid=26977&fid=83A8D1A74FAA46BCB0C268B172083B7B",2026-10-08,已复读已取得证据,待核,方向待核·公告已发布
M041,合作及访问,"官方明确｜资助后设实验室内部项目联系人；
正文未规定申报前必须固定合作者",https://institution.ustc.edu.cn/BIPCLab/zh_CN/article/994106/content/5479.htm,2026-10-08,已复读已取得证据,待核,方向待核·公告已发布
M041,经费使用及外拨,官方明确｜不外拨，由中国科学技术大学按财务规定报销,"https://institution.ustc.edu.cn/BIPCLab/zh_CN/article/994106/content/5479.htm
https://institution.ustc.edu.cn/system/resource/tsites/download.jsp?ap=jswzfj&fl=jeUbqmVvyQne&uid=26977&fid=83A8D1A74FAA46BCB0C268B172083B7B",2026-10-08,已复读已取得证据,待核,方向待核·公告已发布
M041,研究周期,官方明确｜1—2年,https://institution.ustc.edu.cn/BIPCLab/zh_CN/article/994106/content/5479.htm,2026-10-08,已复读已取得证据,待核,方向待核·公告已发布
M041,成果数量及署名,"官方明确｜六、年度报告和结题要求 1. 受资助课题应按年度提交进展报告，见附件3，对于没有充足理由未能按进度完成研究计划的课题，实验室主任有权暂时中止或取消资助资金。
(1) 结题报告，见附件4；
4. 在本实验室开放课题资助下，所取得的研究成果归本实验室和项目负责人所在单位共同所有，本实验室应作为署名单位。
中文标注“中国科学技术大学脑启发智能感知与认知教育部重点实验室”，英文标注“MoE Key Laboratory of Brain-inspired Intelligent Perception and Cognition, University of Science and Technology of China”。
附件4 脑启发智能感知与认知教育部重点实验室-开放课题结题报告.doc",https://institution.ustc.edu.cn/BIPCLab/zh_CN/article/994106/content/5479.htm,2026-10-08,已复读已取得证据,待核,方向待核·公告已发布
M041,知识产权,官方明确｜知识产权由实验室与申请人所在单位共同拥有,"https://institution.ustc.edu.cn/BIPCLab/zh_CN/article/994106/content/5479.htm
https://institution.ustc.edu.cn/system/resource/tsites/download.jsp?ap=jswzfj&fl=jeUbqmVvyQne&uid=26977&fid=83A8D1A74FAA46BCB0C268B172083B7B",2026-10-08,已复读已取得证据,待核,方向待核·公告已发布
M041,材料及提交方式,"官方明确｜签字盖章申请书纸质4份及电子版niant209@ustc.edu.cn；
年度指南要求按附件格式","https://institution.ustc.edu.cn/BIPCLab/zh_CN/article/994106/content/5479.htm
https://institution.ustc.edu.cn/system/resource/tsites/download.jsp?ap=jswzfj&fl=jeUbqmVvyQne&uid=26977&fid=83A8D1A74FAA46BCB0C268B172083B7B",2026-10-08,已复读已取得证据,待核,方向待核·公告已发布
M114,实际任务筛选,保留｜爬壁机器人负压吸附、曲面作业与控制（截止日当天时点待确认）,https://bridge.swjtu.edu.cn/info/1066/8471.htm,2026-10-08,未核清/有缺口,保留,截止待确认
M114,正式公告/指南,正式开放课题公告｜已复读原官方公告；附件缺口见条款列,https://bridge.swjtu.edu.cn/info/1066/8471.htm,2026-10-08,已复读已取得证据,保留,截止待确认
M114,截止日期,2026-10-08；北京时间时点：未公开/未取得,https://bridge.swjtu.edu.cn/info/1066/8471.htm,2026-10-08,未核清/有缺口,保留,截止待确认
M114,资助金额,A类20万元；B类15万元；C类10万元,https://bridge.swjtu.edu.cn/info/1066/8471.htm,2026-10-08,已复读已取得证据,保留,截止待确认
M114,申请资格,"官方明确｜本年度通知要求主持人一般高级职称；
无高级职称需2名正高推荐；
本室在研未结题负责人不得申报。
通用办法写博士或副高，存在口径差异，博士但无高级职称者须问是否仍需推荐。","https://bridge.swjtu.edu.cn/info/1066/8471.htm
https://bridge.swjtu.edu.cn/system/_content/download.jsp?urltype=news.DownloadAttachUrl&owner=2032271566&wbfileid=0FB163E2F98C3D524A0F981EAF70F123",2026-10-08,已复读已取得证据,保留,截止待确认
M114,合作及访问,"官方明确｜公告未规定强制固定人员合作，实验室指定课题专员管理；
爬壁机器人实物与桥梁场景需合作方提供条件。",https://bridge.swjtu.edu.cn/info/1066/8471.htm,2026-10-08,已复读已取得证据,保留,截止待确认
M114,经费使用及外拨,"已核条款（仍有缺口）｜根据合同付款方式和进度分批拨至项目负责人所在单位；
专款专用，可结转。
直接费允许材料、测试加工、动力、出版信息知识产权等，具体合同预算须确认。","https://bridge.swjtu.edu.cn/info/1066/8471.htm
https://bridge.swjtu.edu.cn/system/_content/download.jsp?urltype=news.DownloadAttachUrl&owner=2032271566&wbfileid=0FB163E2F98C3D524A0F981EAF70F123",2026-10-08,未核清/有缺口,保留,截止待确认
M114,研究周期,"官方明确｜一般2年，特殊可至3年；
具体依合同。","https://bridge.swjtu.edu.cn/info/1066/8471.htm
https://bridge.swjtu.edu.cn/system/_content/download.jsp?urltype=news.DownloadAttachUrl&owner=2032271566&wbfileid=0FB163E2F98C3D524A0F981EAF70F123",2026-10-08,已复读已取得证据,保留,截止待确认
M114,成果数量及署名,"官方明确｜选桥墩桥塔重载负压爬壁机器人：SCI/EI论文2篇、申请发明专利1项；
还须完成指南列明吸附动力学、运动协同、安全处置与模拟壁面验证任务。
第一作者或通讯作者第一单位须实验室。","https://bridge.swjtu.edu.cn/info/1066/8471.htm
https://bridge.swjtu.edu.cn/system/_content/download.jsp?urltype=news.DownloadAttachUrl&owner=2032271566&wbfileid=0FB163E2F98C3D524A0F981EAF70F123",2026-10-08,已复读已取得证据,保留,截止待确认
M114,知识产权,"官方明确｜成果双方共有或按合同；
知识产权申请须把实验室依托单位列第一完成单位共同申请人。","https://bridge.swjtu.edu.cn/info/1066/8471.htm
https://bridge.swjtu.edu.cn/system/_content/download.jsp?urltype=news.DownloadAttachUrl&owner=2032271566&wbfileid=0FB163E2F98C3D524A0F981EAF70F123",2026-10-08,已复读已取得证据,保留,截止待确认
M114,材料及提交方式,"官方明确｜2026-10-08截止，邮寄以寄出日为准。
签字盖章纸质原件2份、Word和扫描件。
爬壁机器人方向寄武汉汉阳四新大道6号桥梁科技大厦，张老师18971002721，11106345@qq.com。","https://bridge.swjtu.edu.cn/info/1066/8471.htm
https://bridge.swjtu.edu.cn/system/_content/download.jsp?urltype=news.DownloadAttachUrl&owner=2032271566&wbfileid=0FB163E2F98C3D524A0F981EAF70F123",2026-10-08,已复读已取得证据,保留,截止待确认
M043,实际任务筛选,保留｜微型机器人及微纳执行器、精密定位（截止日当天时点待确认）,https://www.nuc.edu.cn/info/1014/62493.htm,2026-10-08,未核清/有缺口,保留,截止待确认
M043,正式公告/指南,正式开放课题公告｜已复读原官方公告；附件缺口见条款列,https://www.nuc.edu.cn/info/1014/62493.htm,2026-10-08,已复读已取得证据,保留,截止待确认
M043,截止日期,2026-10-08；北京时间时点：未公开/未取得,https://www.nuc.edu.cn/info/1014/62493.htm,2026-10-08,未核清/有缺口,保留,截止待确认
M043,资助金额,2—4万元,https://www.nuc.edu.cn/info/1014/62493.htm,2026-10-08,已复读已取得证据,保留,截止待确认
M043,申请资格,"官方明确｜国内外中级及以上科研工作者；
同年申请人仅1项。",https://www.nuc.edu.cn/info/1014/62493.htm,2026-10-08,已复读已取得证据,保留,截止待确认
M043,合作及访问,"官方明确｜与固定成员联合优先；
执行期至少1次国内外相关会议、1次到实验室学术交流。",https://www.nuc.edu.cn/info/1014/62493.htm,2026-10-08,已复读已取得证据,保留,截止待确认
M043,经费使用及外拨,公开资料未载明｜已取得公开资料未载明经费使用及外拨的完整条款。,https://www.nuc.edu.cn/info/1014/62493.htm,2026-10-08,未核清/有缺口,保留,截止待确认
M043,研究周期,官方明确｜1、本年度开放基金课题研究经费为2~4万元，执行周期为2026.10-2028.10。,https://www.nuc.edu.cn/info/1014/62493.htm,2026-10-08,已复读已取得证据,保留,截止待确认
M043,成果数量及署名,"官方明确｜按中北大学论文类别：A2及以上至少1篇，或B类及以上至少2篇；
本室第一标注单位；
结题成果必须相关。",https://www.nuc.edu.cn/info/1014/62493.htm,2026-10-08,已复读已取得证据,保留,截止待确认
M043,知识产权,公开资料未载明｜已取得公开资料未载明知识产权的完整条款。,https://www.nuc.edu.cn/info/1014/62493.htm,2026-10-08,未核清/有缺口,保留,截止待确认
M043,材料及提交方式,"官方明确｜3、申请人根据实验室开放基金课题资助方向填写微纳器件与系统教育部重点实验室开放基金课题申请书（格式要求见附件），经所在单位同意并签字盖章后，向本实验室提出申请。
2026年度开放基金课题申请书受理日期为2026年9月24日-10月8日，提交纸质版申请材料一式三份提交至微纳器件与系统教育部重点实验室（山西省太原市学院路3号中北大学），同时提交电子版申请书（签字盖章扫描版）至邮箱。
六、联系人和联系方法
邮件地址：lnzhang0810@163.com",https://www.nuc.edu.cn/info/1014/62493.htm,2026-10-08,已复读已取得证据,保留,截止待确认
M068,实际任务筛选,保留｜机器人机械臂抓取、路径规划与自主导航（截止日当天时点待确认）,https://www.nuc.edu.cn/info/1014/62433.htm,2026-10-08,未核清/有缺口,保留,截止待确认
M068,正式公告/指南,正式开放课题公告｜已复读原官方公告；附件缺口见条款列,https://www.nuc.edu.cn/info/1014/62433.htm,2026-10-08,已复读已取得证据,保留,截止待确认
M068,截止日期,2026-10-08；北京时间时点：未公开/未取得,https://www.nuc.edu.cn/info/1014/62433.htm,2026-10-08,未核清/有缺口,保留,截止待确认
M068,资助金额,一般2万元；重点4万元,https://www.nuc.edu.cn/info/1014/62433.htm,2026-10-08,已复读已取得证据,保留,截止待确认
M068,申请资格,官方明确｜高级职称或相关学科博士学位（正文为“高级”，不擅自改成仅正高）,https://www.nuc.edu.cn/info/1014/62433.htm,2026-10-08,已复读已取得证据,保留,截止待确认
M068,合作及访问,"官方明确｜成果作者必须至少1名固定研究人员；
申请正文未写必须联合申报",https://www.nuc.edu.cn/info/1014/62433.htm,2026-10-08,已复读已取得证据,保留,截止待确认
M068,经费使用及外拨,"官方明确｜报销经办公室审核、主任和负责人签字；
明确实验室报销流程，外拨未明示",https://www.nuc.edu.cn/info/1014/62433.htm,2026-10-08,已复读已取得证据,保留,截止待确认
M068,研究周期,官方明确｜2026-09-01—2028-08-31（2年）,https://www.nuc.edu.cn/info/1014/62433.htm,2026-10-08,已复读已取得证据,保留,截止待确认
M068,成果数量及署名,"官方明确｜一般≥1篇SCI中科院大类二区/CCF B；
重点≥1篇SCI一区/CCF A；
本人第一或通讯，实验室第一完成单位，至少1名固定人员作者，并标基金447-110103",https://www.nuc.edu.cn/info/1014/62433.htm,2026-10-08,已复读已取得证据,保留,截止待确认
M068,知识产权,公开资料未载明｜已取得公开资料未载明知识产权的完整条款。,https://www.nuc.edu.cn/info/1014/62433.htm,2026-10-08,未核清/有缺口,保留,截止待确认
M068,材料及提交方式,"官方明确｜电子申请书hhy980344@163.com +纸质2份；
韩慧妍13703516841，太原学院路3号软件实验大楼508；
截止10-08",https://www.nuc.edu.cn/info/1014/62433.htm,2026-10-08,已复读已取得证据,保留,截止待确认
M106,实际任务筛选,保留｜无人平台智能探测与多源感知（截止日当天时点待确认）,https://www.nuc.edu.cn/info/1014/62583.htm,2026-10-08,未核清/有缺口,保留,截止待确认
M106,正式公告/指南,正式开放课题公告｜已复读原官方公告；附件缺口见条款列,https://www.nuc.edu.cn/info/1014/62583.htm,2026-10-08,已复读已取得证据,保留,截止待确认
M106,截止日期,2026-10-08；北京时间时点：未公开/未取得,https://www.nuc.edu.cn/info/1014/62583.htm,2026-10-08,未核清/有缺口,保留,截止待确认
M106,资助金额,2—4万元,https://www.nuc.edu.cn/info/1014/62583.htm,2026-10-08,已复读已取得证据,保留,截止待确认
M106,申请资格,"官方明确｜国内中级以上；
副高及以上或博士且中级可直接申请，其他须两名高级专家推荐；
同年1项。",https://www.nuc.edu.cn/info/1014/62583.htm,2026-10-08,已复读已取得证据,保留,截止待确认
M106,合作及访问,"官方明确｜联合固定人员优先，非公告硬性申请条件；
发表成果须至少1名本室固定人员署名。",https://www.nuc.edu.cn/info/1014/62583.htm,2026-10-08,已复读已取得证据,保留,截止待确认
M106,经费使用及外拨,"官方明确｜仅中北大学财务结算，不外拨。
可报差旅、材料、服务器租赁、版面、专利、试验等。",https://www.nuc.edu.cn/info/1014/62583.htm,2026-10-08,已复读已取得证据,保留,截止待确认
M106,研究周期,官方明确｜2年，2026年10月—2028年10月。,https://www.nuc.edu.cn/info/1014/62583.htm,2026-10-08,已复读已取得证据,保留,截止待确认
M106,成果数量及署名,"官方明确｜SCI二区及以上1篇或三区2篇；
同时署本人单位和本室，至少1名本室固定人员作作者；
结题报告。",https://www.nuc.edu.cn/info/1014/62583.htm,2026-10-08,已复读已取得证据,保留,截止待确认
M106,知识产权,公开资料未载明｜已取得公开资料未载明知识产权的完整条款。,https://www.nuc.edu.cn/info/1014/62583.htm,2026-10-08,未核清/有缺口,保留,截止待确认
M106,材料及提交方式,"官方明确｜申请书单位同意签字盖章，电子1份+纸质3份；
guhao@nuc.edu.cn；
顾灏18435119916；
太原学院路3号；
10-08前",https://www.nuc.edu.cn/info/1014/62583.htm,2026-10-08,已复读已取得证据,保留,截止待确认
M035,实际任务筛选,保留｜机器人遥操作、双臂操作与人机协同（截止日当天时点待确认）,https://klip-humaco.sist.shanghaitech.edu.cn/2026/0914/c14914a1126983/page.htm,2026-10-08,未核清/有缺口,保留,截止待确认
M035,正式公告/指南,正式开放课题公告｜已复读原官方公告；附件缺口见条款列,https://klip-humaco.sist.shanghaitech.edu.cn/2026/0914/c14914a1126983/page.htm,2026-10-08,已复读已取得证据,保留,截止待确认
M035,截止日期,2026-10-08；北京时间时点：未公开/未取得,https://klip-humaco.sist.shanghaitech.edu.cn/2026/0914/c14914a1126983/page.htm,2026-10-08,未核清/有缺口,保留,截止待确认
M035,资助金额,待核,https://klip-humaco.sist.shanghaitech.edu.cn/2026/0914/c14914a1126983/page.htm,2026-10-08,未核清/有缺口,保留,截止待确认
M035,申请资格,"官方明确｜非本实验室固定人员；
博士学历或副高及以上；
须有基础研究经历。
同年仅申请1项、在研仅限1项。",https://klip-humaco.sist.shanghaitech.edu.cn/2026/0914/c14914a1126983/page.htm,2026-10-08,已复读已取得证据,保留,截止待确认
M035,合作及访问,官方明确｜须联合至少1名实验室固定人员。,https://klip-humaco.sist.shanghaitech.edu.cn/2026/0914/c14914a1126983/page.htm,2026-10-08,已复读已取得证据,保留,截止待确认
M035,经费使用及外拨,公开资料未载明｜已取得公告没有经费外拨或报销范围的具体条款；须取得管理办法或任务书，不能只写“官方明确”。,https://klip-humaco.sist.shanghaitech.edu.cn/2026/0914/c14914a1126983/page.htm,2026-10-08,未核清/有缺口,保留,截止待确认
M035,研究周期,官方明确｜2年：2027-01-01至2028-12-31。,https://klip-humaco.sist.shanghaitech.edu.cn/2026/0914/c14914a1126983/page.htm,2026-10-08,已复读已取得证据,保留,截止待确认
M035,成果数量及署名,"已核条款（仍有缺口）｜公告未公布统一论文/专利数量与署名细则；
须取得任务书确认。
获批后1个月内提交签字盖章计划任务书4份。",https://klip-humaco.sist.shanghaitech.edu.cn/2026/0914/c14914a1126983/page.htm,2026-10-08,未核清/有缺口,保留,截止待确认
M035,知识产权,"已核条款（仍有缺口）｜公告未明确知识产权归属；
须取得管理办法或合同确认。",https://klip-humaco.sist.shanghaitech.edu.cn/2026/0914/c14914a1126983/page.htm,2026-10-08,未核清/有缺口,保留,截止待确认
M035,材料及提交方式,"官方明确｜2026-10-08前，经所在单位同意并签署意见的申请书发送stu_keylab.sist@shanghaitech.edu.cn；
彭老师021-20685748。
获批后另寄任务书4份。
公告未写截止时点。",https://klip-humaco.sist.shanghaitech.edu.cn/2026/0914/c14914a1126983/page.htm,2026-10-08,已复读已取得证据,保留,截止待确认
M194,实际任务筛选,待核｜仅有实验室及开放基金线索；当期任务与机器人联系未核实，须取得正式指南。,https://vlssm.nju.edu.cn/ad/6d/c22710a830829/page.htm,2026-10-08,未核清/有缺口,待核,方向及窗口待核
M194,正式公告/指南,线索｜完整指南或本期公告未取得/待核,https://vlssm.nju.edu.cn/ad/6d/c22710a830829/page.htm,2026-10-08,未核清/有缺口,待核,方向及窗口待核
M194,截止日期,未取得；北京时间时点：未公开/未取得,https://vlssm.nju.edu.cn/ad/6d/c22710a830829/page.htm,2026-10-08,未核清/有缺口,待核,方向及窗口待核
M194,资助金额,未取得当期资助标准,https://vlssm.nju.edu.cn/ad/6d/c22710a830829/page.htm,2026-10-08,未核清/有缺口,待核,方向及窗口待核
M194,申请资格,已取得当期申请书条款｜在读（含在职）研究生、已离退休人员及本实验室人员不得作为负责人；其他学历、职称等门槛尚须取得2026指南确认。,https://vlssm.nju.edu.cn/_upload/article/files/c9/cb/f95158dc4afda8ef44fcb5a2000c/f65f8009-c892-4fe7-bc55-b22eaa3f64d0.doc,2026-10-08,未核清/有缺口,待核,方向及窗口待核
M194,合作及访问,资料未取得｜2026年度公告及指南主体为图片，尚未取得完整可读条款；不得沿用2025年条款。,https://vlssm.nju.edu.cn/_upload/article/files/c9/cb/f95158dc4afda8ef44fcb5a2000c/f65f8009-c892-4fe7-bc55-b22eaa3f64d0.doc,2026-10-08,未核清/有缺口,待核,方向及窗口待核
M194,经费使用及外拨,资料未取得｜2026年度公告及指南主体为图片，尚未取得完整可读条款；不得沿用2025年条款。,https://vlssm.nju.edu.cn/_upload/article/files/c9/cb/f95158dc4afda8ef44fcb5a2000c/f65f8009-c892-4fe7-bc55-b22eaa3f64d0.doc,2026-10-08,未核清/有缺口,待核,方向及窗口待核
M194,研究周期,资料未取得｜2026年度公告及指南主体为图片，尚未取得完整可读条款；不得沿用2025年条款。,https://vlssm.nju.edu.cn/ad/6d/c22710a830829/page.htm,2026-10-08,未核清/有缺口,待核,方向及窗口待核
M194,成果数量及署名,资料未取得｜2026年度公告及指南主体为图片，尚未取得完整可读条款；不得沿用2025年条款。,https://vlssm.nju.edu.cn/_upload/article/files/c9/cb/f95158dc4afda8ef44fcb5a2000c/f65f8009-c892-4fe7-bc55-b22eaa3f64d0.doc,2026-10-08,未核清/有缺口,待核,方向及窗口待核
M194,知识产权,资料未取得｜2026年度公告及指南主体为图片，尚未取得完整可读条款；不得沿用2025年条款。,https://vlssm.nju.edu.cn/ad/6d/c22710a830829/page.htm,2026-10-08,未核清/有缺口,待核,方向及窗口待核
M194,材料及提交方式,已取得当期申请书条款｜使用电子表格，填写后发zhangwj@nju.edu.cn；申请单位签字盖章。申报截止及其他材料要求仍须读取2026公告图片确认；咨询83592756。,"https://vlssm.nju.edu.cn/ad/6d/c22710a830829/page.htm
https://vlssm.nju.edu.cn/_upload/article/files/c9/cb/f95158dc4afda8ef44fcb5a2000c/f65f8009-c892-4fe7-bc55-b22eaa3f64d0.doc",2026-10-08,未核清/有缺口,待核,方向及窗口待核
M182,实际任务筛选,待核｜月球与行星科学平台线索；未取得当期开放指南，不能将深空探测自动等同机器人任务。,https://www.must.edu.mo/cn/ssi/open,2026-10-08,未核清/有缺口,待核,方向及窗口待核
M182,正式公告/指南,线索｜完整指南或本期公告未取得/待核,https://www.must.edu.mo/cn/ssi/open,2026-10-08,未核清/有缺口,待核,方向及窗口待核
M182,截止日期,未取得；北京时间时点：未公开/未取得,https://www.must.edu.mo/cn/ssi/open,2026-10-08,未核清/有缺口,待核,方向及窗口待核
M182,资助金额,未取得当期资助标准,https://www.must.edu.mo/cn/ssi/open,2026-10-08,未核清/有缺口,待核,方向及窗口待核
M182,申请资格,"官方明确｜已核澳门科技大学官方开放课题页面，显示To Be Announced；
原博士招生页面不是课题公告。
当期申请资格未确认。",https://www.must.edu.mo/cn/ssi/open,2026-10-08,已复读已取得证据,待核,方向及窗口待核
M182,合作及访问,"官方明确｜已核澳门科技大学官方开放课题页面，显示To Be Announced；
原博士招生页面不是课题公告。
当期固定人员/合作要求未确认。",https://www.must.edu.mo/cn/ssi/open,2026-10-08,已复读已取得证据,待核,方向及窗口待核
M182,经费使用及外拨,资料未取得｜尚无当期正式受理指南，未取得经费使用及外拨。,https://www.must.edu.mo/cn/ssi/open,2026-10-08,未核清/有缺口,待核,方向及窗口待核
M182,研究周期,"官方明确｜已核澳门科技大学官方开放课题页面，显示To Be Announced；
原博士招生页面不是课题公告。
当期周期未确认。",https://www.must.edu.mo/cn/ssi/open,2026-10-08,已复读已取得证据,待核,方向及窗口待核
M182,成果数量及署名,资料未取得｜尚无当期正式受理指南，未取得成果数量及署名。,https://www.must.edu.mo/cn/ssi/open,2026-10-08,未核清/有缺口,待核,方向及窗口待核
M182,知识产权,资料未取得｜尚无当期正式受理指南，未取得知识产权。,https://www.must.edu.mo/cn/ssi/open,2026-10-08,未核清/有缺口,待核,方向及窗口待核
M182,材料及提交方式,官方明确｜电邮： ssipub@must.edu.mo,https://www.must.edu.mo/cn/ssi/open,2026-10-08,已复读已取得证据,待核,方向及窗口待核
M188,实际任务筛选,待核｜现有材料为发光材料平台及立项信息；当期机器人感知、智能装备任务和正式受理窗口未核实。,https://gxy.lsu.edu.cn/2026/0112/c503a362841/page.htm,2026-10-08,未核清/有缺口,待核,方向及窗口待核
M188,正式公告/指南,线索｜完整指南或本期公告未取得/待核,https://gxy.lsu.edu.cn/2026/0112/c503a362841/page.htm,2026-10-08,未核清/有缺口,待核,方向及窗口待核
M188,截止日期,未取得；北京时间时点：未公开/未取得,https://gxy.lsu.edu.cn/2026/0112/c503a362841/page.htm,2026-10-08,未核清/有缺口,待核,方向及窗口待核
M188,资助金额,未取得当期资助标准,https://gxy.lsu.edu.cn/2026/0112/c503a362841/page.htm,2026-10-08,未核清/有缺口,待核,方向及窗口待核
M188,申请资格,"已核条款（仍有缺口）｜现有来源是获资助新闻；
单个项目10万元不能推成统一资助额度；
正式当年指南未取得。
当期申请资格未确认。
公开资料未载明｜已取得公开资料未载明申请资格的完整条款。",https://gxy.lsu.edu.cn/2026/0112/c503a362841/page.htm,2026-10-08,未核清/有缺口,待核,方向及窗口待核
M188,合作及访问,"已核条款（仍有缺口）｜现有来源是获资助新闻；
单个项目10万元不能推成统一资助额度；
正式当年指南未取得。
当期固定人员/合作要求未确认。
公开资料未载明｜已取得公开资料未载明合作及访问的完整条款。",https://gxy.lsu.edu.cn/2026/0112/c503a362841/page.htm,2026-10-08,未核清/有缺口,待核,方向及窗口待核
M188,经费使用及外拨,资料未取得｜尚无当期正式受理指南，未取得经费使用及外拨。,https://gxy.lsu.edu.cn/2026/0112/c503a362841/page.htm,2026-10-08,未核清/有缺口,待核,方向及窗口待核
M188,研究周期,"已核条款（仍有缺口）｜现有来源是获资助新闻；
单个项目10万元不能推成统一资助额度；
正式当年指南未取得。
当期周期未确认。
公开资料未载明｜已取得公开资料未载明研究周期的完整条款。",https://gxy.lsu.edu.cn/2026/0112/c503a362841/page.htm,2026-10-08,未核清/有缺口,待核,方向及窗口待核
M188,成果数量及署名,资料未取得｜尚无当期正式受理指南，未取得成果数量及署名。,https://gxy.lsu.edu.cn/2026/0112/c503a362841/page.htm,2026-10-08,未核清/有缺口,待核,方向及窗口待核
M188,知识产权,资料未取得｜尚无当期正式受理指南，未取得知识产权。,https://gxy.lsu.edu.cn/2026/0112/c503a362841/page.htm,2026-10-08,未核清/有缺口,待核,方向及窗口待核
M188,材料及提交方式,"已核条款（仍有缺口）｜现有来源是获资助新闻；
单个项目10万元不能推成统一资助额度；
正式当年指南未取得。
当期材料与提交未确认。
公开资料未载明｜已取得公开资料未载明材料及提交方式的完整条款。",https://gxy.lsu.edu.cn/2026/0112/c503a362841/page.htm,2026-10-08,未核清/有缺口,待核,方向及窗口待核
M069,实际任务筛选,待核｜资料包含制造装备与机器人研究线索，但现有记录为立项消息；需取得当期正式申请指南与受理窗口。,https://www.girirobot.com/View/Article/ArticleDetail.aspx?id=2394,2026-10-08,未核清/有缺口,待核,方向及窗口待核
M069,正式公告/指南,线索｜完整指南或本期公告未取得/待核,https://www.girirobot.com/View/Article/ArticleDetail.aspx?id=2394,2026-10-08,未核清/有缺口,待核,方向及窗口待核
M069,截止日期,未取得；北京时间时点：未公开/未取得,https://www.girirobot.com/View/Article/ArticleDetail.aspx?id=2394,2026-10-08,未核清/有缺口,待核,方向及窗口待核
M069,资助金额,待核,https://www.girirobot.com/View/Article/ArticleDetail.aspx?id=2394,2026-10-08,未核清/有缺口,待核,方向及窗口待核
M069,申请资格,已核条款（仍有缺口）｜当期申请资格待核。,https://www.girirobot.com/View/Article/ArticleDetail.aspx?id=2394,2026-10-08,未核清/有缺口,待核,方向及窗口待核
M069,合作及访问,已核条款（仍有缺口）｜当期合作与访问待核。,https://www.girirobot.com/View/Article/ArticleDetail.aspx?id=2394,2026-10-08,未核清/有缺口,待核,方向及窗口待核
M069,经费使用及外拨,已核条款（仍有缺口）｜当期经费使用及外拨待核。,https://www.girirobot.com/View/Article/ArticleDetail.aspx?id=2394,2026-10-08,未核清/有缺口,待核,方向及窗口待核
M069,研究周期,已核条款（仍有缺口）｜当期周期待核。,https://www.girirobot.com/View/Article/ArticleDetail.aspx?id=2394,2026-10-08,未核清/有缺口,待核,方向及窗口待核
M069,成果数量及署名,已核条款（仍有缺口）｜当期成果及署名待核。,https://www.girirobot.com/View/Article/ArticleDetail.aspx?id=2394,2026-10-08,未核清/有缺口,待核,方向及窗口待核
M069,知识产权,已核条款（仍有缺口）｜当期知识产权待核。,https://www.girirobot.com/View/Article/ArticleDetail.aspx?id=2394,2026-10-08,未核清/有缺口,待核,方向及窗口待核
M069,材料及提交方式,"已核条款（仍有缺口）｜当期提交材料及方式待核。
历史/机制资料参考：邮箱：hr@girirobot.com",https://www.girirobot.com/View/Article/ArticleDetail.aspx?id=2394,2026-10-08,未核清/有缺口,待核,方向及窗口待核
M187,实际任务筛选,待核｜信息物理社会可信计算平台线索；未取得本期机器人或具身系统开放任务及正式受理公告。,https://cps.cqu.edu.cn/sysgk/syszc.htm,2026-10-08,未核清/有缺口,待核,方向及窗口待核
M187,正式公告/指南,线索｜完整指南或本期公告未取得/待核,https://cps.cqu.edu.cn/sysgk/syszc.htm,2026-10-08,未核清/有缺口,待核,方向及窗口待核
M187,截止日期,未取得；北京时间时点：未公开/未取得,https://cps.cqu.edu.cn/sysgk/syszc.htm,2026-10-08,未核清/有缺口,待核,方向及窗口待核
M187,资助金额,待核,https://cps.cqu.edu.cn/sysgk/syszc.htm,2026-10-08,未核清/有缺口,待核,方向及窗口待核
M187,申请资格,已核条款（仍有缺口）｜当期申请资格待核。,https://cps.cqu.edu.cn/sysgk/syszc.htm,2026-10-08,未核清/有缺口,待核,方向及窗口待核
M187,合作及访问,"已核条款（仍有缺口）｜当期合作与访问待核。
历史/机制资料参考：... 第八条 实验室设立开放基金及培育基金（主任基金），国内外的科技工作者都可以在本实验室发布的“开放课题申请指南”，“培育基金（主任基金）课题申请指南”范围内申请研究论文，经本实验室学术委员会评估批准后，来本实验室进行研究，也可受聘参加合作研究，或者自带课题研究和预算及配套设备来本实验室工作。
第八条 实验室设立开放基金及培育基金（主任基金），国内外的科技工作者都可以在本实验室发布的“开放课题申请指南”，“培育基金（主任基金）课题申请指南”范围内申请研究论文，经本实验室学术委员会评估批准后，来本实验室进行研究，也可受聘参加合作研究，或者自带课题研究和预算及配套设备来本实验室工作。",https://cps.cqu.edu.cn/,2026-10-08,未核清/有缺口,待核,方向及窗口待核
M187,经费使用及外拨,已核条款（仍有缺口）｜当期经费使用及外拨待核。,https://cps.cqu.edu.cn/sysgk/syszc.htm,2026-10-08,未核清/有缺口,待核,方向及窗口待核
M187,研究周期,已核条款（仍有缺口）｜当期周期待核。,https://cps.cqu.edu.cn/sysgk/syszc.htm,2026-10-08,未核清/有缺口,待核,方向及窗口待核
M187,成果数量及署名,已核条款（仍有缺口）｜当期成果及署名待核。,https://cps.cqu.edu.cn/,2026-10-08,未核清/有缺口,待核,方向及窗口待核
M187,知识产权,已核条款（仍有缺口）｜当期知识产权待核。,https://cps.cqu.edu.cn/,2026-10-08,未核清/有缺口,待核,方向及窗口待核
M187,材料及提交方式,已核条款（仍有缺口）｜当期提交材料及方式待核。,https://cps.cqu.edu.cn/sysgk/syszc.htm,2026-10-08,未核清/有缺口,待核,方向及窗口待核
M006,实际任务筛选,待核｜特种车辆及机器人部件相关论文线索不能代替开放课题指南；本期任务、金额及窗口未核实。,https://www.cmemo.org.cn/CN/abstract/abstract10068.shtml,2026-10-08,未核清/有缺口,待核,方向及窗口待核
M006,正式公告/指南,线索｜完整指南或本期公告未取得/待核,https://www.cmemo.org.cn/CN/abstract/abstract10068.shtml,2026-10-08,未核清/有缺口,待核,方向及窗口待核
M006,截止日期,未取得；北京时间时点：未公开/未取得,https://www.cmemo.org.cn/CN/abstract/abstract10068.shtml,2026-10-08,未核清/有缺口,待核,方向及窗口待核
M006,资助金额,待核,https://www.cmemo.org.cn/CN/abstract/abstract10068.shtml,2026-10-08,未核清/有缺口,待核,方向及窗口待核
M006,申请资格,已核条款（仍有缺口）｜当期申请资格待核。,https://www.cmemo.org.cn/CN/abstract/abstract10068.shtml,2026-10-08,未核清/有缺口,待核,方向及窗口待核
M006,合作及访问,已核条款（仍有缺口）｜当期合作与访问待核。,https://www.cmemo.org.cn/CN/abstract/abstract10068.shtml,2026-10-08,未核清/有缺口,待核,方向及窗口待核
M006,经费使用及外拨,已核条款（仍有缺口）｜当期经费使用及外拨待核。,https://www.cmemo.org.cn/CN/abstract/abstract10068.shtml,2026-10-08,未核清/有缺口,待核,方向及窗口待核
M006,研究周期,已核条款（仍有缺口）｜当期周期待核。,https://www.cmemo.org.cn/CN/abstract/abstract10068.shtml,2026-10-08,未核清/有缺口,待核,方向及窗口待核
M006,成果数量及署名,已核条款（仍有缺口）｜当期成果及署名待核。,https://www.cmemo.org.cn/CN/abstract/abstract10068.shtml,2026-10-08,未核清/有缺口,待核,方向及窗口待核
M006,知识产权,已核条款（仍有缺口）｜当期知识产权待核。,https://www.cmemo.org.cn/CN/abstract/abstract10068.shtml,2026-10-08,未核清/有缺口,待核,方向及窗口待核
M006,材料及提交方式,已核条款（仍有缺口）｜当期提交材料及方式待核。,https://www.cmemo.org.cn/CN/abstract/abstract10068.shtml,2026-10-08,未核清/有缺口,待核,方向及窗口待核
M135,实际任务筛选,待核｜共享公告线索缺少该平台完整任务指南；不能以流体或控制平台名称直接认定机器人相关。,https://klab.xhu.edu.cn/9e/eb/c2100a237291/page.htm,2026-10-08,未核清/有缺口,待核,方向及窗口待核
M135,正式公告/指南,正式开放课题公告｜已复读原官方公告；附件缺口见条款列,https://klab.xhu.edu.cn/9e/eb/c2100a237291/page.htm,2026-10-08,已复读已取得证据,待核,方向及窗口待核
M135,截止日期,未取得；北京时间时点：未公开/未取得,https://klab.xhu.edu.cn/9e/eb/c2100a237291/page.htm,2026-10-08,未核清/有缺口,待核,方向及窗口待核
M135,资助金额,待核,https://klab.xhu.edu.cn/9e/eb/c2100a237291/page.htm,2026-10-08,未核清/有缺口,待核,方向及窗口待核
M135,申请资格,官方明确｜国内外各高等院校、科研机构、产业部门和其它单位的科技工作者，课题申请者一般应具有博士学位或中级及以上职称，在同等条件下优先资助高学历或高职称研究人员。,https://klab.xhu.edu.cn/9e/eb/c2100a237291/page.htm,2026-10-08,已复读已取得证据,待核,方向及窗口待核
M135,合作及访问,官方明确｜为保障开放课题顺利执行，建议开放课题申请人邀请本重点实验室或工程研究中心固定人员参与课题研究工作,https://klab.xhu.edu.cn/9e/eb/c2100a237291/page.htm,2026-10-08,已复读已取得证据,待核,方向及窗口待核
M135,经费使用及外拨,公开资料未载明｜已取得公开资料未载明经费使用及外拨的完整条款。,https://klab.xhu.edu.cn/9e/eb/c2100a237291/page.htm,2026-10-08,未核清/有缺口,待核,方向及窗口待核
M135,研究周期,公开资料未载明｜已取得公开资料未载明研究周期的完整条款。,https://klab.xhu.edu.cn/9e/eb/c2100a237291/page.htm,2026-10-08,未核清/有缺口,待核,方向及窗口待核
M135,成果数量及署名,公开资料未载明｜已取得公开资料未载明成果数量及署名的完整条款。,https://klab.xhu.edu.cn/9e/eb/c2100a237291/page.htm,2026-10-08,未核清/有缺口,待核,方向及窗口待核
M135,知识产权,公开资料未载明｜已取得公开资料未载明知识产权的完整条款。,https://klab.xhu.edu.cn/9e/eb/c2100a237291/page.htm,2026-10-08,未核清/有缺口,待核,方向及窗口待核
M135,材料及提交方式,公开资料未载明｜已取得公开资料未载明材料及提交方式的完整条款。,https://klab.xhu.edu.cn/9e/eb/c2100a237291/page.htm,2026-10-08,未核清/有缺口,待核,方向及窗口待核
M049,实际任务筛选,待核｜已见具身智能开放合作线索；需正式开放课题申请公告、指南及窗口。,https://i.460.net.cn/a/563644.html,2026-10-08,未核清/有缺口,待核,方向及窗口待核
M049,正式公告/指南,线索｜完整指南或本期公告未取得/待核,https://i.460.net.cn/a/563644.html,2026-10-08,未核清/有缺口,待核,方向及窗口待核
M049,截止日期,未取得；北京时间时点：未公开/未取得,https://i.460.net.cn/a/563644.html,2026-10-08,未核清/有缺口,待核,方向及窗口待核
M049,资助金额,待核,https://i.460.net.cn/a/563644.html,2026-10-08,未核清/有缺口,待核,方向及窗口待核
M049,申请资格,已核条款（仍有缺口）｜当期申请资格待核。,https://i.460.net.cn/a/563644.html,2026-10-08,未核清/有缺口,待核,方向及窗口待核
M049,合作及访问,已核条款（仍有缺口）｜当期合作与访问待核。,https://i.460.net.cn/a/563644.html,2026-10-08,未核清/有缺口,待核,方向及窗口待核
M049,经费使用及外拨,"已核条款（仍有缺口）｜当期经费使用及外拨待核。
历史/机制资料参考：郑州市区常年高价回收电线电缆,铜,铝,不锈钢,变压器,线路板等金属废旧物资,诚信合作共赢,现金结算,量大免费上门回收,温馨提示,",https://i.460.net.cn/a/563644.html,2026-10-08,未核清/有缺口,待核,方向及窗口待核
M049,研究周期,已核条款（仍有缺口）｜当期周期待核。,https://i.460.net.cn/a/563644.html,2026-10-08,未核清/有缺口,待核,方向及窗口待核
M049,成果数量及署名,已核条款（仍有缺口）｜当期成果及署名待核。,https://i.460.net.cn/a/563644.html,2026-10-08,未核清/有缺口,待核,方向及窗口待核
M049,知识产权,已核条款（仍有缺口）｜当期知识产权待核。,https://i.460.net.cn/a/563644.html,2026-10-08,未核清/有缺口,待核,方向及窗口待核
M049,材料及提交方式,"已核条款（仍有缺口）｜当期提交材料及方式待核。
历史/机制资料参考：本文来自网友投稿或网络内容，如有侵犯您的权益请联系我们删除，联系邮箱：wyl860211@qq.com 。",https://i.460.net.cn/a/563644.html,2026-10-08,未核清/有缺口,待核,方向及窗口待核
M166,实际任务筛选,待核｜已见智能健康开放课题评审信息；尚未取得原申请公告及机器人任务依据。,https://ihealth.ccnu.edu.cn/kxyj/kfkt.htm,2026-10-08,未核清/有缺口,待核,方向及窗口待核
M166,正式公告/指南,线索｜完整指南或本期公告未取得/待核,https://ihealth.ccnu.edu.cn/kxyj/kfkt.htm,2026-10-08,未核清/有缺口,待核,方向及窗口待核
M166,截止日期,未取得；北京时间时点：未公开/未取得,https://ihealth.ccnu.edu.cn/kxyj/kfkt.htm,2026-10-08,未核清/有缺口,待核,方向及窗口待核
M166,资助金额,待核,https://ihealth.ccnu.edu.cn/kxyj/kfkt.htm,2026-10-08,未核清/有缺口,待核,方向及窗口待核
M166,申请资格,"已核条款（仍有缺口）｜当期申请资格待核。
历史/机制资料参考：各相关申报单位及申请人： 依据《华中师范大学智能健康交叉科学中心开放课题申报通知》的相关要求，为进一步推动多学科深度交叉融合，遴选具有创新性和应用价值的优秀课题，经中心研究决定，将于2026年4月7日召开开放课题答辩评审会。",https://ihealth.ccnu.edu.cn/kxyj/kfkt.htm,2026-10-08,未核清/有缺口,待核,方向及窗口待核
M166,合作及访问,已核条款（仍有缺口）｜当期合作与访问待核。,https://ihealth.ccnu.edu.cn/kxyj/kfkt.htm,2026-10-08,未核清/有缺口,待核,方向及窗口待核
M166,经费使用及外拨,已核条款（仍有缺口）｜当期经费使用及外拨待核。,https://ihealth.ccnu.edu.cn/kxyj/kfkt.htm,2026-10-08,未核清/有缺口,待核,方向及窗口待核
M166,研究周期,已核条款（仍有缺口）｜当期周期待核。,https://ihealth.ccnu.edu.cn/kxyj/kfkt.htm,2026-10-08,未核清/有缺口,待核,方向及窗口待核
M166,成果数量及署名,已核条款（仍有缺口）｜当期成果及署名待核。,https://ihealth.ccnu.edu.cn/kxyj/kfkt.htm,2026-10-08,未核清/有缺口,待核,方向及窗口待核
M166,知识产权,已核条款（仍有缺口）｜当期知识产权待核。,https://ihealth.ccnu.edu.cn/kxyj/kfkt.htm,2026-10-08,未核清/有缺口,待核,方向及窗口待核
M166,材料及提交方式,"已核条款（仍有缺口）｜当期提交材料及方式待核。
历史/机制资料参考：ihealth@ccnu.edu.cn",https://ihealth.ccnu.edu.cn/kxyj/kfkt.htm,2026-10-08,未核清/有缺口,待核,方向及窗口待核
M056,实际任务筛选,待核｜柔性、连续体及微型医疗机器人研究方向；常年受理说法与具体当期窗口尚待确认。,https://imr.sjtu.edu.cn/hot_recommend/4483.html,2026-10-08,未核清/有缺口,待核,方向及窗口待核
M056,正式公告/指南,线索｜完整指南或本期公告未取得/待核,https://imr.sjtu.edu.cn/hot_recommend/4483.html,2026-10-08,未核清/有缺口,待核,方向及窗口待核
M056,截止日期,未取得；北京时间时点：未公开/未取得,https://imr.sjtu.edu.cn/hot_recommend/4483.html,2026-10-08,未核清/有缺口,待核,方向及窗口待核
M056,资助金额,待核,https://imr.sjtu.edu.cn/hot_recommend/4483.html,2026-10-08,未核清/有缺口,待核,方向及窗口待核
M056,申请资格,"已核条款（仍有缺口）｜当期申请资格待核。
历史/机制资料参考：3.1 项目第一负责人：具有高级职称或博士学历学位，在相关研究领域具有良好的前期研究基础。",https://imr.sjtu.edu.cn/hot_recommend/4483.html,2026-10-08,未核清/有缺口,待核,方向及窗口待核
M056,合作及访问,"已核条款（仍有缺口）｜当期合作与访问待核。
历史/机制资料参考：3.3 申请人应为实验室的课题组或合作课题组的研究人员、临床人员。",https://imr.sjtu.edu.cn/hot_recommend/4483.html,2026-10-08,未核清/有缺口,待核,方向及窗口待核
M056,经费使用及外拨,已核条款（仍有缺口）｜当期经费使用及外拨待核。,https://imr.sjtu.edu.cn/hot_recommend/4483.html,2026-10-08,未核清/有缺口,待核,方向及窗口待核
M056,研究周期,已核条款（仍有缺口）｜当期周期待核。,https://imr.sjtu.edu.cn/hot_recommend/4483.html,2026-10-08,未核清/有缺口,待核,方向及窗口待核
M056,成果数量及署名,已核条款（仍有缺口）｜当期成果及署名待核。,https://imr.sjtu.edu.cn/hot_recommend/4483.html,2026-10-08,未核清/有缺口,待核,方向及窗口待核
M056,知识产权,已核条款（仍有缺口）｜当期知识产权待核。,https://imr.sjtu.edu.cn/hot_recommend/4483.html,2026-10-08,未核清/有缺口,待核,方向及窗口待核
M056,材料及提交方式,"已核条款（仍有缺口）｜当期提交材料及方式待核。
历史/机制资料参考：有意向申报者，可发送个人基本信息、联系方式、学习和工作经历、主要学术成就至实验室联系人邮箱，邮件主题为：姓名-单位-市重点实验室开放课题咨询。",https://imr.sjtu.edu.cn/hot_recommend/4483.html,2026-10-08,未核清/有缺口,待核,方向及窗口待核
M064,实际任务筛选,待核｜人形机器人指南建议征集属于前期征集；尚未取得开放课题正式受理公告。,https://www.jhatc.cn/html/mobile/kexue/pingtaichanpin/2098331115939979266.html,2026-10-08,未核清/有缺口,待核,方向及窗口待核
M064,正式公告/指南,线索｜完整指南或本期公告未取得/待核,https://www.jhatc.cn/html/mobile/kexue/pingtaichanpin/2098331115939979266.html,2026-10-08,未核清/有缺口,待核,方向及窗口待核
M064,截止日期,未取得；北京时间时点：未公开/未取得,https://www.jhatc.cn/html/mobile/kexue/pingtaichanpin/2098331115939979266.html,2026-10-08,未核清/有缺口,待核,方向及窗口待核
M064,资助金额,待核,https://www.jhatc.cn/html/mobile/kexue/pingtaichanpin/2098331115939979266.html,2026-10-08,未核清/有缺口,待核,方向及窗口待核
M064,申请资格,已核条款（仍有缺口）｜当期申请资格待核。,https://www.jhatc.cn/html/mobile/kexue/pingtaichanpin/2098331115939979266.html,2026-10-08,未核清/有缺口,待核,方向及窗口待核
M064,合作及访问,已核条款（仍有缺口）｜当期合作与访问待核。,https://www.jhatc.cn/html/mobile/kexue/pingtaichanpin/2098331115939979266.html,2026-10-08,未核清/有缺口,待核,方向及窗口待核
M064,经费使用及外拨,已核条款（仍有缺口）｜当期经费使用及外拨待核。,https://www.jhatc.cn/html/mobile/kexue/pingtaichanpin/2098331115939979266.html,2026-10-08,未核清/有缺口,待核,方向及窗口待核
M064,研究周期,"已核条款（仍有缺口）｜当期周期待核。
历史/机制资料参考：（二）单项指南实施周期原则上不超过1年，经费预算不超过人民币10万元。",https://www.jhatc.cn/html/mobile/kexue/pingtaichanpin/2098331115939979266.html,2026-10-08,未核清/有缺口,待核,方向及窗口待核
M064,成果数量及署名,已核条款（仍有缺口）｜当期成果及署名待核。,https://www.jhatc.cn/html/mobile/kexue/pingtaichanpin/2098331115939979266.html,2026-10-08,未核清/有缺口,待核,方向及窗口待核
M064,知识产权,已核条款（仍有缺口）｜当期知识产权待核。,https://www.jhatc.cn/html/mobile/kexue/pingtaichanpin/2098331115939979266.html,2026-10-08,未核清/有缺口,待核,方向及窗口待核
M064,材料及提交方式,"已核条款（仍有缺口）｜当期提交材料及方式待核。
历史/机制资料参考：（三）本次指南征集为线上公开征集，请建议人按照附件模板规范要求，提交《安徽省人形机器人重点实验室2026年度开放基金指南建议表》（Word版），文件命名规则为“指南征集方向（方向一/二/三/四）－指南名称－建议人姓名－建议人单位”至电子邮箱ahsrxjqrzdsys@163.com。
联系人：随文琪，联系电话：17718143785附件：安徽省人形机器人重点实验室2026年度开放基金指南建议表",https://www.jhatc.cn/html/mobile/kexue/pingtaichanpin/2098331115939979266.html,2026-10-08,未核清/有缺口,待核,方向及窗口待核
M074,实际任务筛选,待核｜现有资料为先进诊疗装备立项信息，尚未取得本期机器人任务及申请指南；不以其他下载资料代替。,https://sibet.cas.cn/tzgg2020/202607/t20260703_8237653.html,2026-10-08,未核清/有缺口,待核,方向及窗口待核
M074,正式公告/指南,线索｜完整指南或本期公告未取得/待核,https://sibet.cas.cn/tzgg2020/202607/t20260703_8237653.html,2026-10-08,未核清/有缺口,待核,方向及窗口待核
M074,截止日期,未取得；北京时间时点：未公开/未取得,https://sibet.cas.cn/tzgg2020/202607/t20260703_8237653.html,2026-10-08,未核清/有缺口,待核,方向及窗口待核
M074,资助金额,待核,https://sibet.cas.cn/tzgg2020/202607/t20260703_8237653.html,2026-10-08,未核清/有缺口,待核,方向及窗口待核
M074,申请资格,已核条款（仍有缺口）｜当期申请资格待核。,"https://sibet.cas.cn/tzgg2020/202607/t20260703_8237653.html
https://sibet.cas.cn/jlhz2020/gjhz/gzzn_169587/",2026-10-08,未核清/有缺口,待核,方向及窗口待核
M074,合作及访问,已核条款（仍有缺口）｜当期合作与访问待核。,"https://sibet.cas.cn/tzgg2020/202607/t20260703_8237653.html
https://sibet.cas.cn/jlhz2020/gjhz/gzzn_169587/",2026-10-08,未核清/有缺口,待核,方向及窗口待核
M074,经费使用及外拨,已核条款（仍有缺口）｜当期经费使用及外拨待核。,https://sibet.cas.cn/tzgg2020/202607/t20260703_8237653.html,2026-10-08,未核清/有缺口,待核,方向及窗口待核
M074,研究周期,已核条款（仍有缺口）｜当期周期待核。,https://sibet.cas.cn/tzgg2020/202607/t20260703_8237653.html,2026-10-08,未核清/有缺口,待核,方向及窗口待核
M074,成果数量及署名,已核条款（仍有缺口）｜当期成果及署名待核。,https://sibet.cas.cn/tzgg2020/202607/t20260703_8237653.html,2026-10-08,未核清/有缺口,待核,方向及窗口待核
M074,知识产权,已核条款（仍有缺口）｜当期知识产权待核。,https://sibet.cas.cn/tzgg2020/202607/t20260703_8237653.html,2026-10-08,未核清/有缺口,待核,方向及窗口待核
M074,材料及提交方式,"已核条款（仍有缺口）｜当期提交材料及方式待核。
历史/机制资料参考：4 待外专局一级预审通过后，外籍专家需携带系统提示纸质材料前往受理点提交审核。",https://sibet.cas.cn/jlhz2020/gjhz/gzzn_169587/,2026-10-08,未核清/有缺口,待核,方向及窗口待核
M180,实际任务筛选,待核｜生态纺织开放基金线索缺少本期研究任务；须核实是否确有机器人或相关智能装备任务。,https://klet.jiangnan.edu.cn/gzzd/stfzjybzdsys_jndx_kfktglbf.htm,2026-10-08,未核清/有缺口,待核,方向及窗口待核
M180,正式公告/指南,线索｜完整指南或本期公告未取得/待核,https://klet.jiangnan.edu.cn/gzzd/stfzjybzdsys_jndx_kfktglbf.htm,2026-10-08,未核清/有缺口,待核,方向及窗口待核
M180,截止日期,未取得；北京时间时点：未公开/未取得,https://klet.jiangnan.edu.cn/gzzd/stfzjybzdsys_jndx_kfktglbf.htm,2026-10-08,未核清/有缺口,待核,方向及窗口待核
M180,资助金额,未取得当期资助标准,https://klet.jiangnan.edu.cn/gzzd/stfzjybzdsys_jndx_kfktglbf.htm,2026-10-08,未核清/有缺口,待核,方向及窗口待核
M180,申请资格,官方明确｜第一条 课题申请者一般为具有博士学位或副教授以上技术职称的科研人员。,https://klet.jiangnan.edu.cn/gzzd/stfzjybzdsys_jndx_kfktglbf.htm,2026-10-08,已复读已取得证据,待核,方向及窗口待核
M180,合作及访问,"已核条款（仍有缺口）｜每年10月31日是通用办法规定；
未取得2026当期公告，不能认定当前受理。
当期固定人员/合作要求未确认。
公开资料未载明｜已取得公开资料未载明合作及访问的完整条款。",https://klet.jiangnan.edu.cn/gzzd/stfzjybzdsys_jndx_kfktglbf.htm,2026-10-08,未核清/有缺口,待核,方向及窗口待核
M180,经费使用及外拨,"官方明确｜开放课题经费可用于支付科研业务费、实验材料费、小型专用仪器费以及客座人员前来无锡的火车交通费、住宿费、生活补助费等。
第六条 开放课题承担人使用重点实验室公用仪器按照重点实验室仪器设备管理规定实行收费登记，年终结算。
生态纺织教育部重点实验室（江南大学）运行经费管理办法-生态纺织教育部重点实验室
第五条 运行经费的使用必须严格遵守国家和学校的有关规定，专款专用，确保经费投入的合理性与效益，科技产业处与学校相关职能部门负责对实验室运行经费使用的监督和审计。
第六条 日常经费用于共用仪器设备的保养、运行、维修、购置费；
行政经费用于实验室日常办公、差旅费、学术委员会会议活动等开支。
开放经费用于实验室设立的对外开放课题，包括材料试剂费、低值易耗品购置费、专用小型仪器设备购置费、仪器设备使用费、测试费、差旅费等。
第七条 实验室主任全面负责实验室的运行经费管理，包括拟定年度经费预算、审批经费开支，经费决算等。
第八条 经费使用原则上按规定比例控制，因特殊原因确实需要突破的，必须提前向科技产业处提出书面申请报告，获得批准后方可执行。","https://klet.jiangnan.edu.cn/gzzd/stfzjybzdsys_jndx_kfktglbf.htm
https://klet.jiangnan.edu.cn/gzzd/stfzjybzdsys_jndx_yxjfglbf.htm",2026-10-08,已复读已取得证据,待核,方向及窗口待核
M180,研究周期,"已核条款（仍有缺口）｜每年10月31日是通用办法规定；
未取得2026当期公告，不能认定当前受理。
当期周期未确认。
公开资料未载明｜已取得公开资料未载明研究周期的完整条款。",https://klet.jiangnan.edu.cn/gzzd/stfzjybzdsys_jndx_kfktglbf.htm,2026-10-08,未核清/有缺口,待核,方向及窗口待核
M180,成果数量及署名,"官方明确｜第五条 重点实验室开放课题承担人必须于次年12月31日前向重点实验室提交上一年度工作的总结报告，课题结束后应及时写好书面结题报告上报重点实验室。
研究成果以论文形式发表时，由重点实验室提供经费的课题组，以“江南大学生态纺织教育部重点实验室”为第一作者单位，如果第一作者不是本重点实验室内成员，重点实验室署名在前，作者原工作单位署名在后；
2. 发表论文时作者单位的规范写法为∶
3. 每个开放课题一般要求至少在SCI收录的国内外学术期刊上发表1篇论文或者在中国科学引文数据库（CSCD）收录的国内核心学术期刊上发表2篇论文，该部分论文的版面费重点实验室不另行资助；
4. 由重点实验室提供经费的开放课题，发表论文首页的脚注中应注明“生态纺织教育部重点实验室（江南大学）开放课题资助课题（编号），英文为：Supported by the Open Project Program of Key Laboratory of Eco-Textiles（Jiangnan University）， Ministry of Education， China （No. ）;","https://klet.jiangnan.edu.cn/gzzd/stfzjybzdsys_jndx_kfktglbf.htm
https://klet.jiangnan.edu.cn/gzzd/stfzjybzdsys_jndx_yxjfglbf.htm",2026-10-08,已复读已取得证据,待核,方向及窗口待核
M180,知识产权,资料未取得｜尚无当期正式受理指南，未取得知识产权。,"https://klet.jiangnan.edu.cn/gzzd/stfzjybzdsys_jndx_kfktglbf.htm
https://klet.jiangnan.edu.cn/gzzd/stfzjybzdsys_jndx_yxjfglbf.htm",2026-10-08,未核清/有缺口,待核,方向及窗口待核
M180,材料及提交方式,官方明确｜服务邮箱：jinxu@jiangnan.edu.cn,"https://klet.jiangnan.edu.cn/gzzd/stfzjybzdsys_jndx_kfktglbf.htm
https://klet.jiangnan.edu.cn/gzzd/stfzjybzdsys_jndx_yxjfglbf.htm",2026-10-08,已复读已取得证据,待核,方向及窗口待核
M054,实际任务筛选,待核｜方向含新能源场站机器人巡检与维修，但当期正式受理公告及申报条款未取得。,https://seee.qhu.edu.cn/docs/2026-03/fd0e1502a79a4adaa673de1be5de9a97.pdf,2026-10-08,未核清/有缺口,待核,方向及窗口待核
M054,正式公告/指南,正式开放课题公告｜已复读原官方公告；附件缺口见条款列,https://seee.qhu.edu.cn/docs/2026-03/fd0e1502a79a4adaa673de1be5de9a97.pdf,2026-10-08,已复读已取得证据,待核,方向及窗口待核
M054,截止日期,未取得；北京时间时点：未公开/未取得,https://seee.qhu.edu.cn/docs/2026-03/fd0e1502a79a4adaa673de1be5de9a97.pdf,2026-10-08,未核清/有缺口,待核,方向及窗口待核
M054,资助金额,5万元/项,https://seee.qhu.edu.cn/docs/2026-03/fd0e1502a79a4adaa673de1be5de9a97.pdf,2026-10-08,已复读已取得证据,待核,方向及窗口待核
M054,申请资格,"已核条款（仍有缺口）｜4、副高级职称以上或者具有博士学位者，具有一定研究工作基础，对课题内容有兴趣者均可提出申请。
尚无高级技术职称的青年科技工作者申请时，需有两名具有高级技术职称的同行科技人员的推荐。
在校学生、研究生以及博士后人员的申请通常不予受理。
公开资料未载明｜已取得公开资料未载明申请资格的完整条款。",https://seee.qhu.edu.cn/docs/2026-03/fd0e1502a79a4adaa673de1be5de9a97.pdf,2026-10-08,未核清/有缺口,待核,方向及窗口待核
M054,合作及访问,"官方明确｜开放基金鼓励申请人与实验室固定研究人员开展合作研究。
3、申请者必须同本实验室科研团队开展合作研究，在申请书中须有明确的合作研究计划。",https://seee.qhu.edu.cn/docs/2026-03/fd0e1502a79a4adaa673de1be5de9a97.pdf,2026-10-08,已复读已取得证据,待核,方向及窗口待核
M054,经费使用及外拨,"官方明确｜项目经费主要用于论文版面费、会议费、技术服务费、材料费以及相关的差旅费。
拟资助课题共计 2 项，资助金额 5 万元/项，所申请经费不外拨，申报书研究团队必须有实验室科研团队成员和在读研究生，项目经费支出由青海大学在岗教师协助科研报账，课题经费必须在 11 月 30 日之前完成全部支出。",https://seee.qhu.edu.cn/docs/2026-03/fd0e1502a79a4adaa673de1be5de9a97.pdf,2026-10-08,已复读已取得证据,待核,方向及窗口待核
M054,研究周期,官方明确｜二、资助方式项目资助周期为一年，实行课题单独核算。,https://seee.qhu.edu.cn/docs/2026-03/fd0e1502a79a4adaa673de1be5de9a97.pdf,2026-10-08,已复读已取得证据,待核,方向及窗口待核
M054,成果数量及署名,官方明确｜项目结题成果为 1 篇论文（北大核心、EI、SCI 检索，所发表文章青海大学为第一单位），在青海大学做学术报告 1 场，提交结题报告 1份。,https://seee.qhu.edu.cn/docs/2026-03/fd0e1502a79a4adaa673de1be5de9a97.pdf,2026-10-08,已复读已取得证据,待核,方向及窗口待核
M054,知识产权,公开资料未载明｜已取得公开资料未载明知识产权的完整条款。,https://seee.qhu.edu.cn/docs/2026-03/fd0e1502a79a4adaa673de1be5de9a97.pdf,2026-10-08,未核清/有缺口,待核,方向及窗口待核
M054,材料及提交方式,官方明确｜凡申请本开放基金项目者须填写《新能源电力系统智慧运行教育部重点实验室开放课题申请书》，申请书以国家自然科学基金（青年基金）模板为准，将填写好的申请书通过电子邮件提交相关材料。,https://seee.qhu.edu.cn/docs/2026-03/fd0e1502a79a4adaa673de1be5de9a97.pdf,2026-10-08,已复读已取得证据,待核,方向及窗口待核
M185,实际任务筛选,保留｜自主跟随机器人目标跟踪与复杂环境感知,https://dxy.nuist.edu.cn/__local/5/05/2C/AB442E1AE16238E9C6A85742E7E_F0A9F1C8_33976.pdf,2026-10-08,已复读已取得证据,保留,已截止
M185,正式公告/指南,正式开放课题公告｜已复读原官方公告；附件缺口见条款列,https://dxy.nuist.edu.cn/__local/5/05/2C/AB442E1AE16238E9C6A85742E7E_F0A9F1C8_33976.pdf,2026-10-08,已复读已取得证据,保留,已截止
M185,截止日期,2026-08-17；北京时间时点：未公开/未取得,https://dxy.nuist.edu.cn/__local/5/05/2C/AB442E1AE16238E9C6A85742E7E_F0A9F1C8_33976.pdf,2026-10-08,未核清/有缺口,保留,已截止
M185,资助金额,4—6万元,https://dxy.nuist.edu.cn/__local/5/05/2C/AB442E1AE16238E9C6A85742E7E_F0A9F1C8_33976.pdf,2026-10-08,已复读已取得证据,保留,已截止
M185,申请资格,官方明确｜中国国籍；博士或副高；40岁以下优先；限1家单位，不支持联合申报。,https://dxy.nuist.edu.cn/__local/5/05/2C/AB442E1AE16238E9C6A85742E7E_F0A9F1C8_33976.pdf,2026-10-08,已复读已取得证据,保留,已截止
M185,合作及访问,已核条款（仍有缺口）｜不支持联合申报；未明确必须联合本室固定人员。,https://dxy.nuist.edu.cn/__local/5/05/2C/AB442E1AE16238E9C6A85742E7E_F0A9F1C8_33976.pdf,2026-10-08,未核清/有缺口,保留,已截止
M185,经费使用及外拨,公开资料未载明｜已取得公开资料未载明经费使用及外拨的完整条款。,https://dxy.nuist.edu.cn/__local/5/05/2C/AB442E1AE16238E9C6A85742E7E_F0A9F1C8_33976.pdf,2026-10-08,未核清/有缺口,保留,已截止
M185,研究周期,官方明确｜2年。,https://dxy.nuist.edu.cn/__local/5/05/2C/AB442E1AE16238E9C6A85742E7E_F0A9F1C8_33976.pdf,2026-10-08,已复读已取得证据,保留,已截止
M185,成果数量及署名,"官方明确｜6、论文署名：发表由开放课题资助的论文、论著等研究成果时，应注明研究成果系本实验室开放课题资助。
7、成果归属：由开放课题资助的研究成果原则上归本实验室和作者所在单位共享，且应将实验室作为署名单位之一。",https://dxy.nuist.edu.cn/__local/5/05/2C/AB442E1AE16238E9C6A85742E7E_F0A9F1C8_33976.pdf,2026-10-08,已复读已取得证据,保留,已截止
M185,知识产权,官方明确｜研究成果知识产权双方共有。,https://dxy.nuist.edu.cn/__local/5/05/2C/AB442E1AE16238E9C6A85742E7E_F0A9F1C8_33976.pdf,2026-10-08,已复读已取得证据,保留,已截止
M185,材料及提交方式,"官方明确｜2026-08-17前Word及PDF申请材料发jiangtaozhai@nuist.edu.cn；
13770698740。",https://dxy.nuist.edu.cn/__local/5/05/2C/AB442E1AE16238E9C6A85742E7E_F0A9F1C8_33976.pdf,2026-10-08,已复读已取得证据,保留,已截止
M181,实际任务筛选,待核｜历史公告为大数据处理、安全及应用方向，未明确机器人任务；须取得原完整指南确认具体对象。,https://bdsip.njupt.edu.cn/kfkt/list.htm,2026-10-08,未核清/有缺口,待核,方向待核·已截止
M181,正式公告/指南,正式开放课题公告｜已复读原官方公告；附件缺口见条款列,https://bdsip.njupt.edu.cn/kfkt/list.htm,2026-10-08,已复读已取得证据,待核,方向待核·已截止
M181,截止日期,2017-12-05；北京时间时点：未公开/未取得,https://bdsip.njupt.edu.cn/kfkt/list.htm,2026-10-08,未核清/有缺口,待核,方向待核·已截止
M181,资助金额,重点4万元、一般2万元,https://bdsip.njupt.edu.cn/kfkt/list.htm,2026-10-08,已复读已取得证据,待核,方向待核·已截止
M181,申请资格,"官方明确｜非南京邮电大学在职科研人员，博士；
在读博士生/在站博士后视为本校；
同年1项含在研",https://bdsip.njupt.edu.cn/kfkt/list.htm,2026-10-08,已复读已取得证据,待核,方向待核·已截止
M181,合作及访问,"官方明确｜为促进实验室与国内外同行的合作与交流，特设立开放课题基金，资助与实验室研究方向相关的基础和应用基础研究。
实验室优先资助获得过国家和部省级项目支持的申请人，优秀青年科技工作者，国际合作研究课题，以及与本实验室固定成员有合作基础的课题。
境外申请人需要确定一位本实验室成员作为校内联系人（或者由实验室推荐）辅助处理课题经费使用和报销事宜。",https://bdsip.njupt.edu.cn/kfkt/list.htm,2026-10-08,已复读已取得证据,待核,方向待核·已截止
M181,经费使用及外拨,"官方明确｜2017机制：外拨申请人单位，合同50%、年度通过30%、结题余额；
境外申请需本室联系人",https://bdsip.njupt.edu.cn/kfkt/list.htm,2026-10-08,已复读已取得证据,待核,方向待核·已截止
M181,研究周期,官方明确｜2018-01-01—2019-12-31,https://bdsip.njupt.edu.cn/kfkt/list.htm,2026-10-08,已复读已取得证据,待核,方向待核·已截止
M181,成果数量及署名,"官方明确｜2017重点≥3篇CCF C类且其中≥1篇B类以上；
一般≥2篇CCF C类以上；
第一/通讯作者第一或第二单位署实验室并标资助",https://bdsip.njupt.edu.cn/kfkt/list.htm,2026-10-08,已复读已取得证据,待核,方向待核·已截止
M181,知识产权,官方明确｜实验室与承担人所在单位共有,https://bdsip.njupt.edu.cn/kfkt/list.htm,2026-10-08,已复读已取得证据,待核,方向待核·已截止
M181,材料及提交方式,"官方明确｜申请人从实验室网站（http://bdsip.njupt.edu.cn/）下载并填写开放基金课题申请书，由所在单位签署意见并加盖公章后，将申请表寄回本实验室（需提交一份电子版，三份纸质版本）。
申请书在专家组评审的基础上，由本室学术委员会决定立项项目，主要根据申请书所反映的研究内容、预期成果及其创新性、申请者的学术水平和已有的研究基础等情况，进行综合评价，择优录取，随后将评审结果通知申请者并签订合同。
境外申请人需要确定一位本实验室成员作为校内联系人（或者由实验室推荐）辅助处理课题经费使用和报销事宜。
通信地址：江苏省南京市栖霞区文苑路9号南京邮电大学计算机学科楼
E-mail：csp@njupt.edu.cn",https://bdsip.njupt.edu.cn/kfkt/list.htm,2026-10-08,已复读已取得证据,待核,方向待核·已截止
M021,实际任务筛选,保留｜工业具身智能、机器人感知决策及软件质量安全,https://keysoftlab.nju.edu.cn/1573/list.htm,2026-10-08,已复读已取得证据,保留,已截止
M021,正式公告/指南,正式开放课题公告｜已复读原官方公告；附件缺口见条款列,https://keysoftlab.nju.edu.cn/1573/list.htm,2026-10-08,已复读已取得证据,保留,已截止
M021,截止日期,2026-04-30；北京时间时点：未公开/未取得,https://keysoftlab.nju.edu.cn/1573/list.htm,2026-10-08,未核清/有缺口,保留,已截止
M021,资助金额,目标导向≤4万元；自由探索≤2万元,https://keysoftlab.nju.edu.cn/1573/list.htm,2026-10-08,已复读已取得证据,保留,已截止
M021,申请资格,"官方明确｜凡研究方向符合开放课题申请指南，具有一定研究经历，中级职称以上或取得博士学位的研究人员，均可根据课题指南提出课题申请，经本实验室学术委员会按择优支持的原则，经评审后批准开放课题并获得课题基金资助。
本实验室热忱欢迎和邀请有关领域的科研人员申请与上述研究方向相关的研究课题，特别欢迎国内外博士后人员来实验室工作，共同推进计算机软件新技术的发展。
凡研究方向符合当年发布的开放课题申请指南，具有一定研究经历，中级职称以上或取得博士学位的研究人员，均可根据课题指南提出课题申请，经本实验室学术委员会按择优支持的原则，经评审后批准开放课题并获得课题基金资助。","https://keysoftlab.nju.edu.cn/1573/list.htm
https://keysoftlab.nju.edu.cn/1609/list.htm",2026-10-08,已复读已取得证据,保留,已截止
M021,合作及访问,官方明确｜企业重点实验室人员需在我室联合一名固定人员共同申报，经费需在南京大学进行报销使用。,"https://keysoftlab.nju.edu.cn/1573/list.htm
https://keysoftlab.nju.edu.cn/1609/list.htm",2026-10-08,已复读已取得证据,保留,已截止
M021,经费使用及外拨,"官方明确｜根据财政部、科技部财务政策要求，开放课题经费只能外拨至高等院校、科研院所及相关事业单位；
企业重点实验室人员需在我室联合一名固定人员共同申报，经费需在南京大学进行报销使用。","https://keysoftlab.nju.edu.cn/1573/list.htm
https://keysoftlab.nju.edu.cn/1609/list.htm",2026-10-08,已复读已取得证据,保留,已截止
M021,研究周期,官方明确｜开放课题执行期限一般为两年，研究工作的起始时间为当年6月1日。,https://keysoftlab.nju.edu.cn/1609/list.htm,2026-10-08,已复读已取得证据,保留,已截止
M021,成果数量及署名,"官方明确｜开放课题基金结题报告表
六、年度报告和结题要求 课题负责人每年应在5月30日前将中期考核报告寄到本实验室，获准开放课题必须按协议书内容及年度进度计划进度完成，对于基金使用不合理或者没有足够理由未能按进度完成计划的课题，实验室主任有权暂时中止或取消资助资金。
逾期并经催促不交结题报告者，我室将书面通告其所在工作单位，取消今后在本实验室申请开放课题的资格。
课题结题要求：开放课题研究人员应按项目任务书的要求完成研究工作，作出高水平的研究成果，鼓励在国际期刊或重要国际会议发表论文，并满足以下基本指标之一：
1）目标导向类课题要求：完成预期研究目标，并在重要国际学术期刊或重要国际会议发表论文2-3篇。
2）自由探索类课题要求：完成预期研究目标，并在国内一级学报（或更高水平的期刊或国际会议）发表论文2-3篇。
开放课题所取得的研究成果应按如下方式署名： 1）中文论文：应署“南京大学计算机软件新技术全国重点实验室”为作者的单位之一（署名在文章标题下）；
1）中文论文：应署“南京大学计算机软件新技术全国重点实验室”为作者的单位之一（署名在文章标题下）；
2）英文论文：应署“State Key Laboratory of Novel Software Technology，Nanjing University, P.R. China”为作者的单位之一（署名在文章标题下）；
5）计算机软件新技术全国重点实验室开放课题基金结题报告","https://keysoftlab.nju.edu.cn/1573/list.htm
https://keysoftlab.nju.edu.cn/1609/list.htm",2026-10-08,已复读已取得证据,保留,已截止
M021,知识产权,公开资料未载明｜已取得公开资料未载明知识产权的完整条款。,https://keysoftlab.nju.edu.cn/1573/list.htm,2026-10-08,未核清/有缺口,保留,已截止
M021,材料及提交方式,"官方明确｜申请人从实验室网页（https://keysoftlab.nju.edu.cn/1611/list.htm）下载并据实填写开放课题基金申请表，由所在单位审批同意、领导签署意见并加盖公章后，请于2026年4月30日前将申请表寄回南京大学计算机软件新技术全国重点实验室（电子版1份、纸质版2份）。
通信地址：南京市栖霞区仙林大道163号南京大学仙林校区计算机科学技术楼519室
E - mail：keysoftlab@nju.edu.cn","https://keysoftlab.nju.edu.cn/1573/list.htm
https://keysoftlab.nju.edu.cn/1609/list.htm",2026-10-08,已复读已取得证据,保留,已截止
M046,实际任务筛选,保留｜智能手术规划与导航系统,https://aiia.seu.edu.cn/2024/1010/c50239a505891/page.htm,2026-10-08,已复读已取得证据,保留,已截止
M046,正式公告/指南,正式开放课题公告｜已复读原官方公告；附件缺口见条款列,https://aiia.seu.edu.cn/2024/1010/c50239a505891/page.htm,2026-10-08,已复读已取得证据,保留,已截止
M046,截止日期,2024-11-30；北京时间时点：未公开/未取得,https://aiia.seu.edu.cn/2024/1010/c50239a505891/page.htm,2026-10-08,未核清/有缺口,保留,已截止
M046,资助金额,2万元,https://aiia.seu.edu.cn/2024/1010/c50239a505891/page.htm,2026-10-08,已复读已取得证据,保留,已截止
M046,申请资格,官方明确｜凡是2025年1月1日未满36周岁（即1989年1月1日以后出生），具有博士学位的国内外从事人工智能技术与交叉应用研究的非东南大学的科研人员（东南大学在读博士生和在站博士后视作本校科研人员），均可以向实验室申请开放基金课题。,https://aiia.seu.edu.cn/2024/1010/c50239a505891/page.htm,2026-10-08,已复读已取得证据,保留,已截止
M046,合作及访问,官方明确｜为促进实验室与国内外同行的合作与交流，特设立开放课题基金，资助与实验室研究方向相关的基础和应用基础研究。,https://aiia.seu.edu.cn/2024/1010/c50239a505891/page.htm,2026-10-08,已复读已取得证据,保留,已截止
M046,经费使用及外拨,"官方明确｜开放课题立项后申请人需要确定一位实验室成员作为校内联系人（或者由实验室推荐）辅助处理课题经费使用事宜。
(1)论文：应署“新一代人工智能技术与交叉应用教育部重点实验室（东南大学）”或“Key Laboratory of New Generation Artificial Intelligence Technology and Its Interdisciplinary Applications (Southeast University), Ministry of Education, China”为论文第一（或通信）作者的单位之一，并注明得到“中央高校基本科研业务费专项资金资助”，拟定其中英文标注为“中央高校基本科研业务费专项资金资助”（supported by“the Fundamental Research Funds for the Central Universities”）；",https://aiia.seu.edu.cn/2024/1010/c50239a505891/page.htm,2026-10-08,已复读已取得证据,保留,已截止
M046,研究周期,官方明确｜开放课题资助期为2年，平均资助力度为2万元，课题数量根据实验室经费、课题申请数量及质量等因素综合考虑确定。,https://aiia.seu.edu.cn/2024/1010/c50239a505891/page.htm,2026-10-08,已复读已取得证据,保留,已截止
M046,成果数量及署名,"官方明确｜4．年度报告和结题要求 受资助课题应按年度提交进展报告，对于没有充足理由未能按进度完成研究计划的课题，实验室主任有权暂时中止或取消资助资金。
(1) 结题报告；
开放课题所取得的研究成果归本实验室与课题承担人所在单位共同拥有。
(1)论文：应署“新一代人工智能技术与交叉应用教育部重点实验室（东南大学）”或“Key Laboratory of New Generation Artificial Intelligence Technology and Its Interdisciplinary Applications (Southeast University), Ministry of Education, China”为论文第一（或通信）作者的单位之一，并注明得到“中央高校基本科研业务费专项资金资助”，拟定其中英文标注为“中央高校基本科研业务费专项资金资助”（supported by“the Fundamental Research Funds for the Central Universities”）；
(3) 鉴定成果：应署新一代人工智能技术与交叉应用教育部重点实验室（东南大学）为该项成果的主要完成单位之一。",https://aiia.seu.edu.cn/2024/1010/c50239a505891/page.htm,2026-10-08,已复读已取得证据,保留,已截止
M046,知识产权,官方明确｜开放课题所取得的研究成果归本实验室与课题承担人所在单位共同拥有。,https://aiia.seu.edu.cn/2024/1010/c50239a505891/page.htm,2026-10-08,已复读已取得证据,保留,已截止
M046,材料及提交方式,"官方明确｜申请人从实验室网站（https://aiia.seu.edu.cn）下载并填写开放基金课题申请书，由所在单位签署意见并加盖公章后，将申请表寄回东南大学新一代人工智能技术与交叉应用教育部重点实验室（需提交一份电子版，三份纸质版本）。
开放课题立项后申请人需要确定一位实验室成员作为校内联系人（或者由实验室推荐）辅助处理课题经费使用事宜。
请各位申请人于2024年11月30日前提交开放课题申请书电子版至曹老师电子邮箱caolingling@seu.edu.cn，并将3份纸质申请书（需签字盖章）邮寄至实验室。
邮寄地址：南京市江宁区东南大学九龙湖校区计算机楼124室，211189，曹老师 025-52090987。",https://aiia.seu.edu.cn/2024/1010/c50239a505891/page.htm,2026-10-08,已复读已取得证据,保留,已截止
M045,实际任务筛选,保留｜机器人与无人系统测量、协同控制,https://automation.seu.edu.cn/2025/0409/c24460a524408/page.htm,2026-10-08,已复读已取得证据,保留,已截止
M045,正式公告/指南,正式开放课题公告｜已复读原官方公告；附件缺口见条款列,https://automation.seu.edu.cn/2025/0409/c24460a524408/page.htm,2026-10-08,已复读已取得证据,保留,已截止
M045,截止日期,2025-04-25；北京时间时点：未公开/未取得,https://automation.seu.edu.cn/2025/0409/c24460a524408/page.htm,2026-10-08,未核清/有缺口,保留,已截止
M045,资助金额,不超过3万元,https://automation.seu.edu.cn/2025/0409/c24460a524408/page.htm,2026-10-08,已复读已取得证据,保留,已截止
M045,申请资格,官方明确｜具有博士学位、副高（含）及以下职称的高校教师或博士后；年龄35岁及以下，按申请当年1月1日计算。,https://automation.seu.edu.cn/2025/0409/c24460a524408/page.htm,2026-10-08,已复读已取得证据,保留,已截止
M045,合作及访问,"官方明确｜考虑到所有课题全部委托实验室秘书报销的工作量较为繁重，为了方便校外课题经费使用，以及加强校内外学术交流与合作，2025年度的校外课题以合作研究形式申请，即校外申请课题必须以本实验室成员为第一合作申请人（以下简称“课题合作人”）。
认定成果论文第一作者应为课题负责人或合作人，并将重点实验室标注为第二单位。",https://automation.seu.edu.cn/2025/0409/c24460a524408/page.htm,2026-10-08,已复读已取得证据,保留,已截止
M045,经费使用及外拨,"官方明确｜2、由于我校从2012年起规定重点实验室基本科研业务费仅限校内财务结算、不得外拨，因此立项的校外课题经费只能来我校报销。
考虑到所有课题全部委托实验室秘书报销的工作量较为繁重，为了方便校外课题经费使用，以及加强校内外学术交流与合作，2025年度的校外课题以合作研究形式申请，即校外申请课题必须以本实验室成员为第一合作申请人（以下简称“课题合作人”）。
课题合作人每年参与申请的开放课题不超过两项，应代理课题负责人完成纸质材料递交、经费报销手续、财务决算等事务。
课题经费仅限于东南大学校内财务结算、来校报销，原则上不进行外拨。
课题负责人掌握经费的使用权，委托课题合作人完成日常报销手续、财务决算等事务。
经费开支遵守东南大学校发[2016]271号“关于中央财政资金使用公务卡结算的补充通知（二）”、东南大学财务处关于基本科研业务费使用办法的补充规定，以及实验室相关规定。
2、课题研究成果归双方共有，研究形成的成果（包括论文、专著、专利、鉴定或获奖成果等）必须标注东南大学复杂工程系统测量与控制教育部重点实验室开放课题基金资助：中央高校基本科研业务费专项资金资助（项目号），supported by“the Fundamental Research Funds for the Central Universities（项目号）。",https://automation.seu.edu.cn/2025/0409/c24460a524408/page.htm,2026-10-08,已复读已取得证据,保留,已截止
M045,研究周期,官方明确｜2025年度项目研究期限2年。,https://automation.seu.edu.cn/2025/0409/c24460a524408/page.htm,2026-10-08,已复读已取得证据,保留,已截止
M045,成果数量及署名,"官方明确｜2、实验室学术委员会组织进行结题报告（年度报告）的评审，评审结果分为优、良、中、差四个等级。
结题报告经验收合格、评审结果为良以上，方可再申请新课题。
1、用实验室基金资助课题的成果，由学术委员会组织评审，成果归实验室和研究人员所在单位共有，成果鉴定和报奖由本实验室与研究人员所在单位共同办理。
2、课题研究成果归双方共有，研究形成的成果（包括论文、专著、专利、鉴定或获奖成果等）必须标注东南大学复杂工程系统测量与控制教育部重点实验室开放课题基金资助：中央高校基本科研业务费专项资金资助（项目号），supported by“the Fundamental Research Funds for the Central Universities（项目号）。
项目资助有没有标注顺序的要求。
认定成果论文第一作者应为课题负责人或合作人，并将重点实验室标注为第二单位。
3、由本实验室资助的课题所产生的专利，其专利权归申请人原单位所有，但申请人有义务及时向本实验室报告申请的专利，并作为本实验室开放课题的成果。",https://automation.seu.edu.cn/2025/0409/c24460a524408/page.htm,2026-10-08,已复读已取得证据,保留,已截止
M045,知识产权,"官方明确｜七、研究成果的标注与归属
1、用实验室基金资助课题的成果，由学术委员会组织评审，成果归实验室和研究人员所在单位共有，成果鉴定和报奖由本实验室与研究人员所在单位共同办理。
2、课题研究成果归双方共有，研究形成的成果（包括论文、专著、专利、鉴定或获奖成果等）必须标注东南大学复杂工程系统测量与控制教育部重点实验室开放课题基金资助：中央高校基本科研业务费专项资金资助（项目号），supported by“the Fundamental Research Funds for the Central Universities（项目号）。
3、由本实验室资助的课题所产生的专利，其专利权归申请人原单位所有，但申请人有义务及时向本实验室报告申请的专利，并作为本实验室开放课题的成果。",https://automation.seu.edu.cn/2025/0409/c24460a524408/page.htm,2026-10-08,已复读已取得证据,保留,已截止
M045,材料及提交方式,"官方明确｜2、申请者所在单位领导在申请书上签字并加盖单位公章，《申请书》一式2份，报送重点实验室。
请各位申请人于2025年4月25日前提交开放课题申请书电子版（word格式，电子版中不需要签字盖章）至mccse@pub.seu.edu.cn，并同时将纸质申请书（需签字盖章，盖学校或学院章都可以）报送实验室秘书王颖（报送方式：将纸质版投递到中心楼2楼王颖的邮箱）。
如单位盖章有困难，可等项目立项之后再补交盖章的纸质版申请书。
邮箱：jupiter@seu.edu.cn",https://automation.seu.edu.cn/2025/0409/c24460a524408/page.htm,2026-10-08,已复读已取得证据,保留,已截止
M168,实际任务筛选,剔除｜任务为能源热转换、低碳能源与能源过程测控；未列机器人研究任务。,https://etcc.seu.edu.cn/2026/0428/c7052a566005/page.htm,2026-10-08,已复读已取得证据,剔除,已剔除·范围不符
M168,正式公告/指南,正式开放课题公告｜已复读原官方公告；附件缺口见条款列,https://etcc.seu.edu.cn/2026/0428/c7052a566005/page.htm,2026-10-08,已复读已取得证据,剔除,已剔除·范围不符
M168,截止日期,2026-05-15；北京时间时点：未公开/未取得,https://etcc.seu.edu.cn/2026/0428/c7052a566005/page.htm,2026-10-08,未核清/有缺口,剔除,已剔除·范围不符
M168,资助金额,不超过2万元,https://etcc.seu.edu.cn/2026/0428/c7052a566005/page.htm,2026-10-08,已复读已取得证据,剔除,已剔除·范围不符
M168,申请资格,"官方明确｜与承担单位工作和本人承担的课题及成果没有冲突，已获得本实验室开放课题者不得重复申请。
4. 课题研究所获得的成果由实验室和申请者及其所在单位共享，课题相关成果或论文发表必须标注 “ 能源热转换及其过程测控教育部重点实验室开放课题资助 ” ，英文论文应标注 “Funded by Open Foundation of KeyLaboratory of Energy Thermal Conversion and Control of Ministry of Education” 。","https://etcc.seu.edu.cn/2026/0428/c7052a566005/page.htm
https://etcc.seu.edu.cn/_upload/article/files/8f/9f/4b4fd1704800874a7670aed83a9b/0c7d7191-dd25-4502-ba47-7801cb05b205.doc",2026-10-08,已复读已取得证据,剔除,已剔除·范围不符
M168,合作及访问,官方明确｜五、经费预算项           目	金   额（万元）	备  注		   合计：				    1、科研业务费合计				      （1）实验用动植物的购置、种植和养殖费				      （2）计算、测试、分析费				      （3）国内调研和学术会议费				      （4）业务资料、报告、论文印刷费				      （5）临时用工劳务费				      （6）其他				    2、实验材料费合计				（1）原材料、试剂、药品等消耗性物品购置费				      （2）标本、样品采集加工费				      （3）运杂包装费				      （4）其他				    3、仪器设备购置费合计				      （1）专用仪器设备的购置费				      （2）运杂包装费				      （3）安装费				      （4）自制专用仪器设备的材料、配件和外协加工费				      （5）其他				    4、实验室改装费								    5、协作费								    6、管理费								    7、生活补贴费六、申请者所在单位及合作单位的审查与保证1. 合作单位的审查意见与保证		    本单位同意参加合作研究，保证对参加合作研究人员给予时间及工作条件的支持、督促其按计划完成所承担的任务。,"https://etcc.seu.edu.cn/2026/0428/c7052a566005/page.htm
https://etcc.seu.edu.cn/_upload/article/files/8f/9f/4b4fd1704800874a7670aed83a9b/0c7d7191-dd25-4502-ba47-7801cb05b205.doc",2026-10-08,已复读已取得证据,剔除,已剔除·范围不符
M168,经费使用及外拨,官方明确｜五、经费预算项           目	金   额（万元）	备  注		   合计：				    1、科研业务费合计				      （1）实验用动植物的购置、种植和养殖费				      （2）计算、测试、分析费				      （3）国内调研和学术会议费				      （4）业务资料、报告、论文印刷费				      （5）临时用工劳务费				      （6）其他				    2、实验材料费合计				（1）原材料、试剂、药品等消耗性物品购置费				      （2）标本、样品采集加工费				      （3）运杂包装费				      （4）其他				    3、仪器设备购置费合计				      （1）专用仪器设备的购置费				      （2）运杂包装费				      （3）安装费				      （4）自制专用仪器设备的材料、配件和外协加工费				      （5）其他				    4、实验室改装费								    5、协作费								    6、管理费								    7、生活补贴费六、申请者所在单位及合作单位的审查与保证1. 合作单位的审查意见与保证		    本单位同意参加合作研究，保证对参加合作研究人员给予时间及工作条件的支持、督促其按计划完成所承担的任务。,https://etcc.seu.edu.cn/_upload/article/files/8f/9f/4b4fd1704800874a7670aed83a9b/0c7d7191-dd25-4502-ba47-7801cb05b205.doc,2026-10-08,已复读已取得证据,剔除,已剔除·范围不符
M168,研究周期,官方明确｜3. 每项开放课题资助额度不超过 2 万元，研究期限 2026.6~2027.5 。,"https://etcc.seu.edu.cn/2026/0428/c7052a566005/page.htm
https://etcc.seu.edu.cn/_upload/article/files/8f/9f/4b4fd1704800874a7670aed83a9b/0c7d7191-dd25-4502-ba47-7801cb05b205.doc",2026-10-08,已复读已取得证据,剔除,已剔除·范围不符
M168,成果数量及署名,官方明确｜4. 课题研究所获得的成果由实验室和申请者及其所在单位共享，课题相关成果或论文发表必须标注 “ 能源热转换及其过程测控教育部重点实验室开放课题资助 ” ，英文论文应标注 “Funded by Open Foundation of KeyLaboratory of Energy Thermal Conversion and Control of Ministry of Education” 。,"https://etcc.seu.edu.cn/2026/0428/c7052a566005/page.htm
https://etcc.seu.edu.cn/_upload/article/files/8f/9f/4b4fd1704800874a7670aed83a9b/0c7d7191-dd25-4502-ba47-7801cb05b205.doc",2026-10-08,已复读已取得证据,剔除,已剔除·范围不符
M168,知识产权,官方明确｜4. 课题研究所获得的成果由实验室和申请者及其所在单位共享，课题相关成果或论文发表必须标注 “ 能源热转换及其过程测控教育部重点实验室开放课题资助 ” ，英文论文应标注 “Funded by Open Foundation of KeyLaboratory of Energy Thermal Conversion and Control of Ministry of Education” 。,https://etcc.seu.edu.cn/2026/0428/c7052a566005/page.htm,2026-10-08,已复读已取得证据,剔除,已剔除·范围不符
M168,材料及提交方式,"官方明确｜请各位申请人于截止日期前将电子版 申请书发送至 101012934 @seu.edu.cn 。
Email ： 1 01012934@seu.edu.cn","https://etcc.seu.edu.cn/2026/0428/c7052a566005/page.htm
https://etcc.seu.edu.cn/_upload/article/files/8f/9f/4b4fd1704800874a7670aed83a9b/0c7d7191-dd25-4502-ba47-7801cb05b205.doc",2026-10-08,已复读已取得证据,剔除,已剔除·范围不符
M167,实际任务筛选,剔除｜当期任务为移动通信体系、无线资源与通信网络技术；未列机器人或具身系统任务。,https://ncrl.seu.edu.cn/2026/0803/c15598a578768/page.htm,2026-10-08,已复读已取得证据,剔除,已剔除·范围不符
M167,正式公告/指南,正式开放课题公告｜已复读原官方公告；附件缺口见条款列,https://ncrl.seu.edu.cn/2026/0803/c15598a578768/page.htm,2026-10-08,已复读已取得证据,剔除,已剔除·范围不符
M167,截止日期,2026-09-25；北京时间时点：未公开/未取得,https://ncrl.seu.edu.cn/2026/0803/c15598a578768/page.htm,2026-10-08,未核清/有缺口,剔除,已剔除·范围不符
M167,资助金额,A类5—7万元；B类8—10万元,https://ncrl.seu.edu.cn/2026/0803/c15598a578768/page.htm,2026-10-08,已复读已取得证据,剔除,已剔除·范围不符
M167,申请资格,官方明确｜资助对象：国内高等院校、科研院所等具有博士学位的正式在编人员；,"https://ncrl.seu.edu.cn/2026/0803/c15598a578768/page.htm
https://ncrl.seu.edu.cn/_upload/article/files/7b/4a/1637a22b407f82cd64682a9e86dc/8bb44729-2e58-438b-b8e8-56754517959a.docx",2026-10-08,已复读已取得证据,剔除,已剔除·范围不符
M167,合作及访问,公开资料未载明｜已取得公开资料未载明合作及访问的完整条款。,https://ncrl.seu.edu.cn/2026/0803/c15598a578768/page.htm,2026-10-08,未核清/有缺口,剔除,已剔除·范围不符
M167,经费使用及外拨,"官方明确｜最后一年提供结题报告（含本单位财务处盖章的经费使用情况表。
备注有正式编制的参研人员研究生七、课题经费使用预算科目名称预算数
7、劳务费指在校研究生参与课题研究的酬金费用，不超过总经费的15％。","https://ncrl.seu.edu.cn/2026/0803/c15598a578768/page.htm
https://ncrl.seu.edu.cn/_upload/article/files/7b/4a/1637a22b407f82cd64682a9e86dc/8bb44729-2e58-438b-b8e8-56754517959a.docx",2026-10-08,已复读已取得证据,剔除,已剔除·范围不符
M167,研究周期,官方明确｜2年。,"https://ncrl.seu.edu.cn/_upload/article/files/7b/4a/1637a22b407f82cd64682a9e86dc/8bb44729-2e58-438b-b8e8-56754517959a.docx
https://ncrl.seu.edu.cn/_upload/article/files/7b/4a/1637a22b407f82cd64682a9e86dc/eef72041-94e1-486d-94a0-020532e721bb.docx",2026-10-08,已复读已取得证据,剔除,已剔除·范围不符
M167,成果数量及署名,"官方明确｜A 类需在 SCI 、 EI 期刊或 EI 会议上发表学术论文不少于 6 篇，其中 SCI 收录不少于 3 篇；
B 类需在 SCI 、 EI 期刊或 EI 会议上发表学术论文不少于 8 篇，其中 SCI 收录不少于 4 篇。
最后一年提供结题报告（含本单位财务处盖章的经费使用情况表。","https://ncrl.seu.edu.cn/2026/0803/c15598a578768/page.htm
https://ncrl.seu.edu.cn/_upload/article/files/7b/4a/1637a22b407f82cd64682a9e86dc/8bb44729-2e58-438b-b8e8-56754517959a.docx",2026-10-08,已复读已取得证据,剔除,已剔除·范围不符
M167,知识产权,官方明确｜5、出版/文献/信息传播/知识产权事务费指课题研究研发过程中需要支付的出版费、论文版面费、论文注册费、文献、资料、文献检索、查新费、信息传播、专利申请及专利年费等费用。,https://ncrl.seu.edu.cn/_upload/article/files/7b/4a/1637a22b407f82cd64682a9e86dc/8bb44729-2e58-438b-b8e8-56754517959a.docx,2026-10-08,已复读已取得证据,剔除,已剔除·范围不符
M167,材料及提交方式,"官方明确｜请在 2026 年 9 月 25 日之前将撰写好的申请书、申请书摘要的电子文档发至如下地址： lianmeng@seu.edu.cn （练老师），并将纸质申请书一份签字盖章后，用 顺丰 邮寄到如下地址：
说明： 1 ）邮寄纸质申请书的邮费请自行付清，本室不接收“对方支付邮费”的快递邮件；
2 ）申请书和申请书摘要的电子版请严格按照“学校 - 姓名 - 申请书 / 申请书摘要”的格式命名。
申请书的纸质版需要加盖 依托单位公章 ，并且用订书机装订完整，申请书摘要单独一份不需要盖章。","https://ncrl.seu.edu.cn/2026/0803/c15598a578768/page.htm
https://ncrl.seu.edu.cn/_upload/article/files/7b/4a/1637a22b407f82cd64682a9e86dc/8bb44729-2e58-438b-b8e8-56754517959a.docx",2026-10-08,已复读已取得证据,剔除,已剔除·范围不符
M022,实际任务筛选,待核｜历史结构力学与控制公告尚缺当年明确机器人或无人装备具体任务；不将2027指南回填历史年度。,https://skl.nuaa.edu.cn/2025/1017/c4738a385555/page.htm,2026-10-08,未核清/有缺口,待核,方向待核·已截止
M022,正式公告/指南,正式开放课题公告｜已复读原官方公告；附件缺口见条款列,https://skl.nuaa.edu.cn/2025/1017/c4738a385555/page.htm,2026-10-08,已复读已取得证据,待核,方向待核·已截止
M022,截止日期,2025-11-07；北京时间时点：未公开/未取得,https://skl.nuaa.edu.cn/2025/1017/c4738a385555/page.htm,2026-10-08,未核清/有缺口,待核,方向待核·已截止
M022,资助金额,重点20–30万元；面上10–12万元；青年5–8万元,https://skl.nuaa.edu.cn/2025/1017/c4738a385555/page.htm,2026-10-08,已复读已取得证据,待核,方向待核·已截止
M022,申请资格,"官方明确｜1、具有高级专业技术职务（职称）或已获得博士学位；
在站博士后申请需由依托单位提供书面承诺，保证在获得项目资助后延长其在博士后工作站的期限至项目资助期满，或者出站后继续留在依托单位从事科学研究。
4、已承担实验室课题未结题者，不得申报；
已获得过各类资助的项目，不得重复申报。
第七条 重点课题和面上课题申请人须符合以下条件： 1．具有高级专业技术职称或已获得博士学位；
第十条 申请者同期只能申请一项，重点实验室固定研究人员参与项目限项为 2 项。
重点实验室固定研究人员不得申请开放课题。","https://skl.nuaa.edu.cn/2025/1017/c4738a385555/page.htm
https://skl.nuaa.edu.cn/_upload/article/files/81/a7/10a39aeb4ad68bc0d959082efe39/ef287ef5-281c-4596-9f75-2e31364c4aa5.pdf",2026-10-08,已复读已取得证据,待核,方向待核·已截止
M022,合作及访问,"官方明确｜5、所联系的合作者（即实验室固定人员），每年只能参加一项课题申报，且不得连续两年获同一类型课题资助。
第九条 重点课题和面上课题均至少有一位重点实验室固定研究人员参与，重点项目的参研人员希望形成梯队，青年课题申请者须有一位重点实验室固定研究人员作为合作导师。
第十条 申请者同期只能申请一项，重点实验室固定研究人员参与项目限项为 2 项。
第二十八条 课题组成员每年必须与重点实验室研究人员有学术交流活动，鼓励课题组成员在重点实验室开展研究工作。
申请专利时，专利权归申请人单位所有，如有重点实验室合作者，南京航空航天大学应同为专利权人。
由重点实验室开放课题资助所发表的论文、论著、研究报告、资料、鉴定证书以及其它成果，须有重点实验室和合作者的署名，并标注：航空航天结构力学及控制全国重点实验室开放课题资助， 并加注开放课题编号；","https://skl.nuaa.edu.cn/2025/1017/c4738a385555/page.htm
https://skl.nuaa.edu.cn/_upload/article/files/81/a7/10a39aeb4ad68bc0d959082efe39/8815aef9-1a99-4327-b289-e4fde410e805.pdf",2026-10-08,已复读已取得证据,待核,方向待核·已截止
M022,经费使用及外拨,"官方明确｜1 航空航天结构力学及控制全国重点实验室 开放课题管理办法 2012 年 10 月 18 日室务管理委员会通过试行 2015 年 1 月 14 日室务管理委员会 2015 年第一次主任办公会修订 2017 年 11 月 23 日室务管理委员会 2017 年第四次主任办公会修订 2023 年 12 月 15 日室务管理委员会 2023 年第四次主任办公会修订 2025 年 10 月 13 日室务管理委员会 2025 年第七次主任办公会修订 1、 总 则 第一条 为规范重点实验室开放课题的管理，根据《全国重点实验室建设与运行管理办法》和《全国重点实验室专项经费管理办法》 ，特制定本办法。
第六条 每年各类开放课题数量将根据国家科技部核拨的实验室基本科研业务费，以及项目申报情况确定。
经费开支范围严格按照财政部、科技部《全国重点实验室专项经费管理办法》执行。
第三十三条 对于终止的课题， 重点实验室有权对课题的经费使用情况进行审计。","https://skl.nuaa.edu.cn/2025/1017/c4738a385555/page.htm
https://skl.nuaa.edu.cn/_upload/article/files/81/a7/10a39aeb4ad68bc0d959082efe39/8815aef9-1a99-4327-b289-e4fde410e805.pdf",2026-10-08,已复读已取得证据,待核,方向待核·已截止
M022,研究周期,"官方明确｜在站博士后申请需由依托单位提供书面承诺，保证在获得项目资助后延长其在博士后工作站的期限至项目资助期满，或者出站后继续留在依托单位从事科学研究。
上述项目资助期限均为2年（2026年1月1日至2027年12月31日）。
第三十一条 开放课题若不能按期完成， 应在课题原执行期结束前两个月提出书面申请，说明原因及所需延长的时间，经重点实验室主任批准同意后，方可延长执行期限，一般只能延长一次，时间不得超过一年；","https://skl.nuaa.edu.cn/2025/1017/c4738a385555/page.htm
https://skl.nuaa.edu.cn/_upload/article/files/81/a7/10a39aeb4ad68bc0d959082efe39/8815aef9-1a99-4327-b289-e4fde410e805.pdf",2026-10-08,已复读已取得证据,待核,方向待核·已截止
M022,成果数量及署名,"官方明确｜第三十四条 课题结束后， 课题负责人填写开放课题结题报告， 经课题承担单位认真审查后提交重点实验室。
第三十五条 课题负责人应向重点实验室提交课题结题文档资料， 包括学术论文及其它相关的技术资料。
第三十六条 开放课题的研究成果由重点实验室和课题承担单位共享。
申请专利时，专利权归申请人单位所有，如有重点实验室合作者，南京航空航天大学应同为专利权人。
由重点实验室开放课题资助所发表的论文、论著、研究报告、资料、鉴定证书以及其它成果，须有重点实验室和合作者的署名，并标注：航空航天结构力学及控制全国重点实验室开放课题资助， 并加注开放课题编号；
附录二：开放课题申请联系方式 通信地址：江苏省南京市御道街 29 号 南京航空航天大学航空航天结构力学及控制全国重点实验室 邮编：210016 电话：025-84896316 传真：025-84895759 E-mail：skl@nuaa.edu.cn 主页：http:// sklmcms.nuaa.edu.cn 6 附件一：航空航天结构力学及控制全国重点实验室开放课题申请书 附件二：航空航天结构力学及控制全国重点实验室开放课题计划书 附件三：航空航天结构力学及控制全国重点实验室开放课题中期进展报告 附件四：航空航天结构力学及控制全国重点实验室开放课题结题报告","https://skl.nuaa.edu.cn/2025/1017/c4738a385555/page.htm
https://skl.nuaa.edu.cn/_upload/article/files/81/a7/10a39aeb4ad68bc0d959082efe39/ef287ef5-281c-4596-9f75-2e31364c4aa5.pdf",2026-10-08,已复读已取得证据,待核,方向待核·已截止
M022,知识产权,"官方明确｜第三十六条 开放课题的研究成果由重点实验室和课题承担单位共享。
成果转让的获利，由双方共享，比例另行协商。
申请专利时，专利权归申请人单位所有，如有重点实验室合作者，南京航空航天大学应同为专利权人。",https://skl.nuaa.edu.cn/_upload/article/files/81/a7/10a39aeb4ad68bc0d959082efe39/ef287ef5-281c-4596-9f75-2e31364c4aa5.pdf,2026-10-08,已复读已取得证据,待核,方向待核·已截止
M022,材料及提交方式,"官方明确｜3、申请人请于2025年11月7日前将开放课题申请书电子版（含电子签名）发送至 skl@nuaa.edu.cn，同时将申请书纸质文件（一式一份），经所在单位签署意见并加盖公章后寄至如下地址：
江苏省南京市秦淮区御道街29号，南京航空航天大学320信箱，航空航天结构力学及控制全国重点实验室办公室，邮编：210016，（只接收中国邮政EMS或挂号信），E-mail: skl@nuaa.edu.cn
第三十七条 开放课题有关文档均须提交纸质文本一份、 电子文档一份。
附录二：开放课题申请联系方式 通信地址：江苏省南京市御道街 29 号 南京航空航天大学航空航天结构力学及控制全国重点实验室 邮编：210016 电话：025-84896316 传真：025-84895759 E-mail：skl@nuaa.edu.cn 主页：http:// sklmcms.nuaa.edu.cn 6 附件一：航空航天结构力学及控制全国重点实验室开放课题申请书 附件二：航空航天结构力学及控制全国重点实验室开放课题计划书 附件三：航空航天结构力学及控制全国重点实验室开放课题中期进展报告 附件四：航空航天结构力学及控制全国重点实验室开放课题结题报告","https://skl.nuaa.edu.cn/2025/1017/c4738a385555/page.htm
https://skl.nuaa.edu.cn/_upload/article/files/81/a7/10a39aeb4ad68bc0d959082efe39/ef287ef5-281c-4596-9f75-2e31364c4aa5.pdf",2026-10-08,已复读已取得证据,待核,方向待核·已截止
M169,实际任务筛选,剔除｜任务为卫星遥感、星座规划与空间信息处理；未列机器人或地面无人装备任务。,https://kyy.nuaa.edu.cn/2026/0604/c5817a400921/page.htm,2026-10-08,已复读已取得证据,剔除,已剔除·范围不符
M169,正式公告/指南,正式开放课题公告｜已复读原官方公告；附件缺口见条款列,https://kyy.nuaa.edu.cn/2026/0604/c5817a400921/page.htm,2026-10-08,已复读已取得证据,剔除,已剔除·范围不符
M169,截止日期,2026-06-30；北京时间时点：未公开/未取得,https://kyy.nuaa.edu.cn/2026/0604/c5817a400921/page.htm,2026-10-08,未核清/有缺口,剔除,已剔除·范围不符
M169,资助金额,重点20万元、一般10万元,https://kyy.nuaa.edu.cn/2026/0604/c5817a400921/page.htm,2026-10-08,已复读已取得证据,剔除,已剔除·范围不符
M169,申请资格,官方明确｜申请人根据本指南要求填写立项申请书。,https://kyy.nuaa.edu.cn/2026/0604/c5817a400921/page.htm,2026-10-08,已复读已取得证据,剔除,已剔除·范围不符
M169,合作及访问,"官方明确｜（一）申请人须在国内科研机构、高等院校、企事业单位从事与本联合实验室开放基金研究方向相关领域研究工作，具有与申请内容有关的较为扎实的研究基础和工作条件。
须与联合实验室人员共同开展课题研究。
（二）实验室学术委员会择期组织对申请项目进行评审，通过立项评审后，经联合实验室确认并公示无异议，签订合同任务书后项目正式启动。
（一）开放基金课题资助项目所取得的成果（包括收集到的资料、数据、研究报告、相应软件及其测试检验报告等）归研究者与本实验室共同所有，项目结题时相关成果应提交实验室留档。
（三）实验室资助发表的所有知识产权成果须与实验室人员共同完成，须署名本实验室为第一完成单位，且实验室人员为第一作者或通讯作者；
论文须在论文首页页脚（题注）第一标署“空间智能感知与大模型应用联合实验室开放课题资助（课题编号：XXXXXX ）”。
空间智能感知与大模型应用联合实验室-申报书模板.docx","https://kyy.nuaa.edu.cn/2026/0604/c5817a400921/page.htm
https://kyy.nuaa.edu.cn/fwzn/list.htm",2026-10-08,已复读已取得证据,剔除,已剔除·范围不符
M169,经费使用及外拨,"官方明确｜拨款方式：开放基金正式签订合同后拨付30%给课题负责人所在单位；
通过中期验收后拨付30%；
通过结题验收后拨付40%。
（二）开放课题经费主要用于课题科研工作直接需要费用，专款专用，原则上不列支通用软件和设备费。
（三）对于经费使用不合理或不按进度完成计划课题者，实验室有权调整或停拨资助经费。
横向技术合同审核、零星采购合同审核、外协合同审核、减免税办理、项目经费下款、项目结转结算、专利事务、质量管理体系认证、采购招标、院章管理
自然基金、基本科研业务费、国际科技合作项目、创新团队、国家重点研发计划、科技创新2030等国家科技计划，江苏省及各地方产学研项目（非横向）","https://kyy.nuaa.edu.cn/2026/0604/c5817a400921/page.htm
https://kyy.nuaa.edu.cn/fwzn/list.htm",2026-10-08,已复读已取得证据,剔除,已剔除·范围不符
M169,研究周期,官方明确｜二、资助额度与周期,https://kyy.nuaa.edu.cn/2026/0604/c5817a400921/page.htm,2026-10-08,已复读已取得证据,剔除,已剔除·范围不符
M169,成果数量及署名,"官方明确｜（一）开放基金课题资助项目所取得的成果（包括收集到的资料、数据、研究报告、相应软件及其测试检验报告等）归研究者与本实验室共同所有，项目结题时相关成果应提交实验室留档。
（三）实验室资助发表的所有知识产权成果须与实验室人员共同完成，须署名本实验室为第一完成单位，且实验室人员为第一作者或通讯作者；
论文须在论文首页页脚（题注）第一标署“空间智能感知与大模型应用联合实验室开放课题资助（课题编号：XXXXXX ）”。","https://kyy.nuaa.edu.cn/2026/0604/c5817a400921/page.htm
https://kyy.nuaa.edu.cn/fwzn/list.htm",2026-10-08,已复读已取得证据,剔除,已剔除·范围不符
M169,知识产权,官方明确｜（一）开放基金课题资助项目所取得的成果（包括收集到的资料、数据、研究报告、相应软件及其测试检验报告等）归研究者与本实验室共同所有，项目结题时相关成果应提交实验室留档。,"https://kyy.nuaa.edu.cn/2026/0604/c5817a400921/page.htm
https://kyy.nuaa.edu.cn/fwzn/list.htm",2026-10-08,已复读已取得证据,剔除,已剔除·范围不符
M169,材料及提交方式,"官方明确｜立项申请书（一式三份加盖单位公章）寄送到南京市江宁区南京航空航天大学航天学院A425室，并将电子版以“单位-姓名-课题名称”命名，发送至wangbo_nuaa@nuaa.edu.cn，申请书格式见附件。
（一）申请书提交截止日期为2026年6月30日，过期不予受理。",https://kyy.nuaa.edu.cn/2026/0604/c5817a400921/page.htm,2026-10-08,已复读已取得证据,剔除,已剔除·范围不符
M073,实际任务筛选,保留｜工业具身智能世界模型、柔性操作与人机、多机器人协同,https://iaii.cas.cn/hzjl/kjhz/202607/t20260715_8248969.html,2026-10-08,已复读已取得证据,保留,已截止
M073,正式公告/指南,正式开放课题公告｜已复读原官方公告；附件缺口见条款列,https://iaii.cas.cn/hzjl/kjhz/202607/t20260715_8248969.html,2026-10-08,已复读已取得证据,保留,已截止
M073,截止日期,2026-05-31；北京时间时点：未公开/未取得,https://iaii.cas.cn/hzjl/kjhz/202607/t20260715_8248969.html,2026-10-08,未核清/有缺口,保留,已截止
M073,资助金额,≤8万元,https://iaii.cas.cn/hzjl/kjhz/202607/t20260715_8248969.html,2026-10-08,已复读已取得证据,保留,已截止
M073,申请资格,"官方明确｜所外研究人员，博士或高级职称，长期相关基础研究；
同年牵头1项，不得用已获资助内容重复申请；
男<35/女<40为鼓励条件。",https://iaii.cas.cn/hzjl/kjhz/202607/t20260715_8248969.html,2026-10-08,已复读已取得证据,保留,已截止
M073,合作及访问,"官方明确｜课题合作的本所固定人员担任经费执行负责人；
须落实合作人和财务办理。",https://iaii.cas.cn/hzjl/kjhz/202607/t20260715_8248969.html,2026-10-08,已复读已取得证据,保留,已截止
M073,经费使用及外拨,公开资料未载明｜已取得公开资料未载明经费使用及外拨的完整条款。,https://iaii.cas.cn/hzjl/kjhz/202607/t20260715_8248969.html,2026-10-08,未核清/有缺口,保留,已截止
M073,研究周期,"官方明确｜不超过18个月；
2026年12月中期检查、2027年10月结题。",https://iaii.cas.cn/hzjl/kjhz/202607/t20260715_8248969.html,2026-10-08,已复读已取得证据,保留,已截止
M073,成果数量及署名,"官方明确｜申请书明确成果及指标；
高水平期刊论文至少2篇，期刊包括中科院一区/JCR一区/CCF A及本学科重要核心等；
结题书、成果清单与证明。
本人须主要完成人之一，须实验室/研究所署名和基金编号。",https://iaii.cas.cn/hzjl/kjhz/202607/t20260715_8248969.html,2026-10-08,已复读已取得证据,保留,已截止
M073,知识产权,已核条款（仍有缺口）｜公告未明确成果知识产权归属，合同待核。,https://iaii.cas.cn/hzjl/kjhz/202607/t20260715_8248969.html,2026-10-08,未核清/有缺口,保留,已截止
M073,材料及提交方式,"官方明确｜2026-05-31前电子1份、纸质2份，单位签署盖章。
xjliu@iaii.ac.cn；
刘老师18221116068；
南京江宁天泉路168号A座。",https://iaii.cas.cn/hzjl/kjhz/202607/t20260715_8248969.html,2026-10-08,已复读已取得证据,保留,已截止
M137,实际任务筛选,保留｜农机多源感知定位、自动导航、线控与自适应控制,https://nnj.caas.cn/xwdt/tzygg/9257acffb31c42e19dbb82b2c7671e98.htm,2026-10-08,已复读已取得证据,保留,已截止
M137,正式公告/指南,正式开放课题公告｜已复读原官方公告；附件缺口见条款列,https://nnj.caas.cn/xwdt/tzygg/9257acffb31c42e19dbb82b2c7671e98.htm,2026-10-08,已复读已取得证据,保留,已截止
M137,截止日期,2026-07-26；北京时间时点：未公开/未取得,https://nnj.caas.cn/xwdt/tzygg/9257acffb31c42e19dbb82b2c7671e98.htm,2026-10-08,未核清/有缺口,保留,已截止
M137,资助金额,不超过10万元,https://nnj.caas.cn/xwdt/tzygg/9257acffb31c42e19dbb82b2c7671e98.htm,2026-10-08,已复读已取得证据,保留,已截止
M137,申请资格,官方明确｜国内外高校、科研机构、企业等具有正式岗位的人员，博士学位或中级（含）以上职称；本实验室人员除外；本室基金项目未结题的负责人不得再次申请。,https://nnj.caas.cn/xwdt/tzygg/9257acffb31c42e19dbb82b2c7671e98.htm,2026-10-08,已复读已取得证据,保留,已截止
M137,合作及访问,官方明确｜每项课题必须由1位实验室固定成员担任第二负责人，可联系实验室推荐；论文通讯作者原则上为第二负责人。,https://nnj.caas.cn/xwdt/tzygg/9257acffb31c42e19dbb82b2c7671e98.htm,2026-10-08,已复读已取得证据,保留,已截止
M137,经费使用及外拨,已核条款（仍有缺口）｜按研究进展分年度拨付；允许业务费（材料、测试加工、差旅会议、出版信息与知识产权）及劳务费。外拨对象与比例在已取得公告中未明确。,https://nnj.caas.cn/xwdt/tzygg/9257acffb31c42e19dbb82b2c7671e98.htm,2026-10-08,未核清/有缺口,保留,已截止
M137,研究周期,官方明确｜2年。,https://nnj.caas.cn/xwdt/tzygg/9257acffb31c42e19dbb82b2c7671e98.htm,2026-10-08,已复读已取得证据,保留,已截止
M137,成果数量及署名,官方明确｜结题需发表EI或SCI收录期刊论文至少2篇，发表时间在研究期内；通讯作者原则上为第二负责人；实验室须为第一完成单位并标基金。结束后3个月内提交验收申请、研究报告、成果证明及原始软硬件资料。,https://nnj.caas.cn/xwdt/tzygg/9257acffb31c42e19dbb82b2c7671e98.htm,2026-10-08,已复读已取得证据,保留,已截止
M137,知识产权,公开资料未载明｜已取得公开资料未载明知识产权的完整条款。,https://nnj.caas.cn/xwdt/tzygg/9257acffb31c42e19dbb82b2c7671e98.htm,2026-10-08,未核清/有缺口,保留,已截止
M137,材料及提交方式,官方明确｜2026年7月26日前电子版提交；单位签署意见盖章后纸质一式3份寄南京市中山门外柳营100号综合实验楼314室，邮编210014。联系人李老师025-84346211，邮箱kjc211@163.com。,https://nnj.caas.cn/xwdt/tzygg/9257acffb31c42e19dbb82b2c7671e98.htm,2026-10-08,已复读已取得证据,保留,已截止
M165,实际任务筛选,待核｜英文指南公开智慧城市物联网、智能交通等宽泛领域；未列可直接核实的机器人或自主移动装备任务。,https://skliotsc.um.edu.mo/wp-content/uploads/2025/08/IOTSC-Guidelines-for-ORP-2026-2027.pdf,2026-10-08,未核清/有缺口,待核,方向待核·已截止
M165,正式公告/指南,正式开放课题公告｜已复读原官方公告；附件缺口见条款列,https://skliotsc.um.edu.mo/wp-content/uploads/2025/08/IOTSC-Guidelines-for-ORP-2026-2027.pdf,2026-10-08,已复读已取得证据,待核,方向待核·已截止
M165,截止日期,2025-08-15；北京时间时点：未公开/未取得,https://skliotsc.um.edu.mo/wp-content/uploads/2025/08/IOTSC-Guidelines-for-ORP-2026-2027.pdf,2026-10-08,未核清/有缺口,待核,方向待核·已截止
M165,资助金额,不超过8万澳门元/项,https://skliotsc.um.edu.mo/wp-content/uploads/2025/08/IOTSC-Guidelines-for-ORP-2026-2027.pdf,2026-10-08,已复读已取得证据,待核,方向待核·已截止
M165,申请资格,"官方明确｜国内外高校、学术机构、企业等研究人员；
博士或助理教授及以上。",https://skliotsc.um.edu.mo/wp-content/uploads/2025/08/IOTSC-Guidelines-for-ORP-2026-2027.pdf,2026-10-08,已复读已取得证据,待核,方向待核·已截止
M165,合作及访问,官方明确｜每项必须至少1名实验室全职教师作合作者。,https://skliotsc.um.edu.mo/wp-content/uploads/2025/08/IOTSC-Guidelines-for-ORP-2026-2027.pdf,2026-10-08,已复读已取得证据,待核,方向待核·已截止
M165,经费使用及外拨,"已核条款（仍有缺口）｜按澳门大学财务规定及开放课题办法，专款专用；
PI及接收机构承担财务行政责任；
项目完毕须用完经费，余款由实验室统筹；
具体外拨安排未明确。",https://skliotsc.um.edu.mo/wp-content/uploads/2025/08/IOTSC-Guidelines-for-ORP-2026-2027.pdf,2026-10-08,未核清/有缺口,待核,方向待核·已截止
M165,研究周期,官方明确｜通常24个月，2026-01-01起。,https://skliotsc.um.edu.mo/wp-content/uploads/2025/08/IOTSC-Guidelines-for-ORP-2026-2027.pdf,2026-10-08,已复读已取得证据,待核,方向待核·已截止
M165,成果数量及署名,"官方明确｜进展和结题报告（含各项开支）；
鼓励合作者联合发表和转化；
须标注FDCT 001/2024/SKL及SKL-IoTSC(UM)/ORPXX/2026，编号错误或开始前成果不计。",https://skliotsc.um.edu.mo/wp-content/uploads/2025/08/IOTSC-Guidelines-for-ORP-2026-2027.pdf,2026-10-08,已复读已取得证据,待核,方向待核·已截止
M165,知识产权,"官方明确｜已有知识产权仍归原权人；
项目共同形成成果/知识产权归完成方共有，比例书面约定；
商业使用须书面授权，教学科研可免费使用。",https://skliotsc.um.edu.mo/wp-content/uploads/2025/08/IOTSC-Guidelines-for-ORP-2026-2027.pdf,2026-10-08,已复读已取得证据,待核,方向待核·已截止
M165,材料及提交方式,"官方明确｜所在单位盖章申请书以邮件提交；
iotsc.enquiry@um.edu.mo，+853 8822 4200；
指南明示2025-08-15截止（项目年度2026—2027）。",https://skliotsc.um.edu.mo/wp-content/uploads/2025/08/IOTSC-Guidelines-for-ORP-2026-2027.pdf,2026-10-08,已复读已取得证据,待核,方向待核·已截止
M164,实际任务筛选,剔除｜指南研究对象为模拟混合信号芯片、通信、数据转换、电源与微流控；没有具体机器人任务。,https://ime.um.edu.mo/zh-hans/open-research-project/guidelines/,2026-10-08,已复读已取得证据,剔除,已剔除·范围不符
M164,正式公告/指南,正式开放课题公告｜已复读原官方公告；附件缺口见条款列,https://ime.um.edu.mo/zh-hans/open-research-project/guidelines/,2026-10-08,已复读已取得证据,剔除,已剔除·范围不符
M164,截止日期,2026-02-28；北京时间时点：未公开/未取得,https://ime.um.edu.mo/zh-hans/open-research-project/guidelines/,2026-10-08,未核清/有缺口,剔除,已剔除·范围不符
M164,资助金额,不超过10万澳门元,https://ime.um.edu.mo/zh-hans/open-research-project/guidelines/,2026-10-08,已复读已取得证据,剔除,已剔除·范围不符
M164,申请资格,官方明确｜博士或助理教授及以上；单位盖章同意。,https://ime.um.edu.mo/zh-hans/open-research-project/guidelines/,2026-10-08,已复读已取得证据,剔除,已剔除·范围不符
M164,合作及访问,官方明确｜至少1名实验室全职教师作为合作者。,https://ime.um.edu.mo/zh-hans/open-research-project/guidelines/,2026-10-08,已复读已取得证据,剔除,已剔除·范围不符
M164,经费使用及外拨,公开资料未载明｜已取得公开资料未载明经费使用及外拨的完整条款。,https://ime.um.edu.mo/zh-hans/open-research-project/guidelines/,2026-10-08,未核清/有缺口,剔除,已剔除·范围不符
M164,研究周期,官方明确｜24个月。,https://ime.um.edu.mo/zh-hans/open-research-project/guidelines/,2026-10-08,已复读已取得证据,剔除,已剔除·范围不符
M164,成果数量及署名,"官方明确｜VII. Acknowledgements
2. The acknowledgments for publications, awards, patents, and knowledge transfer shall be: The research outputs of this Open Research Project Programme are funded by the Science and Technology Development Fund of the Macau SAR (0001/2025/NRP) and the Open Research Project of the State Key Laboratory of Analog and Mixed-Signal VLSI (University of Macau) (Ref. No.: SKL-AMSV /ORP/xx/202x).",https://ime.um.edu.mo/zh-hans/open-research-project/guidelines/,2026-10-08,已复读已取得证据,剔除,已剔除·范围不符
M164,知识产权,官方明确｜已有知识产权仍归原权利人；共同完成的成果由完成各方共有；商业使用须先取得各方书面确认并另签许可协议。,https://ime.um.edu.mo/zh-hans/open-research-project/guidelines/,2026-10-08,已复读已取得证据,剔除,已剔除·范围不符
M164,材料及提交方式,"官方明确｜1. For matters not addressed in This Guideline, please contact SKL-AMSV at Tel: +853 8822 4700; Email: amsv.enquiry@um.edu.mo .
Email address： amsv.enquiry@um.edu.mo
电邮 amsv.enquiry@um.edu.mo",https://ime.um.edu.mo/zh-hans/open-research-project/guidelines/,2026-10-08,已复读已取得证据,剔除,已剔除·范围不符
M122,实际任务筛选,保留｜新一代超精密加工技术及智能化装备,https://www.polyu.edu.hk/sklumt/open-research-project/call-for-application/?sc_lang=tc,2026-10-08,已复读已取得证据,保留,已截止
M122,正式公告/指南,正式开放课题公告｜已复读原官方公告；附件缺口见条款列,https://www.polyu.edu.hk/sklumt/open-research-project/call-for-application/?sc_lang=tc,2026-10-08,已复读已取得证据,保留,已截止
M122,截止日期,2026-01-19；北京时间时点：未公开/未取得,https://www.polyu.edu.hk/sklumt/open-research-project/call-for-application/?sc_lang=tc,2026-10-08,未核清/有缺口,保留,已截止
M122,资助金额,6—8万港元,https://www.polyu.edu.hk/sklumt/open-research-project/call-for-application/?sc_lang=tc,2026-10-08,已复读已取得证据,保留,已截止
M122,申请资格,官方明确｜有基础研究经历；博士学位或副高及以上职称，从事超精密加工技术研究；须为非香港理工大学固定和流动人员。,"https://www.polyu.edu.hk/sklumt/open-research-project/call-for-application/?sc_lang=tc
https://www.polyu.edu.hk/sklumt/-/media/department/sklumt/content/open-project/sklupmt-open-project-2026---appn-guidelines_tc-(202512).pdf?rev=772358a84ad64110b4a547b73ff010e6&hash=8328448892E31A45DFC30E4D22BAA02E",2026-10-08,已复读已取得证据,保留,已截止
M122,合作及访问,官方明确｜实行合作制，须1名研究方向相近的实验室固定人员作为合作者。,"https://www.polyu.edu.hk/sklumt/open-research-project/call-for-application/?sc_lang=tc
https://www.polyu.edu.hk/sklumt/-/media/department/sklumt/content/open-project/sklupmt-open-project-2026---appn-guidelines_tc-(202512).pdf?rev=772358a84ad64110b4a547b73ff010e6&hash=8328448892E31A45DFC30E4D22BAA02E",2026-10-08,已复读已取得证据,保留,已截止
M122,经费使用及外拨,公开资料未载明｜已取得公开资料未载明经费使用及外拨的完整条款。,https://www.polyu.edu.hk/sklumt/open-research-project/call-for-application/?sc_lang=tc,2026-10-08,未核清/有缺口,保留,已截止
M122,研究周期,官方明确｜2026-04-01至2027-12-31。,https://www.polyu.edu.hk/sklumt/open-research-project/call-for-application/?sc_lang=tc,2026-10-08,已复读已取得证据,保留,已截止
M122,成果数量及署名,"官方明确｜課題資助完成的成果和論文須按管理辦法要求標注“本研究成果主要由超精密加工技術全國重點實驗室開放課題基金資助 (項目編號：xxxx) ” 或 “The research outcome described was mainly supported by the Open Research Project under the State Key Laboratory of Ultra-precision Machining (Project no. xxxx)”。
6．課題資助完成的成果和論文須 按管理辦法要求 標注“本研究成果主要由 超精密加 工 技 術 全 國 重 點 實 驗 室 開 放 課 題 基 金 資 助(項 目 編 號：xxxx)”或“The research outcome described was mainly supported by the Open Research Project under the State Key Laboratory of Ultra -precision Machining (Project no. xxxx)”。",https://www.polyu.edu.hk/sklumt/open-research-project/call-for-application/?sc_lang=tc,2026-10-08,已复读已取得证据,保留,已截止
M122,知识产权,公开资料未载明｜已取得公开资料未载明知识产权的完整条款。,https://www.polyu.edu.hk/sklumt/open-research-project/call-for-application/?sc_lang=tc,2026-10-08,未核清/有缺口,保留,已截止
M122,材料及提交方式,"官方明确｜申請者須發送以下材料至郵箱 (crystal.choy@polyu.edu.hk)，郵件主題爲：「SKL-UPMT ORP 2026 + 申請人姓名 + 學校」。
聯繫郵箱： crystal.choy@polyu.edu.hk
3．申請者須發送以下材料至郵箱(crystal.choy@polyu.edu.hk)，郵件主題爲：「SKL-UPMT ORP 2026 + 申請人姓名 + 學校」。
聯 系 人：蔡欣庭小姐 聯繫電話：+852 2766 6577 聯繫郵箱：crystal.choy@polyu.edu.hk 超精密加工技術全國重點實驗室 2025 年 12 月 22 日","https://www.polyu.edu.hk/sklumt/open-research-project/call-for-application/?sc_lang=tc
https://www.polyu.edu.hk/sklumt/-/media/department/sklumt/content/open-project/sklupmt-open-project-2026---appn-guidelines_tc-(202512).pdf?rev=772358a84ad64110b4a547b73ff010e6&hash=8328448892E31A45DFC30E4D22BAA02E",2026-10-08,已复读已取得证据,保留,已截止
M009,实际任务筛选,保留｜多模态机器人感知、医疗与农业机器人、具身决策控制,https://www.ia.cas.cn/qtgn/tzgg/202605/t20260515_8202627.html,2026-10-08,已复读已取得证据,保留,已截止
M009,正式公告/指南,正式开放课题公告｜已复读原官方公告；附件缺口见条款列,https://www.ia.cas.cn/qtgn/tzgg/202605/t20260515_8202627.html,2026-10-08,已复读已取得证据,保留,已截止
M009,截止日期,2026-05-29；北京时间时点：未公开/未取得,https://www.ia.cas.cn/qtgn/tzgg/202605/t20260515_8202627.html,2026-10-08,未核清/有缺口,保留,已截止
M009,资助金额,5—10万元,https://www.ia.cas.cn/qtgn/tzgg/202605/t20260515_8202627.html,2026-10-08,已复读已取得证据,保留,已截止
M009,申请资格,"官方明确｜原则不超过40周岁（1986年1月1日及以后出生）；
每人限1项；
本室开放课题未结题者不得再次申报。
鼓励青年、企业骨干及直接对接应用场景的人员。",https://www.ia.cas.cn/qtgn/tzgg/202605/t20260515_8202627.html,2026-10-08,已复读已取得证据,保留,已截止
M009,合作及访问,"官方明确｜须与1名实验室研究人员联合申报，申报前取得确认；
合同期内每年原则上来室访问工作不少于2个月。",https://www.ia.cas.cn/qtgn/tzgg/202605/t20260515_8202627.html,2026-10-08,已复读已取得证据,保留,已截止
M009,经费使用及外拨,"官方明确｜经费拨至实验室内合作老师名下，按合同及自动化所财务规定执行；
主要用于材料、测试、差旅。
未明示外拨本人单位，不能按可外拨经费推荐。",https://www.ia.cas.cn/qtgn/tzgg/202605/t20260515_8202627.html,2026-10-08,已复读已取得证据,保留,已截止
M009,研究周期,官方明确｜2.研究周期：2026年7月1日-2027年12月31日。,https://www.ia.cas.cn/qtgn/tzgg/202605/t20260515_8202627.html,2026-10-08,已复读已取得证据,保留,已截止
M009,成果数量及署名,"官方明确｜课题成果（论文、专利、获奖等）须标注“多模态人工智能系统全国重点实验室开放课题XXX（开放课题编号）资助”（This work is supported by open research fund of The State Key Laboratory of Multimodal Artificial Intelligence Systems）
按期完成开题、中期、结题各阶段汇报工作，提交结题报告及完整成果清单；",https://www.ia.cas.cn/qtgn/tzgg/202605/t20260515_8202627.html,2026-10-08,已复读已取得证据,保留,已截止
M009,知识产权,公开资料未载明｜已取得公开资料未载明知识产权的完整条款。,https://www.ia.cas.cn/qtgn/tzgg/202605/t20260515_8202627.html,2026-10-08,未核清/有缺口,保留,已截止
M009,材料及提交方式,官方明确｜E-mail：mais@ia.ac.cn,https://www.ia.cas.cn/qtgn/tzgg/202605/t20260515_8202627.html,2026-10-08,已复读已取得证据,保留,已截止
M008,实际任务筛选,保留｜无人机监视反制平台关键技术（详细研究内容与指标须向联系人索取）,https://ia.cas.cn/qtgn/tzgg/202607/t20260721_8252870.html,2026-10-08,已复读已取得证据,保留,已截止
M008,正式公告/指南,正式开放课题公告｜已复读原官方公告；附件缺口见条款列,https://ia.cas.cn/qtgn/tzgg/202607/t20260721_8252870.html,2026-10-08,已复读已取得证据,保留,已截止
M008,截止日期,2026-07-31；北京时间时点：未公开/未取得,https://ia.cas.cn/qtgn/tzgg/202607/t20260721_8252870.html,2026-10-08,未核清/有缺口,保留,已截止
M008,资助金额,30—90万元,https://ia.cas.cn/qtgn/tzgg/202607/t20260721_8252870.html,2026-10-08,已复读已取得证据,保留,已截止
M008,申请资格,"官方明确｜具有固定岗位的科研人员；
围绕无人机监视反制平台选题。
详细研究内容及牵引性指标须向联系人获取。",https://ia.cas.cn/qtgn/tzgg/202607/t20260721_8252870.html,2026-10-08,已复读已取得证据,保留,已截止
M008,合作及访问,"已核条款（仍有缺口）｜公告鼓励相关科研机构人员共同开展研究；
未明确必须联合固定人员，具体合作要求须获取任务指标及合同确认。",https://ia.cas.cn/qtgn/tzgg/202607/t20260721_8252870.html,2026-10-08,未核清/有缺口,保留,已截止
M008,经费使用及外拨,资料未取得｜经费使用及外拨；相关指南/管理资料访问受限或未取得。,https://ia.cas.cn/qtgn/tzgg/202607/t20260721_8252870.html,2026-10-08,未核清/有缺口,保留,已截止
M008,研究周期,官方明确｜原则上不超过一年。,https://ia.cas.cn/qtgn/tzgg/202607/t20260721_8252870.html,2026-10-08,已复读已取得证据,保留,已截止
M008,成果数量及署名,"已核条款（仍有缺口）｜论文、专著、报告、软件、专利、获奖等成果须标注实验室；
作者单位须标注复杂系统认知与决策国家级重点实验室。
具体牵引性指标向联系人获取，未公布统一论文数量。",https://ia.cas.cn/qtgn/tzgg/202607/t20260721_8252870.html,2026-10-08,未核清/有缺口,保留,已截止
M008,知识产权,"已核条款（仍有缺口）｜未公开产权归属；
待合同核实。
公开资料未载明｜已取得公开资料未载明知识产权的完整条款。",https://ia.cas.cn/qtgn/tzgg/202607/t20260721_8252870.html,2026-10-08,未核清/有缺口,保留,已截止
M008,材料及提交方式,"官方明确｜2026年7月31日前将申请书电子版刻盘提交联系人；
刘老师17611314515，jinhua.liu@ia.ac.cn。",https://ia.cas.cn/qtgn/tzgg/202607/t20260721_8252870.html,2026-10-08,已复读已取得证据,保留,已截止
M016,实际任务筛选,待核｜界面科学、摩擦学及生物接触研究未给出明确机器人任务；原摘要中的精密机器人关联不能替代指南证据。,https://sklt.tsinghua.edu.cn/info/1081/3517.htm,2026-10-08,未核清/有缺口,待核,方向待核·已截止
M016,正式公告/指南,正式开放课题公告｜已复读原官方公告；附件缺口见条款列,https://sklt.tsinghua.edu.cn/info/1081/3517.htm,2026-10-08,已复读已取得证据,待核,方向待核·已截止
M016,截止日期,2026-08-31；北京时间时点：未公开/未取得,https://sklt.tsinghua.edu.cn/info/1081/3517.htm,2026-10-08,未核清/有缺口,待核,方向待核·已截止
M016,资助金额,待核,https://sklt.tsinghua.edu.cn/info/1081/3517.htm,2026-10-08,未核清/有缺口,待核,方向待核·已截止
M016,申请资格,公开资料未载明｜已取得公开资料未载明申请资格的完整条款。,https://sklt.tsinghua.edu.cn/info/1081/3517.htm,2026-10-08,未核清/有缺口,待核,方向待核·已截止
M016,合作及访问,官方明确｜申请人应与本实验室固定人员有合作关系，每年每位固定人员仅可与一位非固定人员合作申请。,https://sklt.tsinghua.edu.cn/info/1081/3517.htm,2026-10-08,已复读已取得证据,待核,方向待核·已截止
M016,经费使用及外拨,"官方明确｜1. 项目批准后，实验室固定人员应配合课题负责人完成项目执行和经费使用事宜。
2. 项目资助经费主要用于高端装备界面科学与技术全国重点实验室仪器设备机时使用费，不予外拨。",https://sklt.tsinghua.edu.cn/info/1081/3517.htm,2026-10-08,已复读已取得证据,待核,方向待核·已截止
M016,研究周期,"官方明确｜重点项目：每项资助额度10万元左右，执行期限为3年。
自由申请项目：每项资助额度3~5万元，执行期限为2年。",https://sklt.tsinghua.edu.cn/info/1081/3517.htm,2026-10-08,已复读已取得证据,待核,方向待核·已截止
M016,成果数量及署名,公开资料未载明｜已取得公开资料未载明成果数量及署名的完整条款。,https://sklt.tsinghua.edu.cn/info/1081/3517.htm,2026-10-08,未核清/有缺口,待核,方向待核·已截止
M016,知识产权,公开资料未载明｜已取得公开资料未载明知识产权的完整条款。,https://sklt.tsinghua.edu.cn/info/1081/3517.htm,2026-10-08,未核清/有缺口,待核,方向待核·已截止
M016,材料及提交方式,"官方明确｜（注：所有申请材料一律由申请人通过电子邮件发送至skltfund@163.com，同时抄送给本实验室协作人。
联系人：高端装备界面科学与技术全国重点实验室
邮箱：skltfund@163.com",https://sklt.tsinghua.edu.cn/info/1081/3517.htm,2026-10-08,已复读已取得证据,待核,方向待核·已截止
M154,实际任务筛选,剔除｜任务为新型电力系统运行、电网安全与能源材料；没有机器人任务。,https://epowerlab.tsinghua.edu.cn/info/1179/1506.htm,2026-10-08,已复读已取得证据,剔除,已剔除·范围不符
M154,正式公告/指南,正式开放课题公告｜已复读原官方公告；附件缺口见条款列,https://epowerlab.tsinghua.edu.cn/info/1179/1506.htm,2026-10-08,已复读已取得证据,剔除,已剔除·范围不符
M154,截止日期,2026-08-31；北京时间时点：未公开/未取得,https://epowerlab.tsinghua.edu.cn/info/1179/1506.htm,2026-10-08,未核清/有缺口,剔除,已剔除·范围不符
M154,资助金额,重点不少于12万元；面上不少于5万元,https://epowerlab.tsinghua.edu.cn/info/1179/1506.htm,2026-10-08,已复读已取得证据,剔除,已剔除·范围不符
M154,申请资格,"官方明确｜申请人应为具有博士学位、在岗的科研人员。
在读（含在职）研究生、已离、退休的科研人员、申请单位的兼职科研人员不得作为申请项目的负责人或合作者提出申请，但可作为项目组成员参加研究。
为保证研究团队中各成员研究方向与团队方向的一致性，博士后所申请的自主课题应征得导师 的同意 ， 并请 导师 在申请书封面上签字表示同意申报 。","https://epowerlab.tsinghua.edu.cn/info/1179/1506.htm
https://epowerlab.tsinghua.edu.cn/__local/4/33/C7/8186D85CDA3FC56484D8ED19731_0ACA4AD1_2BE3.xlsx",2026-10-08,已复读已取得证据,剔除,已剔除·范围不符
M154,合作及访问,官方明确｜在读（含在职）研究生、已离、退休的科研人员、申请单位的兼职科研人员不得作为申请项目的负责人或合作者提出申请，但可作为项目组成员参加研究。,"https://epowerlab.tsinghua.edu.cn/info/1179/1506.htm
https://epowerlab.tsinghua.edu.cn/__local/4/33/C7/8186D85CDA3FC56484D8ED19731_0ACA4AD1_2BE3.xlsx",2026-10-08,已复读已取得证据,剔除,已剔除·范围不符
M154,经费使用及外拨,"官方明确｜开放课题经费报销说明： 开放基金会以民口纵向科研项目的方式划拨到课题负责人所在单位。
报销的具体要求会发给课题负责人及所在单位。
课题批准后，实验室固定研究人员应配合课题负责人完成项目执行和经费使用；
开放课题经费必须专款专用，经费管理实行课题负责制，按照实验室科研经费的管理规定执行。","https://epowerlab.tsinghua.edu.cn/info/1179/1506.htm
https://epowerlab.tsinghua.edu.cn/__local/B/C9/30/7A87AF037D1EDFC981D4140C98C_CE6A57F0_13800.doc",2026-10-08,已复读已取得证据,剔除,已剔除·范围不符
M154,研究周期,官方明确｜四、课题资助额度与年限,https://epowerlab.tsinghua.edu.cn/info/1179/1506.htm,2026-10-08,已复读已取得证据,剔除,已剔除·范围不符
M154,成果数量及署名,"官方明确｜三、开放课题成果及署名或标识要求 开放课题申请书中需明确课题提交成果形式与数量，明确实验室署名的方式。
成果形式包括但不限于 SCI论文、 EI 论文收录期刊及影响因子，国际 /国内发明专利、软件著作权的贡献度，牵头或者参与撰写国际/国内导则或标准的影响力等。
提交的成果中，申请者应为主要完成人之一，对于开放课题，首页下方应有致谢全国重点实验室的标识。
清华大学 电力国重 的论文单位署名建议格式如下： 中文： 新型电力系统运行与控制全国重点实验室，清华大学","https://epowerlab.tsinghua.edu.cn/info/1179/1506.htm
https://epowerlab.tsinghua.edu.cn/__local/2/7A/97/2AFD8374F0BF808D453617493F6_9A51C7D5_7800.doc",2026-10-08,已复读已取得证据,剔除,已剔除·范围不符
M154,知识产权,官方明确｜（二)经费预算		预支出科目	预支金额	支出理由		1、劳务费(非工资性收入人员）不超过项目金额10%				2、材料费				3、测试化验加工费				4、差旅费				5、出版/文献/信息传播/知识产权事务费				合    计				（三)申请者和参与者承担本实验室开放基金资助项目情况		批准号	项目名称	起始/完成时间	项目参与者	资助经费	完成情况	主要成果,https://epowerlab.tsinghua.edu.cn/__local/B/C9/30/7A87AF037D1EDFC981D4140C98C_CE6A57F0_13800.doc,2026-10-08,已复读已取得证据,剔除,已剔除·范围不符
M154,材料及提交方式,"官方明确｜为保证研究团队中各成员研究方向与团队方向的一致性，博士后所申请的自主课题应征得导师 的同意 ， 并请 导师 在申请书封面上签字表示同意申报 。
开放课题申请书中需明确课题提交成果形式与数量，明确实验室署名的方式。
1、 附件 1《新型电力系统运行与控制全国重点实验室开放基金申请书》 （ “ 申请者所在单位审查意见 栏 ”： 国外申请书签字即可，国内申请书可盖二级单位公章） ；
2、 附件 2《实验室开放学者申请书》（“推荐单位意见”及“导师意见”栏均需签字盖章）；
以上 3份 材料请邮件发送至综合 部 邮箱 ： epowerskl@tsinghua.edu.cn 。
邮件主题：面上 /重点+申请人+项目名称
申请书提交截止时间： 8月 31 日前
邮箱，epowerskl@mail.tsinghua.edu.cn。","https://epowerlab.tsinghua.edu.cn/info/1179/1506.htm
https://epowerlab.tsinghua.edu.cn/__local/4/33/C7/8186D85CDA3FC56484D8ED19731_0ACA4AD1_2BE3.xlsx",2026-10-08,已复读已取得证据,剔除,已剔除·范围不符
M013,实际任务筛选,保留｜轨道交通自主运行、多源感知与车地协同控制（自主运行装备方向）,https://raolab.bjtu.edu.cn/wp-content/uploads/2025/09/%E5%85%88%E8%BF%9B%E8%BD%A8%E9%81%93%E4%BA%A4%E9%80%9A%E8%87%AA%E4%B8%BB%E8%BF%90%E8%A1%8C%E5%85%A8%E5%9B%BD%E9%87%8D%E7%82%B9%E5%AE%9E%E9%AA%8C%E5%AE%A4%E5%BC%80%E6%94%BE%E8%AF%BE%E9%A2%98%E7%94%B3%E8%AF%B7%E6%8C%87%E5%8D%972026-20250928.pdf,2026-10-08,已复读已取得证据,保留,已截止
M013,正式公告/指南,正式开放课题公告｜已复读原官方公告；附件缺口见条款列,https://raolab.bjtu.edu.cn/wp-content/uploads/2025/09/%E5%85%88%E8%BF%9B%E8%BD%A8%E9%81%93%E4%BA%A4%E9%80%9A%E8%87%AA%E4%B8%BB%E8%BF%90%E8%A1%8C%E5%85%A8%E5%9B%BD%E9%87%8D%E7%82%B9%E5%AE%9E%E9%AA%8C%E5%AE%A4%E5%BC%80%E6%94%BE%E8%AF%BE%E9%A2%98%E7%94%B3%E8%AF%B7%E6%8C%87%E5%8D%972026-20250928.pdf,2026-10-08,已复读已取得证据,保留,已截止
M013,截止日期,2025-10-15；北京时间时点：未公开/未取得,https://raolab.bjtu.edu.cn/wp-content/uploads/2025/09/%E5%85%88%E8%BF%9B%E8%BD%A8%E9%81%93%E4%BA%A4%E9%80%9A%E8%87%AA%E4%B8%BB%E8%BF%90%E8%A1%8C%E5%85%A8%E5%9B%BD%E9%87%8D%E7%82%B9%E5%AE%9E%E9%AA%8C%E5%AE%A4%E5%BC%80%E6%94%BE%E8%AF%BE%E9%A2%98%E7%94%B3%E8%AF%B7%E6%8C%87%E5%8D%972026-20250928.pdf,2026-10-08,未核清/有缺口,保留,已截止
M013,资助金额,5—8万元,https://raolab.bjtu.edu.cn/wp-content/uploads/2025/09/%E5%85%88%E8%BF%9B%E8%BD%A8%E9%81%93%E4%BA%A4%E9%80%9A%E8%87%AA%E4%B8%BB%E8%BF%90%E8%A1%8C%E5%85%A8%E5%9B%BD%E9%87%8D%E7%82%B9%E5%AE%9E%E9%AA%8C%E5%AE%A4%E5%BC%80%E6%94%BE%E8%AF%BE%E9%A2%98%E7%94%B3%E8%AF%B7%E6%8C%87%E5%8D%972026-20250928.pdf,2026-10-08,已复读已取得证据,保留,已截止
M013,申请资格,官方明确｜（2） 申报者具有副教授以上技术职称和已获得博士学位的研究人员。,https://raolab.bjtu.edu.cn/wp-content/uploads/2025/09/%E5%85%88%E8%BF%9B%E8%BD%A8%E9%81%93%E4%BA%A4%E9%80%9A%E8%87%AA%E4%B8%BB%E8%BF%90%E8%A1%8C%E5%85%A8%E5%9B%BD%E9%87%8D%E7%82%B9%E5%AE%9E%E9%AA%8C%E5%AE%A4%E5%BC%80%E6%94%BE%E8%AF%BE%E9%A2%98%E7%94%B3%E8%AF%B7%E6%8C%87%E5%8D%972026-20250928.pdf,2026-10-08,已复读已取得证据,保留,已截止
M013,合作及访问,"官方明确｜为了充分发挥全国重点实验室科研平台的作用， 进一步加强科研合作和学术交流， 先进轨道交通自主运行全国重点实验室本着 “开放、 流动、合作、 竞争” 的运行机制设置开放课题， 支持与实验室主要研究方向相关的具有重要科学意义和应用前景的基础理论和应用基础理论研究。
（4） 获批课题经实验室主管领导签署批准意见后通知申请者，实验室为每项课题配一名实验室人员作为合作者。",https://raolab.bjtu.edu.cn/wp-content/uploads/2025/09/%E5%85%88%E8%BF%9B%E8%BD%A8%E9%81%93%E4%BA%A4%E9%80%9A%E8%87%AA%E4%B8%BB%E8%BF%90%E8%A1%8C%E5%85%A8%E5%9B%BD%E9%87%8D%E7%82%B9%E5%AE%9E%E9%AA%8C%E5%AE%A4%E5%BC%80%E6%94%BE%E8%AF%BE%E9%A2%98%E7%94%B3%E8%AF%B7%E6%8C%87%E5%8D%972026-20250928.pdf,2026-10-08,已复读已取得证据,保留,已截止
M013,经费使用及外拨,官方明确｜五、 课题管理及经费使用 严格按照《先进轨道交通自主运行全国重点实验室开放课题基金管理办法》执行。,https://raolab.bjtu.edu.cn/wp-content/uploads/2025/09/%E5%85%88%E8%BF%9B%E8%BD%A8%E9%81%93%E4%BA%A4%E9%80%9A%E8%87%AA%E4%B8%BB%E8%BF%90%E8%A1%8C%E5%85%A8%E5%9B%BD%E9%87%8D%E7%82%B9%E5%AE%9E%E9%AA%8C%E5%AE%A4%E5%BC%80%E6%94%BE%E8%AF%BE%E9%A2%98%E7%94%B3%E8%AF%B7%E6%8C%87%E5%8D%972026-20250928.pdf,2026-10-08,已复读已取得证据,保留,已截止
M013,研究周期,"官方明确｜2. 申请和审批程序 （1） 资助 10 项左右, 每项课题额度一般为 5-8 万元,资助周期一般为 2 年。
3 3. 申请时间 2026 年先进轨道交通自主运行全国重点实验室开放课题申请截止日期为 2025 年10 月 15 日，批准通知时间为 2025 年 11 月，执行起止时间为 2025 年 11 月 1 日-2027 年 10 月 31 日。",https://raolab.bjtu.edu.cn/wp-content/uploads/2025/09/%E5%85%88%E8%BF%9B%E8%BD%A8%E9%81%93%E4%BA%A4%E9%80%9A%E8%87%AA%E4%B8%BB%E8%BF%90%E8%A1%8C%E5%85%A8%E5%9B%BD%E9%87%8D%E7%82%B9%E5%AE%9E%E9%AA%8C%E5%AE%A4%E5%BC%80%E6%94%BE%E8%AF%BE%E9%A2%98%E7%94%B3%E8%AF%B7%E6%8C%87%E5%8D%972026-20250928.pdf,2026-10-08,已复读已取得证据,保留,已截止
M013,成果数量及署名,"官方明确｜3. 研究内容应具有实际应用前景，研究目标和预期研究成果应明确。
四、 考核指标 课题研究应为基础研究或应用基础研究，预期研究成果符合资助方向，且满足以下条件之一： (1)在国内外有影响力的 SCI 三区及以上期刊上发表论文至少 2 篇且课题启动的第一年需向期刊投稿论文 1 篇。",https://raolab.bjtu.edu.cn/wp-content/uploads/2025/09/%E5%85%88%E8%BF%9B%E8%BD%A8%E9%81%93%E4%BA%A4%E9%80%9A%E8%87%AA%E4%B8%BB%E8%BF%90%E8%A1%8C%E5%85%A8%E5%9B%BD%E9%87%8D%E7%82%B9%E5%AE%9E%E9%AA%8C%E5%AE%A4%E5%BC%80%E6%94%BE%E8%AF%BE%E9%A2%98%E7%94%B3%E8%AF%B7%E6%8C%87%E5%8D%972026-20250928.pdf,2026-10-08,已复读已取得证据,保留,已截止
M013,知识产权,公开资料未载明｜已取得公开资料未载明知识产权的完整条款。,https://raolab.bjtu.edu.cn/wp-content/uploads/2025/09/%E5%85%88%E8%BF%9B%E8%BD%A8%E9%81%93%E4%BA%A4%E9%80%9A%E8%87%AA%E4%B8%BB%E8%BF%90%E8%A1%8C%E5%85%A8%E5%9B%BD%E9%87%8D%E7%82%B9%E5%AE%9E%E9%AA%8C%E5%AE%A4%E5%BC%80%E6%94%BE%E8%AF%BE%E9%A2%98%E7%94%B3%E8%AF%B7%E6%8C%87%E5%8D%972026-20250928.pdf,2026-10-08,未核清/有缺口,保留,已截止
M013,材料及提交方式,"官方明确｜（2） 申请者填写《先进轨道交通自主运行全国重点实验室开放课题申请书》 ，并发送 Word 电子版，提交纸质版一式两份（本人及课题组成员签字并加盖所在单位公章） 。
六、 联系方式 联系人：马老师 通讯地址：北京交通大学先进轨道交通自主运行全国重点实验室 邮编：100044 电话：010-51684773 E-mail: hrma@bjtu.edu.cn 附件： 1. 《先进轨道交通自主运行全国重点实验室开放课题管理 规定》 2. 《先进轨道交通自主运行全国重点实验室开放课题申请书》 先进轨道交通自主运行全国重点实验室 2025年9月28日",https://raolab.bjtu.edu.cn/wp-content/uploads/2025/09/%E5%85%88%E8%BF%9B%E8%BD%A8%E9%81%93%E4%BA%A4%E9%80%9A%E8%87%AA%E4%B8%BB%E8%BF%90%E8%A1%8C%E5%85%A8%E5%9B%BD%E9%87%8D%E7%82%B9%E5%AE%9E%E9%AA%8C%E5%AE%A4%E5%BC%80%E6%94%BE%E8%AF%BE%E9%A2%98%E7%94%B3%E8%AF%B7%E6%8C%87%E5%8D%972026-20250928.pdf,2026-10-08,已复读已取得证据,保留,已截止
M010,实际任务筛选,保留｜机器人VLA实时推理体系结构，抓取、移动与装配任务的实时控制,https://sklp.ict.ac.cn/yxgl/kfkt/zntg/202606/t20260609_841349.html,2026-10-08,已复读已取得证据,保留,已截止
M010,正式公告/指南,正式开放课题公告｜已复读原官方公告；附件缺口见条款列,https://sklp.ict.ac.cn/yxgl/kfkt/zntg/202606/t20260609_841349.html,2026-10-08,已复读已取得证据,保留,已截止
M010,截止日期,2026-06-14；北京时间时点：未公开/未取得,https://sklp.ict.ac.cn/yxgl/kfkt/zntg/202606/t20260609_841349.html,2026-10-08,未核清/有缺口,保留,已截止
M010,资助金额,10万元,https://sklp.ict.ac.cn/yxgl/kfkt/zntg/202606/t20260609_841349.html,2026-10-08,已复读已取得证据,保留,已截止
M010,申请资格,官方明确｜4、鼓励和支持具备博士学位、高级职称的国内外科技工作者申请；,https://sklp.ict.ac.cn/yxgl/kfkt/zntg/202606/t20260609_841349.html,2026-10-08,已复读已取得证据,保留,已截止
M010,合作及访问,公开资料未载明｜已取得公开资料未载明合作及访问的完整条款。,https://sklp.ict.ac.cn/yxgl/kfkt/zntg/202606/t20260609_841349.html,2026-10-08,未核清/有缺口,保留,已截止
M010,经费使用及外拨,公开资料未载明｜已取得公开资料未载明经费使用及外拨的完整条款。,https://sklp.ict.ac.cn/yxgl/kfkt/zntg/202606/t20260609_841349.html,2026-10-08,未核清/有缺口,保留,已截止
M010,研究周期,官方明确｜6、项目资助10万/项，资助周期一般不超过2年。,https://sklp.ict.ac.cn/yxgl/kfkt/zntg/202606/t20260609_841349.html,2026-10-08,已复读已取得证据,保留,已截止
M010,成果数量及署名,公开资料未载明｜已取得公开资料未载明成果数量及署名的完整条款。,https://sklp.ict.ac.cn/yxgl/kfkt/zntg/202606/t20260609_841349.html,2026-10-08,未核清/有缺口,保留,已截止
M010,知识产权,公开资料未载明｜已取得公开资料未载明知识产权的完整条款。,https://sklp.ict.ac.cn/yxgl/kfkt/zntg/202606/t20260609_841349.html,2026-10-08,未核清/有缺口,保留,已截止
M010,材料及提交方式,"官方明确｜申请书提交时间及联系方式
2026年度开放课题申请书电子版提交时间：2026年6月14日之前，逾期将不接收。
电子版申请书发送到邮箱：jinlin@ict.ac.cn ，待通过立项评审后再寄送纸质版申请书。","https://sklp.ict.ac.cn/yxgl/kfkt/zntg/202606/t20260609_841349.html
https://sklp.ict.ac.cn/yxgl/kfkt/zntg/",2026-10-08,已复读已取得证据,保留,已截止
M011,实际任务筛选,保留｜2026指南B.4：视觉—语言—动作模型的物理对抗攻击、迁移与动作安全,https://klais.ict.ac.cn/tzgg/xmzj/202609/t20260908_856264.html,2026-10-08,已复读已取得证据,保留,已截止
M011,正式公告/指南,正式开放课题公告｜已复读原官方公告；附件缺口见条款列,https://klais.ict.ac.cn/tzgg/xmzj/202609/t20260908_856264.html,2026-10-08,已复读已取得证据,保留,已截止
M011,截止日期,2026-09-30；北京时间时点：未公开/未取得,https://klais.ict.ac.cn/tzgg/xmzj/202609/t20260908_856264.html,2026-10-08,未核清/有缺口,保留,已截止
M011,资助金额,10—15万元,https://klais.ict.ac.cn/tzgg/xmzj/202609/t20260908_856264.html,2026-10-08,已复读已取得证据,保留,已截止
M011,申请资格,官方明确｜博士或副高及以上，且为非实验室固定人员；无高级职称青年在职人员可凭2名高级职称领域专家推荐；同年度仅申请1项、主持在研不超过1项。采用2026公告，不混入2025条款。,https://klais.ict.ac.cn/tzgg/xmzj/202609/t20260908_856264.html,2026-10-08,已复读已取得证据,保留,已截止
M011,合作及访问,官方明确｜执行期至少出席1次开放课题交流活动；鼓励跨单位合作申报。2026正文未规定必须联合固定成员，不能沿用2025硬性联合条款。,https://klais.ict.ac.cn/tzgg/xmzj/202609/t20260908_856264.html,2026-10-08,已复读已取得证据,保留,已截止
M011,经费使用及外拨,资料未取得｜经费使用及外拨；相关指南/管理资料访问受限或未取得。,https://klais.ict.ac.cn/tzgg/xmzj/202609/t20260908_856264.html,2026-10-08,未核清/有缺口,保留,已截止
M011,研究周期,官方明确｜2年。,https://klais.ict.ac.cn/tzgg/xmzj/202609/t20260908_856264.html,2026-10-08,已复读已取得证据,保留,已截止
M011,成果数量及署名,官方明确｜按要求交阶段性报告、结题报告；执行期至少参加1次开放课题交流。2026公开正文未列统一论文数量和署名排序，须按2026申请书或任务书确认，不能沿用2025署名。,https://klais.ict.ac.cn/tzgg/xmzj/202609/t20260908_856264.html,2026-10-08,已复读已取得证据,保留,已截止
M011,知识产权,资料未取得｜知识产权；相关指南/管理资料访问受限或未取得。,https://klais.ict.ac.cn/tzgg/xmzj/202609/t20260908_856264.html,2026-10-08,未核清/有缺口,保留,已截止
M011,材料及提交方式,官方明确｜2026年9月30日前，签字盖章PDF扫描件及Word版发sklais@ict.ac.cn；无纸质。文件名：2026开放课题+指南类别+课题名+申报人+单位+联系电话。,https://klais.ict.ac.cn/tzgg/xmzj/202609/t20260908_856264.html,2026-10-08,已复读已取得证据,保留,已截止
M058,实际任务筛选,保留｜地下空间具身智能感知、定位与点云建模,https://www.bism.cn/gzdt/tzgg/202607/t20260701_6664.html,2026-10-08,已复读已取得证据,保留,已截止
M058,正式公告/指南,正式开放课题公告｜已复读原官方公告；附件缺口见条款列,https://www.bism.cn/gzdt/tzgg/202607/t20260701_6664.html,2026-10-08,已复读已取得证据,保留,已截止
M058,截止日期,2026-07-10；北京时间时点：未公开/未取得,https://www.bism.cn/gzdt/tzgg/202607/t20260701_6664.html,2026-10-08,未核清/有缺口,保留,已截止
M058,资助金额,一般≥2万元；重点≥3万元,https://www.bism.cn/gzdt/tzgg/202607/t20260701_6664.html,2026-10-08,已复读已取得证据,保留,已截止
M058,申请资格,"官方明确｜1、国内高等院校、科研院所、企事业单位中具有副高级及以上专业技术职称或博士学位的科研人员（不具备此条件的申请人，必须提供至少两名具有高级专业技术职称同行专家的推荐意见），且认可并遵守本单位《开放基金管理办法》。
申请人及课题组成员具备实施该项目的研究能力、保障条件和稳定的时间保证。
4、为加强合作交流，申请人须联系一位研究方向相近相关或互补、副高以上职称的实验室固定人员作为合作者，并与该科研团队开展合作研究，申请书中须有明确的合作研究计划。","https://www.bism.cn/gzdt/tzgg/202607/t20260701_6664.html
https://www.bism.cn/gzdt/tzgg/202607/W020260701597358108378.doc",2026-10-08,已复读已取得证据,保留,已截止
M058,合作及访问,"官方明确｜4、为加强合作交流，申请人须联系一位研究方向相近相关或互补、副高以上职称的实验室固定人员作为合作者，并与该科研团队开展合作研究，申请书中须有明确的合作研究计划。
3、基金资助课题产生的有关论文、专著、报告、软件、专利、成果评议鉴定资料、报奖等，均应有实验室合作者的署名，成果应标注“城市空间智能感知与数字治理北京市重点实验室经费资助（编号USISDG-2026-xxx）”，英文标注“This work is supported by Open Fund of Beijing Key Laboratory of Urban Spatial Intelligent Sensing and Digital Governance (Grant No. USISDG-2026-xxx)”。
论文署名中必须有本实验室及实验室的合作者；
（2）一般课题至少产出1篇SCI收录论文，或2篇中文论文（至少1篇中文核心），并且论文署名中有本实验室及实验室的合作者。
5、基金资助课题所取得的成果（包括收集到的资料、数据、研究报告、相应软件及其测试检验报告等）归研究者与本实验室共同所有，项目结题时相关成果应提交实验室留档。","https://www.bism.cn/gzdt/tzgg/202607/t20260701_6664.html
https://www.bism.cn/gzdt/tzgg/202607/W020260701597358108378.doc",2026-10-08,已复读已取得证据,保留,已截止
M058,经费使用及外拨,官方明确｜申请人须是申请课题研究思路的主要提出者和研究工作实际主持人，对课题研究工作、课题经费使用以及课题研究成果承担全部责任。,"https://www.bism.cn/gzdt/tzgg/202607/t20260701_6664.html
https://www.bism.cn/gzdt/tzgg/202607/W020260701597358108378.doc",2026-10-08,已复读已取得证据,保留,已截止
M058,研究周期,官方明确｜1、课题研究周期一般为12个月。,https://www.bism.cn/gzdt/tzgg/202607/t20260701_6664.html,2026-10-08,已复读已取得证据,保留,已截止
M058,成果数量及署名,"官方明确｜3、基金资助课题产生的有关论文、专著、报告、软件、专利、成果评议鉴定资料、报奖等，均应有实验室合作者的署名，成果应标注“城市空间智能感知与数字治理北京市重点实验室经费资助（编号USISDG-2026-xxx）”，英文标注“This work is supported by Open Fund of Beijing Key Laboratory of Urban Spatial Intelligent Sensing and Digital Governance (Grant No. USISDG-2026-xxx)”。
4、结题考核要求： （1）重点课题具备以下条件之一：1）至少2篇SCI收录论文；
论文署名中必须有本实验室及实验室的合作者；
鼓励成果第一署名为实验室或实验室依托单位北京市测绘设计研究院。
（2）一般课题至少产出1篇SCI收录论文，或2篇中文论文（至少1篇中文核心），并且论文署名中有本实验室及实验室的合作者。
5、基金资助课题所取得的成果（包括收集到的资料、数据、研究报告、相应软件及其测试检验报告等）归研究者与本实验室共同所有，项目结题时相关成果应提交实验室留档。
6、课题负责人应参加实验室组织的开放研究基金课题中期交流会、结题报告会。",https://www.bism.cn/gzdt/tzgg/202607/t20260701_6664.html,2026-10-08,已复读已取得证据,保留,已截止
M058,知识产权,官方明确｜5、基金资助课题所取得的成果（包括收集到的资料、数据、研究报告、相应软件及其测试检验报告等）归研究者与本实验室共同所有，项目结题时相关成果应提交实验室留档。,"https://www.bism.cn/gzdt/tzgg/202607/t20260701_6664.html
https://www.bism.cn/gzdt/tzgg/202607/W020260701597358108378.doc",2026-10-08,已复读已取得证据,保留,已截止
M058,材料及提交方式,"官方明确｜7、本次申请试行无纸质化申请，项目申请人于2026年7月10日前将电子版申请书和签字盖章版扫描版发送至zngz_szzl@163.com。
E-mail:zngz_szzl@163.com
E-MAIL：bcbgs@bism.cn","https://www.bism.cn/gzdt/tzgg/202607/t20260701_6664.html
https://www.bism.cn/gzdt/tzgg/202607/W020260701597358108378.doc",2026-10-08,已复读已取得证据,保留,已截止
M012,实际任务筛选,剔除｜任务针对机车牵引传动、电机热模型与车辆系统运行；没有机器人研究任务。,https://www.rails.cn/html/news/11/2026/20260722_69048.html,2026-10-08,已复读已取得证据,剔除,已剔除·范围不符
M012,正式公告/指南,正式开放课题公告｜已复读原官方公告；附件缺口见条款列,https://www.rails.cn/html/news/11/2026/20260722_69048.html,2026-10-08,已复读已取得证据,剔除,已剔除·范围不符
M012,截止日期,2026-07-28；北京时间时点：未公开/未取得,https://www.rails.cn/html/news/11/2026/20260722_69048.html,2026-10-08,未核清/有缺口,剔除,已剔除·范围不符
M012,资助金额,重点预算≥20万元；一般预算<20万元,https://www.rails.cn/html/news/11/2026/20260722_69048.html,2026-10-08,已复读已取得证据,剔除,已剔除·范围不符
M012,申请资格,"官方明确｜面向动车组和机车牵引与控制国家重点实验室固定人员以外的、具有博士学位或副高及以上（含副高）职称的海内外科研人员。
1.开放课题面向具有博士学位或副高及以上（含副高）职称的海内外学者，申请者原则上需为动车组和机车牵引与控制国家重点实验室固定人员以外的科研人员。
“重点项目”预算为20万元及以上，原则上要求由高级职称研究人员担任课题负责人；
“一般项目”预算为20万元以下（不含20万元），原则上要求由具有博士学位或副高职称研究人员担任课题负责人。",https://www.rails.cn/html/news/11/2026/20260722_69048.html,2026-10-08,已复读已取得证据,剔除,已剔除·范围不符
M012,合作及访问,资料未取得｜合作及访问；相关指南/管理资料访问受限或未取得。,https://www.rails.cn/html/news/11/2026/20260722_69048.html,2026-10-08,未核清/有缺口,剔除,已剔除·范围不符
M012,经费使用及外拨,资料未取得｜经费使用及外拨；相关指南/管理资料访问受限或未取得。,https://www.rails.cn/html/news/11/2026/20260722_69048.html,2026-10-08,未核清/有缺口,剔除,已剔除·范围不符
M012,研究周期,官方明确｜重点项目资助周期一般不少于2年。,https://www.rails.cn/html/news/11/2026/20260722_69048.html,2026-10-08,已复读已取得证据,剔除,已剔除·范围不符
M012,成果数量及署名,"官方明确｜2）发表论文不少于3篇（其中SCI/EI检索不少于2篇）；
3）申请发明专利不少于1项。
3）在国内外专业期刊上发表论文不少于3篇，其中SCI/EI检索期刊论文不少于2篇；
4）申请发明专利不少于2项。
2）核心期刊发表论文不少于3篇（其中SCI/EI检索论文至少2篇）；",https://www.rails.cn/html/news/11/2026/20260722_69048.html,2026-10-08,已复读已取得证据,剔除,已剔除·范围不符
M012,知识产权,资料未取得｜知识产权；相关指南/管理资料访问受限或未取得。,https://www.rails.cn/html/news/11/2026/20260722_69048.html,2026-10-08,未核清/有缺口,剔除,已剔除·范围不符
M012,材料及提交方式,"官方明确｜电话：17610157736邮箱：z002529@zemt.cn
电话：18811441255邮箱：z002778@zemt.cn
电话：18101281282邮箱：lushilei@rails.cn
电话：18600160505邮箱：z000218@zemt.cn
5.开放基金课题申请截止日为2026年7月28日（邮寄申请书以投递日邮戳为凭），申请者应将签字盖章的纸质申请书原件一式五份密封包装并注明申请课题名称后送达或邮寄到重点实验室秘书处，同时发送电子版（申请书盖章版扫描件）至重点实验室秘书处。
电子邮箱：qiuyu@rails.cn",https://www.rails.cn/html/news/11/2026/20260722_69048.html,2026-10-08,已复读已取得证据,剔除,已剔除·范围不符
M014,实际任务筛选,保留｜机器人多接触规划、具身技能学习与运动行为,https://sist.pku.edu.cn/info/2320/10785.htm,2026-10-08,已复读已取得证据,保留,已截止
M014,正式公告/指南,正式开放课题公告｜已复读原官方公告；附件缺口见条款列,https://sist.pku.edu.cn/info/2320/10785.htm,2026-10-08,已复读已取得证据,保留,已截止
M014,截止日期,2026-08-28；北京时间时点：未公开/未取得,https://sist.pku.edu.cn/info/2320/10785.htm,2026-10-08,未核清/有缺口,保留,已截止
M014,资助金额,≤20万元/项,https://sist.pku.edu.cn/info/2320/10785.htm,2026-10-08,已复读已取得证据,保留,已截止
M014,申请资格,公开资料未载明｜已取得公开资料未载明申请资格的完整条款。,https://sist.pku.edu.cn/system/_content/download.jsp?urltype=news.DownloadAttachUrl&owner=1887772040&wbfileid=CAC5B3BC8531177CAD68E73B7B4B211D,2026-10-08,未核清/有缺口,保留,已截止
M014,合作及访问,公开资料未载明｜已取得公开资料未载明合作及访问的完整条款。,"https://sist.pku.edu.cn/system/_content/download.jsp?urltype=news.DownloadAttachUrl&owner=1887772040&wbfileid=E9B7E55E6C07F2B75001466677185236
https://sist.pku.edu.cn/info/2320/9635.htm",2026-10-08,未核清/有缺口,保留,已截止
M014,经费使用及外拨,公开资料未载明｜已取得公开资料未载明经费使用及外拨的完整条款。,"https://sist.pku.edu.cn/info/2320/10785.htm
https://sist.pku.edu.cn/info/2320/9635.htm
https://sist.pku.edu.cn/system/_content/download.jsp?urltype=news.DownloadAttachUrl&owner=1887772040&wbfileid=CAC5B3BC8531177CAD68E73B7B4B211D",2026-10-08,未核清/有缺口,保留,已截止
M014,研究周期,"官方明确｜单项开放课题经费不超过20万元，研究年限为1年，各项课题要求见《跨媒体通用人工智能全国重点实验室2026年度开放课题汇总表》。
单项开放课题经费不超过20万元，研究年限为1年，各项课题要求见《跨媒体通用人工智能全国重点实验室2025年度开放课题汇总表》。",https://sist.pku.edu.cn/info/2320/10785.htm,2026-10-08,已复读已取得证据,保留,已截止
M014,成果数量及署名,"官方明确｜一套具备可解释性的高效推理或训练算法，论文一篇
一种人形机器人多点接触规划或全身运动控制算法原型1套，论文一篇
一套具备可解释推理能力的具身操作动作生成模型，论文一篇
一套机器人移动操作策略模型，论文一篇
一套包含通信调度、分层规划与在线适应模块的多具身智能体协同决策算法模型，论文一篇
上下文语音感知控制算法一套，高水平论文一篇
第一人称视角场景理解系统一套，论文一篇
场景逆渲染系统一套，论文一篇",https://sist.pku.edu.cn/system/_content/download.jsp?urltype=news.DownloadAttachUrl&owner=1887772040&wbfileid=E9B7E55E6C07F2B75001466677185236,2026-10-08,已复读已取得证据,保留,已截止
M014,知识产权,公开资料未载明｜已取得公开资料未载明知识产权的完整条款。,https://sist.pku.edu.cn/info/2320/10785.htm,2026-10-08,未核清/有缺口,保留,已截止
M014,材料及提交方式,"官方明确｜申请书电子版发至实验室电子邮箱。
另需1份加盖单位公章的完整纸质版申报书，请邮寄到以下地址。
邮寄地址：北京市海淀区颐和园路2号未来科技大厦
电子信箱：zhoufan@bigai.ai
另需1份加盖单位公章完整纸质版申报书，请邮寄至以下地址。
电子信箱：zhaojing@bigai.ai","https://sist.pku.edu.cn/info/2320/10785.htm
https://sist.pku.edu.cn/info/2320/9635.htm",2026-10-08,已复读已取得证据,保留,已截止
M148,实际任务筛选,保留｜人机交互工效、动态人体功能可达与接触压力（须遵守联合平台具体指南）,https://www.cnis.ac.cn/tzgg/202609/t20260904_63600.html,2026-10-08,已复读已取得证据,保留,已截止
M148,正式公告/指南,正式开放课题公告｜已复读原官方公告；附件缺口见条款列,https://www.cnis.ac.cn/tzgg/202609/t20260904_63600.html,2026-10-08,已复读已取得证据,保留,已截止
M148,截止日期,2026-09-24；北京时间时点：未公开/未取得,https://www.cnis.ac.cn/tzgg/202609/t20260904_63600.html,2026-10-08,未核清/有缺口,保留,已截止
M148,资助金额,一般≤10万元；重点≤15万元,https://www.cnis.ac.cn/tzgg/202609/t20260904_63600.html,2026-10-08,已复读已取得证据,保留,已截止
M148,申请资格,"官方明确｜博士或高级职称；
国内固定受聘于非实验室承担单位且聘期覆盖项目；
45岁以下优先；
同实验室同年1项",https://www.cnis.ac.cn/tzgg/202609/t20260904_63600.html,2026-10-08,已复读已取得证据,保留,已截止
M148,合作及访问,官方明确｜为充分释放实验室创新平台战略支撑效能，整合集聚国内外优质科研资源开展联合攻关，现面向社会公开征集实验室开放基金项目，欢迎各相关领域科研工作者积极申报。,"https://www.cnis.ac.cn/tzgg/202609/t20260904_63600.html
https://www.cnis.ac.cn/bzhzs/flfg/201812/t20181229_32002.html",2026-10-08,已复读已取得证据,保留,已截止
M148,经费使用及外拨,公开资料未载明｜已取得公开资料未载明经费使用及外拨的完整条款。,https://www.cnis.ac.cn/tzgg/202609/t20260904_63600.html,2026-10-08,未核清/有缺口,保留,已截止
M148,研究周期,官方明确｜人体背部接触体压模型2年,https://www.cnis.ac.cn/tzgg/202609/t20260904_63600.html,2026-10-08,已复读已取得证据,保留,已截止
M148,成果数量及署名,"官方明确｜目标方向：体压模型误差<15%；
中文核心或SCI≥1篇、受理发明专利≥1项、研究报告1部。
成果第一完成单位原则上实验室并标资助",https://www.cnis.ac.cn/tzgg/202609/t20260904_63600.html,2026-10-08,已复读已取得证据,保留,已截止
M148,知识产权,官方明确｜实验室与负责人所在单位共有,https://www.cnis.ac.cn/tzgg/202609/t20260904_63600.html,2026-10-08,已复读已取得证据,保留,已截止
M148,材料及提交方式,"官方明确｜签章纸质申请2份+Word和签章扫描电子版；
人因联系人赵朝义/丁文兴，zhaochy@cnis.ac.cn / dingwx@cnis.ac.cn，010-58811661/58811693","https://www.cnis.ac.cn/tzgg/202609/t20260904_63600.html
https://www.cnis.ac.cn/bzhzs/flfg/201812/t20181229_32002.html",2026-10-08,已复读已取得证据,保留,已截止
M007,实际任务筛选,待核｜非线性力学、接触与摩擦任务未明确机器人系统或执行装备；需确认具体机器人交互课题是否受理。,https://www.lnm.imech.cas.cn/kfkt/fxxlxgjzdsys/,2026-10-08,未核清/有缺口,待核,方向待核·已截止
M007,正式公告/指南,正式开放课题公告｜已复读原官方公告；附件缺口见条款列,https://www.lnm.imech.cas.cn/kfkt/fxxlxgjzdsys/,2026-10-08,已复读已取得证据,待核,方向待核·已截止
M007,截止日期,2026-09-30；北京时间时点：未公开/未取得,https://www.lnm.imech.cas.cn/kfkt/fxxlxgjzdsys/,2026-10-08,未核清/有缺口,待核,方向待核·已截止
M007,资助金额,一般5万元；重点10万元,https://www.lnm.imech.cas.cn/kfkt/fxxlxgjzdsys/,2026-10-08,已复读已取得证据,待核,方向待核·已截止
M007,申请资格,"官方明确｜实验室以外，博士或副高及以上；
同年1项、在研最多1项","https://www.lnm.imech.cas.cn/kfkt/fxxlxgjzdsys/
https://www.lnm.imech.cas.cn/kfkt/lnmkfktsqb/201408/P020260817345378464054.docx",2026-10-08,已复读已取得证据,待核,方向待核·已截止
M007,合作及访问,"官方明确｜≥1名固定人员；
每位固定人员同年仅参与1项外部合作课题","https://www.lnm.imech.cas.cn/kfkt/fxxlxgjzdsys/
https://www.lnm.imech.cas.cn/kfkt/lnmkfktsqb/201408/P020260817345378464054.docx",2026-10-08,已复读已取得证据,待核,方向待核·已截止
M007,经费使用及外拨,"官方明确｜(3) 重点课题第一年结束时需提供年度进展报告，内容包括：本年度研究工作的进展和成果、下一年度的工作进度安排、本年度经费使用情况、存在的问题和建议等（详见年度进展报告书）；
4. 经费使用：开放基金课题经费支出范围为与课题内容直接相关的材料费、测试化验加工费、差旅费、会议费、出版/文献/信息传播/知识产权事务费、专家咨询费、劳务费、高级访问学者经费等。","https://www.lnm.imech.cas.cn/kfkt/fxxlxgjzdsys/
https://www.lnm.imech.cas.cn/kfkt/lnmkfktsqb/201408/P020260817345378464054.docx",2026-10-08,已复读已取得证据,待核,方向待核·已截止
M007,研究周期,"官方明确｜一般1年；
重点2年","https://www.lnm.imech.cas.cn/kfkt/fxxlxgjzdsys/
https://www.lnm.imech.cas.cn/kfkt/lnmkfktsqb/201408/P020260817345378464054.docx
https://www.lnm.imech.cas.cn/kfkt/fxxlxgjzdsys/201408/P020260818369837472070.pdf",2026-10-08,已复读已取得证据,待核,方向待核·已截止
M007,成果数量及署名,"官方明确｜至少1篇合作SCI，按规范署名/标基金；
至少1次来室访问和学术报告","https://www.lnm.imech.cas.cn/kfkt/fxxlxgjzdsys/
https://www.lnm.imech.cas.cn/kfkt/lnmkfktsqb/201408/P020260817345378464054.docx",2026-10-08,已复读已取得证据,待核,方向待核·已截止
M007,知识产权,公开资料未载明｜已取得公开资料未载明知识产权的完整条款。,https://www.lnm.imech.cas.cn/kfkt/fxxlxgjzdsys/201408/P020260818369837472070.pdf,2026-10-08,未核清/有缺口,待核,方向待核·已截止
M007,材料及提交方式,"官方明确｜签字盖章申请书纸质2份由合作者提交；
电子版office@lnm.imech.ac.cn；
9-30前",https://www.lnm.imech.cas.cn/kfkt/fxxlxgjzdsys/201408/P020260818369837472070.pdf,2026-10-08,已复读已取得证据,待核,方向待核·已截止
M134,实际任务筛选,剔除｜指南实际聚焦凝固、铸造、晶体生长与材料制造；智能制造表述未形成机器人任务依据。,https://sklsp.nwpu.edu.cn/info/2041/12902.htm,2026-10-08,已复读已取得证据,剔除,已剔除·范围不符
M134,正式公告/指南,正式开放课题公告｜已复读原官方公告；附件缺口见条款列,https://sklsp.nwpu.edu.cn/info/2041/12902.htm,2026-10-08,已复读已取得证据,剔除,已剔除·范围不符
M134,截止日期,2026-05-20；北京时间时点：未公开/未取得,https://sklsp.nwpu.edu.cn/info/2041/12902.htm,2026-10-08,未核清/有缺口,剔除,已剔除·范围不符
M134,资助金额,重点20—30万元；探索10—15万元,https://sklsp.nwpu.edu.cn/info/2041/12902.htm,2026-10-08,已复读已取得证据,剔除,已剔除·范围不符
M134,申请资格,"官方明确｜1. 申请人必须同时满足以下条件：具有高级专业职称或已获得博士学位；
2. 申请者同年度限申请1项，实验室固定人员同年度作为课题联系人限1项。",https://sklsp.nwpu.edu.cn/info/2041/12902.htm,2026-10-08,已复读已取得证据,剔除,已剔除·范围不符
M134,合作及访问,"官方明确｜为保证课题执行顺利，需要至少1位凝固实验室固定研究人员作为合作者（联系人）共同申请。
*注：凡在实验室开放课题资助下发表的论文或取得的其它成果，归本实验室和课题负责人所在单位共有，必须与实验室联合署名（与实验室固定人员合作完成），并注明“凝固技术全国重点实验室（西北工业大学）开放课题资助”（英文为：Supported by the Fund of the State Key Laboratory of Solidification Processing (Northwestern Polytechnical University), China）字样，同时加注课题批准号。",https://sklsp.nwpu.edu.cn/info/2041/12902.htm,2026-10-08,已复读已取得证据,剔除,已剔除·范围不符
M134,经费使用及外拨,公开资料未载明｜已取得公开资料未载明经费使用及外拨的完整条款。,https://sklsp.nwpu.edu.cn/info/2041/12902.htm,2026-10-08,未核清/有缺口,剔除,已剔除·范围不符
M134,研究周期,"官方明确｜重点类项目每项资助金额为20-30万元，执行期限一般为3年；
探索类项目每项资助金额为10-15万元，执行期限一般为2年。",https://sklsp.nwpu.edu.cn/info/2041/12902.htm,2026-10-08,已复读已取得证据,剔除,已剔除·范围不符
M134,成果数量及署名,"官方明确｜（1）开展原创性研究：在新发现、新原理、新方法方面取得具有重要学术贡献和较高影响力的成果，以第一作者或通讯作者发表受到国内外同行专家高度认可的在本学科领域具有重要学术价值的高质量论文（参考中科院大类2区及以上），其中至少以第一作者或通讯作者在《铸造技术》或《Materials & Solidification》上发表论文1篇。
（3）成果转化及应用：以第一完成人所获知识产权进行转化并取得良好效益，或起草国标、国军标、行业技术标准并颁布（前三名），或在解决国家重大需求与经济社会发展问题上提出有价值的新思路、新技术、新机制，在国家重要行业或部门获得应用并取得重要效益。
（1）开展原创性研究：在新发现、新原理、新方法方面取得具有重要学术贡献和较高影响力的成果，以第一作者或通讯作者发表受到国内外同行专家高度认可的在本学科领域具有重要学术价值的高质量论文（参考中科院大类2区及以上），其中至少以第一作者或通讯作者在《铸造技术》发表论文1篇。
（3）成果转化及应用：以第一完成人所获知识产权进行转化并取得良好效益，或起草国标、国军标、行业技术标准并颁布，或在解决国家重大需求与经济社会发展问题上提出有价值的新思路、新技术、新机制，在国家重要行业或部门获得应用并取得重要效益。
*注：凡在实验室开放课题资助下发表的论文或取得的其它成果，归本实验室和课题负责人所在单位共有，必须与实验室联合署名（与实验室固定人员合作完成），并注明“凝固技术全国重点实验室（西北工业大学）开放课题资助”（英文为：Supported by the Fund of the State Key Laboratory of Solidification Processing (Northwestern Polytechnical University), China）字样，同时加注课题批准号。
在成果鉴定和申报各类奖励时也必须做出同样标注。",https://sklsp.nwpu.edu.cn/info/2041/12902.htm,2026-10-08,已复读已取得证据,剔除,已剔除·范围不符
M134,知识产权,"官方明确｜*注：凡在实验室开放课题资助下发表的论文或取得的其它成果，归本实验室和课题负责人所在单位共有，必须与实验室联合署名（与实验室固定人员合作完成），并注明“凝固技术全国重点实验室（西北工业大学）开放课题资助”（英文为：Supported by the Fund of the State Key Laboratory of Solidification Processing (Northwestern Polytechnical University), China）字样，同时加注课题批准号。",https://sklsp.nwpu.edu.cn/info/2041/12902.htm,2026-10-08,已复读已取得证据,剔除,已剔除·范围不符
M134,材料及提交方式,"官方明确｜为保证课题执行顺利，需要至少1位凝固实验室固定研究人员作为合作者（联系人）共同申请。
2. 申请者同年度限申请1项，实验室固定人员同年度作为课题联系人限1项。
2. 材料提交要求：将《凝固技术全国重点实验室（西北工业大学）开放课题申请书》（可在凝固技术全国重点实验室网站http://sklsp.nwpu.edu.cn/下载）电子版（含申请人电子签名）发送至sklsp@nwpu.edu.cn。
3. 评审通过后，申请人根据评审意见修改《凝固技术全国重点实验室（西北工业大学）开放课题申请书》，并填写《凝固技术全国重点实验室（西北工业大学）开放课题任务书》，将纸质版各一式两份（加盖单位公章）报送凝固技术全国重点实验室，电子版发送至sklsp@nwpu.edu.cn。
联系人：冯芳，刘瑞
邮箱：sklsp@nwpu.edu.cn
邮箱：sklsp@nwpu.edu.cn 邮编：710072",https://sklsp.nwpu.edu.cn/info/2041/12902.htm,2026-10-08,已复读已取得证据,剔除,已剔除·范围不符
M190,实际任务筛选,保留｜平台具身智能与异构智能体协同,https://asgo.nwpu.edu.cn/info/1014/1084.htm,2026-10-08,已复读已取得证据,保留,已截止
M190,正式公告/指南,正式开放课题公告｜已复读原官方公告；附件缺口见条款列,https://asgo.nwpu.edu.cn/info/1014/1084.htm,2026-10-08,已复读已取得证据,保留,已截止
M190,截止日期,2026-09-20；北京时间时点：未公开/未取得,https://asgo.nwpu.edu.cn/info/1014/1084.htm,2026-10-08,未核清/有缺口,保留,已截止
M190,资助金额,重点5万元、一般2万元,https://asgo.nwpu.edu.cn/info/1014/1084.htm,2026-10-08,已复读已取得证据,保留,已截止
M190,申请资格,官方明确｜凡研究方向符合当年发布的开放课题申请指南，具有一定研究经历，副高级职称及以上的国内外研究人员，均可根据课题指南提出课题申请。,https://asgo.nwpu.edu.cn/info/1014/1084.htm,2026-10-08,已复读已取得证据,保留,已截止
M190,合作及访问,"官方明确｜开放课题须与本工程实验室固定研究人员联合申请，受到资助后依托固定研究组进行研究工作。
重点类开放课题主要面向国家重大需求，围绕实验室的研究方向，鼓励国内外高水平研究人员与本实验室研究人员通过实质性合作开展前沿性、探索性的研究工作，力争出原创性的研究成果；
一般类开放课题围绕实验室的研究方向，主要资助工作基础较好、学术特色明显的关键理论、方法和技术研究，鼓励与本实验室研究人员开展合作研究，力争取得高水平的研究成果。
学术委员会对每项批准资助的开放课题安排一位实验室固定研究人员作为该项目的联系人，负责与开放课题负责人的学术联系、研究合作以及课题和经费管理。",https://asgo.nwpu.edu.cn/info/1014/1084.htm,2026-10-08,已复读已取得证据,保留,已截止
M190,经费使用及外拨,"官方明确｜注：开放课题经费不外拨。
学术委员会对每项批准资助的开放课题安排一位实验室固定研究人员作为该项目的联系人，负责与开放课题负责人的学术联系、研究合作以及课题和经费管理。",https://asgo.nwpu.edu.cn/info/1014/1084.htm,2026-10-08,已复读已取得证据,保留,已截止
M190,研究周期,官方明确｜开放课题研究期限一般为两年（从批准后下一年度的1月1日开始）。,https://asgo.nwpu.edu.cn/info/1014/1084.htm,2026-10-08,已复读已取得证据,保留,已截止
M190,成果数量及署名,"官方明确｜开放课题资助课题所取得的成果，归工程实验室和研究者所在单位共有。
开放课题所取得的研究成果应将工程实验室作为完成单位之一。
(1) 中文论文：应署“空天地海一体化大数据应用技术国家工程实验室”为作者的单位之一；
(2) 英文论文：应署“National Engineering Laboratory for Integrated Aero-Space-Ground- Ocean Big Data Application Technology”为作者的单位之一；
(4) 应用证明应注明：“空天地海一体化大数据应用技术国家工程实验室”为该项成果的主要完成单位之一。",https://asgo.nwpu.edu.cn/info/1014/1084.htm,2026-10-08,已复读已取得证据,保留,已截止
M190,知识产权,官方明确｜开放课题资助课题所取得的成果，归工程实验室和研究者所在单位共有。,https://asgo.nwpu.edu.cn/info/1014/1084.htm,2026-10-08,已复读已取得证据,保留,已截止
M190,材料及提交方式,"官方明确｜申请者按规定格式填写《空天地海一体化大数据国家工程实验室开放课题申请书》，经所在单位签署意见、加盖公章。
2026年9月20日前向实验室提交电子版申请材料，纸质版申请人个人留存。
学术委员会对每项批准资助的开放课题安排一位实验室固定研究人员作为该项目的联系人，负责与开放课题负责人的学术联系、研究合作以及课题和经费管理。
联系人: 王敏，邢颖慧
邮箱：asgo@nwpu.edu.cn",https://asgo.nwpu.edu.cn/info/1014/1084.htm,2026-10-08,已复读已取得证据,保留,已截止
M092,实际任务筛选,待核｜磁医学当期指南未核实磁控机器人任务；相邻网页的微型机器人信息不能作为本期指南。,https://psrm.xjtu.edu.cn/info/1028/2601.htm,2026-10-08,未核清/有缺口,待核,方向待核·已截止
M092,正式公告/指南,正式开放课题公告｜已复读原官方公告；附件缺口见条款列,https://psrm.xjtu.edu.cn/info/1028/2601.htm,2026-10-08,已复读已取得证据,待核,方向待核·已截止
M092,截止日期,2025-05-31；北京时间时点：未公开/未取得,https://psrm.xjtu.edu.cn/info/1028/2601.htm,2026-10-08,未核清/有缺口,待核,方向待核·已截止
M092,资助金额,3—5万元,https://psrm.xjtu.edu.cn/info/1028/2601.htm,2026-10-08,已复读已取得证据,待核,方向待核·已截止
M092,申请资格,官方明确｜①课题申请者应具备副高级以上职称或博士学位或具有硕士学位的中级职称的外单位(注：西安交通大学第一/二附属医院及西安交通大学生命科学院等不可申报)的科技工作者，具有一定的工作基础，均可直接申请资助。,https://psrm.xjtu.edu.cn/info/1028/2601.htm,2026-10-08,已复读已取得证据,待核,方向待核·已截止
M092,合作及访问,"官方明确｜②优先资助与本实验室成员有合作基础或共同申请、承担过国家重要科研项目的课题。
发表学术论文时将按以下格式共同署名，署名排序由研究者和依托实验室负责人根据双方在工作中的贡献，并依照国际通行的惯例讨论确定。",https://psrm.xjtu.edu.cn/info/1028/2601.htm,2026-10-08,已复读已取得证据,待核,方向待核·已截止
M092,经费使用及外拨,公开资料未载明｜已取得公开资料未载明经费使用及外拨的完整条款。,https://psrm.xjtu.edu.cn/info/1028/2601.htm,2026-10-08,未核清/有缺口,待核,方向待核·已截止
M092,研究周期,官方明确｜2、资助额度：课题研究周期为2年，可根据具体进展情况适当调整，资助额度为3-5万元/项。,https://psrm.xjtu.edu.cn/info/1028/2601.htm,2026-10-08,已复读已取得证据,待核,方向待核·已截止
M092,成果数量及署名,公开资料未载明｜已取得公开资料未载明成果数量及署名的完整条款。,https://psrm.xjtu.edu.cn/info/1028/2601.htm,2026-10-08,未核清/有缺口,待核,方向待核·已截止
M092,知识产权,公开资料未载明｜已取得公开资料未载明知识产权的完整条款。,https://psrm.xjtu.edu.cn/info/1028/2601.htm,2026-10-08,未核清/有缺口,待核,方向待核·已截止
M092,材料及提交方式,"官方明确｜课题申请者填写《陕西省磁医学重点实验室开放课题申请书》（扫描下方二维码下载申请书），于2025年5月31日前将纸质版申请书一式两份交（可邮寄）于我实验室，电子版材料发送至邮箱dongdinghui0510@163.com。
E-Mail：dongdinghui0510@163.com",https://psrm.xjtu.edu.cn/info/1028/2601.htm,2026-10-08,已复读已取得证据,待核,方向待核·已截止
M093,实际任务筛选,待核｜磁医学当期指南未核实磁控机器人任务；不得由实验室名称或相邻文章推导。,https://psrm.xjtu.edu.cn/info/1028/2721.htm,2026-10-08,未核清/有缺口,待核,方向待核·已截止
M093,正式公告/指南,正式开放课题公告｜已复读原官方公告；附件缺口见条款列,https://psrm.xjtu.edu.cn/info/1028/2721.htm,2026-10-08,已复读已取得证据,待核,方向待核·已截止
M093,截止日期,2026-06-30；北京时间时点：未公开/未取得,https://psrm.xjtu.edu.cn/info/1028/2721.htm,2026-10-08,未核清/有缺口,待核,方向待核·已截止
M093,资助金额,3—5万元,https://psrm.xjtu.edu.cn/info/1028/2721.htm,2026-10-08,已复读已取得证据,待核,方向待核·已截止
M093,申请资格,官方明确｜①课题申请者应具备副高级以上职称或博士学位或具有硕士学位的中级职称的外单位(注：西安交通大学第一/二附属医院及西安交通大学生命科学院等不可申报)的科技工作者，具有一定的工作基础，均可直接申请资助。,https://psrm.xjtu.edu.cn/info/1028/2721.htm,2026-10-08,已复读已取得证据,待核,方向待核·已截止
M093,合作及访问,"官方明确｜②优先资助与本实验室成员有合作基础或共同申请、承担过国家重要科研项目的课题。
发表学术论文时将按以下格式共同署名，署名排序由研究者和依托实验室负责人根据双方在工作中的贡献，并依照国际通行的惯例讨论确定。",https://psrm.xjtu.edu.cn/info/1028/2721.htm,2026-10-08,已复读已取得证据,待核,方向待核·已截止
M093,经费使用及外拨,公开资料未载明｜已取得公开资料未载明经费使用及外拨的完整条款。,https://psrm.xjtu.edu.cn/info/1028/2721.htm,2026-10-08,未核清/有缺口,待核,方向待核·已截止
M093,研究周期,官方明确｜2、资助额度：课题研究周期为2年，可根据具体进展情况适当调整，资助额度为3-5万元/项。,https://psrm.xjtu.edu.cn/info/1028/2721.htm,2026-10-08,已复读已取得证据,待核,方向待核·已截止
M093,成果数量及署名,公开资料未载明｜已取得公开资料未载明成果数量及署名的完整条款。,https://psrm.xjtu.edu.cn/info/1028/2721.htm,2026-10-08,未核清/有缺口,待核,方向待核·已截止
M093,知识产权,公开资料未载明｜已取得公开资料未载明知识产权的完整条款。,https://psrm.xjtu.edu.cn/info/1028/2721.htm,2026-10-08,未核清/有缺口,待核,方向待核·已截止
M093,材料及提交方式,"官方明确｜课题申请者填写《陕西省磁医学重点实验室开放课题申请书》（附件1），于2026年6月30日前将纸质版申请书一式两份交（可邮寄）于我实验室，电子版材料发送至邮箱dongdinghui0510@163.com。
E-Mail：dongdinghui0510@163.com",https://psrm.xjtu.edu.cn/info/1028/2721.htm,2026-10-08,已复读已取得证据,待核,方向待核·已截止
M109,实际任务筛选,保留｜道路建养装备智能控制（限具体装备任务，不泛化为施工机器人）,https://webplus.chd.edu.cn/_s204/2026/0605/c8633a261025/page.psp,2026-10-08,已复读已取得证据,保留,已截止
M109,正式公告/指南,正式开放课题公告｜已复读原官方公告；附件缺口见条款列,https://webplus.chd.edu.cn/_s204/2026/0605/c8633a261025/page.psp,2026-10-08,已复读已取得证据,保留,已截止
M109,截止日期,2026-06-15；北京时间时点：未公开/未取得,https://webplus.chd.edu.cn/_s204/2026/0605/c8633a261025/page.psp,2026-10-08,未核清/有缺口,保留,已截止
M109,资助金额,3万元,https://webplus.chd.edu.cn/_s204/2026/0605/c8633a261025/page.psp,2026-10-08,已复读已取得证据,保留,已截止
M109,申请资格,官方明确｜2、开放基金项目申请者应为具有副高以上职称或中级职称并具有博士学位的非本校研究人员，年龄不超过40岁；,https://webplus.chd.edu.cn/_s204/2026/0605/c8633a261025/page.psp,2026-10-08,已复读已取得证据,保留,已截止
M109,合作及访问,"官方明确｜根据“开放、联合、流动、竞争”的运行机制，实验室目前已经完善了对外开放的良好环境，欢迎国内外的科学研究人员、专家、学者来实验室从事研究工作。
为了更好地促进实验室的国内外交流与合作，特制定2026年实验室的开放课题申请指南。",https://webplus.chd.edu.cn/_s204/2026/0605/c8633a261025/page.psp,2026-10-08,已复读已取得证据,保留,已截止
M109,经费使用及外拨,"官方明确｜2、申请人须填写“长安大学中央高校基本科研业务费专项资金项目申请书（重点平台开放基金项目）”（见附件1），向本实验室提出申请。
6、资助经费按年度拨付。
附件1长安大学中央高校基本科研业务费专项资金科学研究专项管理实施细则.pdf
附件3长安大学中央高校基本科研业务费项目申报形式检查表.docx
附件5长安大学中央高校基本科研业务费专项资金自然科学类项目结题验收标准指导意见.docx.docx",https://webplus.chd.edu.cn/_s204/2026/0605/c8633a261025/page.psp,2026-10-08,已复读已取得证据,保留,已截止
M109,研究周期,官方明确｜5、项目研究周期一般为2年。,https://webplus.chd.edu.cn/_s204/2026/0605/c8633a261025/page.psp,2026-10-08,已复读已取得证据,保留,已截止
M109,成果数量及署名,"官方明确｜3、课题需围绕我国国民经济、社会发展的重大科技问题，开展创新研究，并获取原始创新成果和自主知识产权，课题的研究应有利于提升实验室研究实力，有利于实验室的建设与发展；
8、获资助课题取得的研究成果归研究人员所在单位和本实验室共有，成果鉴定和报奖由双方共同办理。
研究论文如在国内外刊物或学术会议上发表或报送有关部门，应署明“道路施工技术与装备教育部重点实验室（长安大学）开放基金项目（项目编号：XXXXXX）”。",https://webplus.chd.edu.cn/_s204/2026/0605/c8633a261025/page.psp,2026-10-08,已复读已取得证据,保留,已截止
M109,知识产权,官方明确｜8、获资助课题取得的研究成果归研究人员所在单位和本实验室共有，成果鉴定和报奖由双方共同办理。,https://webplus.chd.edu.cn/_s204/2026/0605/c8633a261025/page.psp,2026-10-08,已复读已取得证据,保留,已截止
M109,材料及提交方式,"官方明确｜申请截止日期为2026年6月15日，将电子版发送至rcte@chd.edu.cn，纸质版递交时间另行通知。
联系人：吴文 张翼飞
邮箱：rcte@chd.edu.cn
邮箱：gcjxbgs@chd.edu.cn
师德师风监督邮箱：gcjxjw@chd.edu.cn",https://webplus.chd.edu.cn/_s204/2026/0605/c8633a261025/page.psp,2026-10-08,已复读已取得证据,保留,已截止
M033,实际任务筛选,保留｜工业机器人传动、机电耦合与高端装备传动,https://slmt.cqu.edu.cn/info/10663/89610.htm,2026-10-08,已复读已取得证据,保留,已截止
M033,正式公告/指南,正式开放课题公告｜已复读原官方公告；附件缺口见条款列,https://slmt.cqu.edu.cn/info/10663/89610.htm,2026-10-08,已复读已取得证据,保留,已截止
M033,截止日期,2025-09-03；北京时间时点：未公开/未取得,https://slmt.cqu.edu.cn/info/10663/89610.htm,2026-10-08,未核清/有缺口,保留,已截止
M033,资助金额,面上5—8万元,https://slmt.cqu.edu.cn/info/10663/89610.htm,2026-10-08,已复读已取得证据,保留,已截止
M033,申请资格,"官方明确｜申请者一般应具备高级专业技术职称或博士学位。
已获得本实验室开放课题资助的项目负责人在项目结题前不得再次申请开放课题。",https://slmt.cqu.edu.cn/info/10663/89610.htm,2026-10-08,已复读已取得证据,保留,已截止
M033,合作及访问,公开资料未载明｜已取得公开资料未载明合作及访问的完整条款。,https://slmt.cqu.edu.cn/info/10663/89610.htm,2026-10-08,未核清/有缺口,保留,已截止
M033,经费使用及外拨,公开资料未载明｜已取得公开资料未载明经费使用及外拨的完整条款。,https://slmt.cqu.edu.cn/info/10663/89610.htm,2026-10-08,未核清/有缺口,保留,已截止
M033,研究周期,公开资料未载明｜已取得公开资料未载明研究周期的完整条款。,https://slmt.cqu.edu.cn/info/10663/89610.htm,2026-10-08,未核清/有缺口,保留,已截止
M033,成果数量及署名,公开资料未载明｜已取得公开资料未载明成果数量及署名的完整条款。,https://slmt.cqu.edu.cn/info/10663/89610.htm,2026-10-08,未核清/有缺口,保留,已截止
M033,知识产权,公开资料未载明｜已取得公开资料未载明知识产权的完整条款。,https://slmt.cqu.edu.cn/info/10663/89610.htm,2026-10-08,未核清/有缺口,保留,已截止
M033,材料及提交方式,"官方明确｜1、凡申请本开放课题者须认真填写《重庆大学高端装备机械传动全国重点实验室开放课题申请书》一份。
由申请者所在单位签署审查意见并盖章后投送到重庆大学高端装备机械传动全国重点实验室，并将填写好的申请书电子版通过电子邮件发至实验室办公室，邮件主题请标明：高端装备机械传动全国重点实验室2025年度开放课题申请书-所在单位-姓名。
联系人：李亦亭 电话：13389638875
E–Mail：liyiting0414@cqu.edu.cn",https://slmt.cqu.edu.cn/info/10663/89610.htm,2026-10-08,已复读已取得证据,保留,已截止
M090,实际任务筛选,保留｜具身智能世界模型与开放环境视觉感知,https://www.ccee.cqu.edu.cn/info/1397/7727.htm,2026-10-08,已复读已取得证据,保留,已截止
M090,正式公告/指南,正式开放课题公告｜已复读原官方公告；附件缺口见条款列,https://www.ccee.cqu.edu.cn/info/1397/7727.htm,2026-10-08,已复读已取得证据,保留,已截止
M090,截止日期,2026-04-20；北京时间时点：未公开/未取得,https://www.ccee.cqu.edu.cn/info/1397/7727.htm,2026-10-08,未核清/有缺口,保留,已截止
M090,资助金额,3万元,https://www.ccee.cqu.edu.cn/info/1397/7727.htm,2026-10-08,已复读已取得证据,保留,已截止
M090,申请资格,官方明确｜3.1 开放基金资助对象为国内外相关领域具有博士学位或中级职称的研究人员（含博士后），优先资助40岁及以下青年学者。,https://www.ccee.cqu.edu.cn/info/1397/7727.htm,2026-10-08,已复读已取得证据,保留,已截止
M090,合作及访问,"官方明确｜申请与咨询邮箱：hanliangaa@cqu.edu.cn），并同时抄送给已沟通好共同合作的实验室固定研究人员。
3.2 每项开放基金申请人需与本实验室一名固定研究人员进行合作，开展实质性研究工作。
3.6 鼓励与实验室固定人员联合发表学术论文。",https://www.ccee.cqu.edu.cn/info/1397/7727.htm,2026-10-08,已复读已取得证据,保留,已截止
M090,经费使用及外拨,官方明确｜开放基金资助经费不外拨，需要在重庆大学使用，经费使用应符合重庆大学科研经费相关管理规定。,https://www.ccee.cqu.edu.cn/info/1397/7727.htm,2026-10-08,已复读已取得证据,保留,已截止
M090,研究周期,官方明确｜3.3 每项开放基金资助经费为3万元，研究期限为一年。,https://www.ccee.cqu.edu.cn/info/1397/7727.htm,2026-10-08,已复读已取得证据,保留,已截止
M090,成果数量及署名,"官方明确｜获批后项目主持人须按照申请书制定详细研究计划，并签署任务书，按任务书要求完成课题和提交结题报告。
3.5 使用开放基金资助，申报成果、专利、发表论文时需注明单位和资助项目名称，需将“生物感知与多模态智能信息处理重庆市重点实验室”（英文名称为：Chongqing Key Laboratory of Bio-perception & Multimodal Intelligent Information Processing）列为申请人所在单位；",https://www.ccee.cqu.edu.cn/info/1397/7727.htm,2026-10-08,已复读已取得证据,保留,已截止
M090,知识产权,公开资料未载明｜已取得公开资料未载明知识产权的完整条款。,https://www.ccee.cqu.edu.cn/info/1397/7727.htm,2026-10-08,未核清/有缺口,保留,已截止
M090,材料及提交方式,"官方明确｜... 申请人下载附件“生物感知与多模态智能信息处理重庆市重点实验室开放基金申请书”，于2026年4月20日前，将申请书通过项目主持人的邮箱发送至实验室联系人邮箱（联系人：韩亮；
申请与咨询邮箱：hanliangaa@cqu.edu.cn），并同时抄送给已沟通好共同合作的实验室固定研究人员。
获批后项目主持人须按照申请书制定详细研究计划，并签署任务书，按任务书要求完成课题和提交结题报告。
申请人下载附件“生物感知与多模态智能信息处理重庆市重点实验室开放基金申请书”，于2026年4月20日前，将申请书通过项目主持人的邮箱发送至实验室联系人邮箱（联系人：韩亮；
如有不明事宜，请向联系人咨询。",https://www.ccee.cqu.edu.cn/info/1397/7727.htm,2026-10-08,已复读已取得证据,保留,已截止
M189,实际任务筛选,保留｜山区建造装备及机器人,https://sqtmqz.ecjtu.edu.cn/info/1031/3831.htm,2026-10-08,已复读已取得证据,保留,已截止
M189,正式公告/指南,正式开放课题公告｜已复读原官方公告；附件缺口见条款列,https://sqtmqz.ecjtu.edu.cn/info/1031/3831.htm,2026-10-08,已复读已取得证据,保留,已截止
M189,截止日期,2026-06-25；北京时间时点：未公开/未取得,https://sqtmqz.ecjtu.edu.cn/info/1031/3831.htm,2026-10-08,未核清/有缺口,保留,已截止
M189,资助金额,每项6万元,https://sqtmqz.ecjtu.edu.cn/info/1031/3831.htm,2026-10-08,已复读已取得证据,保留,已截止
M189,申请资格,"官方明确｜实验室依托单位外博士或副高；
中级且硕士、成果突出者可由2名高级职称专家推荐。",https://sqtmqz.ecjtu.edu.cn/info/1031/3831.htm,2026-10-08,已复读已取得证据,保留,已截止
M189,合作及访问,公开资料未载明｜已取得公开资料未载明合作及访问的完整条款。,https://sqtmqz.ecjtu.edu.cn/info/1031/3831.htm,2026-10-08,未核清/有缺口,保留,已截止
M189,经费使用及外拨,官方明确｜不外拨，经实验室秘书报销。,https://sqtmqz.ecjtu.edu.cn/info/1031/3831.htm,2026-10-08,已复读已取得证据,保留,已截止
M189,研究周期,官方明确｜2年，2027—2028。,https://sqtmqz.ecjtu.edu.cn/info/1031/3831.htm,2026-10-08,已复读已取得证据,保留,已截止
M189,成果数量及署名,公开资料未载明｜已取得公开资料未载明成果数量及署名的完整条款。,https://sqtmqz.ecjtu.edu.cn/info/1031/3831.htm,2026-10-08,未核清/有缺口,保留,已截止
M189,知识产权,官方明确｜成果知识产权共享。,https://sqtmqz.ecjtu.edu.cn/info/1031/3831.htm,2026-10-08,已复读已取得证据,保留,已截止
M189,材料及提交方式,"官方明确｜2026-06-25前纸质申请书2份、信息汇总表和电子材料至tmqz@cqusce.com；
庞老师15923774535。",https://sqtmqz.ecjtu.edu.cn/info/1031/3831.htm,2026-10-08,已复读已取得证据,保留,已截止
M091,实际任务筛选,保留｜桥梁检测机器人与无人巡检装备,https://www.cqjzc.edu.cn/jtys/info/1065/3085.htm,2026-10-08,已复读已取得证据,保留,已截止
M091,正式公告/指南,正式开放课题公告｜已复读原官方公告；附件缺口见条款列,https://www.cqjzc.edu.cn/jtys/info/1065/3085.htm,2026-10-08,已复读已取得证据,保留,已截止
M091,截止日期,2026-06-30；北京时间时点：未公开/未取得,https://www.cqjzc.edu.cn/jtys/info/1065/3085.htm,2026-10-08,未核清/有缺口,保留,已截止
M091,资助金额,5—10万元,https://www.cqjzc.edu.cn/jtys/info/1065/3085.htm,2026-10-08,已复读已取得证据,保留,已截止
M091,申请资格,官方明确｜2. 开放基金项目申请者原则上应为具有副高及以上职称或具有博士学位的非本校研究人员，年龄不超过40岁；,https://www.cqjzc.edu.cn/jtys/info/1065/3085.htm,2026-10-08,已复读已取得证据,保留,已截止
M091,合作及访问,公开资料未载明｜已取得公开资料未载明合作及访问的完整条款。,https://www.cqjzc.edu.cn/jtys/info/1065/3085.htm,2026-10-08,未核清/有缺口,保留,已截止
M091,经费使用及外拨,官方明确｜4. 研究资助力度为5-10万元/项，经费一次拨付。,https://www.cqjzc.edu.cn/jtys/info/1065/3085.htm,2026-10-08,已复读已取得证据,保留,已截止
M091,研究周期,官方明确｜4. 项目研究周期一般为2年。,https://www.cqjzc.edu.cn/jtys/info/1065/3085.htm,2026-10-08,已复读已取得证据,保留,已截止
M091,成果数量及署名,"官方明确｜山地城市交通设施智能检测重庆市高校工程研究中心依托重庆建筑工程职业学院，联合招商局重庆公路工程检测中心有限公司等3家国内交通领域知名企业共同组建，围绕山地城市道路与轨道交通两个行业，聚焦开展山地城市路桥隧轨智能检测技术研究与装备开发，对国内外相关成果进行消化、吸收、转化与创新，促进我国山地城市路桥隧轨检测及评估工程技术创新与应用，在个别研究领域达到国际先进水平。
3. 课题需围绕山地城市路、桥、隧、轨等交通设施智能检测技术发展的重大科技问题，开展创新研究，并获取原始创新成果和自主知识产权，课题的研究应有利于提升工程研究中心的研究实力，有利于工程研究中心的建设与发展；
6. 获资助课题取得的研究成果归研究人员所在单位和中心共有，成果鉴定和报奖由双方共同办理。
研究论文如在国内外刊物或学术会议上发表或报送有关部门，应署明“山地城市交通设施智能检测重庆市高校工程研究中心（重庆建筑工程职业学院）开放基金项目（项目编号：XXXXXX）”。",https://www.cqjzc.edu.cn/jtys/info/1065/3085.htm,2026-10-08,已复读已取得证据,保留,已截止
M091,知识产权,官方明确｜6. 获资助课题取得的研究成果归研究人员所在单位和中心共有，成果鉴定和报奖由双方共同办理。,https://www.cqjzc.edu.cn/jtys/info/1065/3085.htm,2026-10-08,已复读已取得证据,保留,已截止
M091,材料及提交方式,"官方明确｜各申报单位于6月30日前将《申报书》（附件1）电子档及签字盖章的纸质档1式5份，《山地城市交通设施智能检测重庆市高校工程研究中心2026年开放基金项目汇总表》（附件2）电子档及签字盖章的纸质档1式1份（有联合申报单位的，《申报书》中牵头单位和联合申报单位均需签字盖章）报送我中心。
电子档发送至邮箱，纸质档邮寄至我中心。
邮箱：981552653@qq.com",https://www.cqjzc.edu.cn/jtys/info/1065/3085.htm,2026-10-08,已复读已取得证据,保留,已截止
M103,实际任务筛选,保留｜工业机器人及智能产线运维、故障预测与控制,https://kyc.cqcvc.edu.cn/info.thtml?cid=74479&pn=&t=11322,2026-10-08,已复读已取得证据,保留,已截止
M103,正式公告/指南,正式开放课题公告｜已复读原官方公告；附件缺口见条款列,https://kyc.cqcvc.edu.cn/info.thtml?cid=74479&pn=&t=11322,2026-10-08,已复读已取得证据,保留,已截止
M103,截止日期,2026-09-01；北京时间时点：未公开/未取得,https://kyc.cqcvc.edu.cn/info.thtml?cid=74479&pn=&t=11322,2026-10-08,未核清/有缺口,保留,已截止
M103,资助金额,待核,https://kyc.cqcvc.edu.cn/info.thtml?cid=74479&pn=&t=11322,2026-10-08,未核清/有缺口,保留,已截止
M103,申请资格,官方明确｜工程中心合作单位人员及中心相关人员；博士可申报重点；每人主持1项、参与不超过2项。,https://kyc.cqcvc.edu.cn/info.thtml?cid=74479&pn=&t=11322,2026-10-08,已复读已取得证据,保留,已截止
M103,合作及访问,公开资料未载明｜已取得公开资料未载明合作及访问的完整条款。,"https://kyc.cqcvc.edu.cn/info.thtml?cid=74479&pn=&t=11322
https://kyc.cqcvc.edu.cn/internship.thtml?t=11329",2026-10-08,未核清/有缺口,保留,已截止
M103,经费使用及外拨,公开资料未载明｜已取得公开资料未载明经费使用及外拨的完整条款。,https://kyc.cqcvc.edu.cn/info.thtml?cid=74479&pn=&t=11322,2026-10-08,未核清/有缺口,保留,已截止
M103,研究周期,官方明确｜一般1年；重点2年。,https://kyc.cqcvc.edu.cn/info.thtml?cid=74479&pn=&t=11322,2026-10-08,已复读已取得证据,保留,已截止
M103,成果数量及署名,"官方明确｜凡由工程中心开放基金资助完成的研究成果为本工程中心和项目负责人所在单位共同拥有，成果转让需征得双方单位的同意。
发表论文、专著、研究报告、成果报道和成果鉴定时，除需标注重点科研平台开放基金资助项目和资助号外，还须将“重庆城市职业学院，工业机器人运维重庆市高校工程中心”作为成果完成单位之一（英文成果须标注“This work was Supported by the Opening Project of Engineering Research Center of Chongqing Education Commission of China in Running and Maintenance of Robots”）；
2.实用新型专利（需将“工业机器人运维重庆市高校工程中心”放在第一完成单位）；
中文核心期刊论文一篇
SCI收录论文一篇",https://kyc.cqcvc.edu.cn/content/clientDf.do?id=51085,2026-10-08,已复读已取得证据,保留,已截止
M103,知识产权,官方明确｜共同成果知识产权共有，转让须双方同意。,https://kyc.cqcvc.edu.cn/info.thtml?cid=74479&pn=&t=11322,2026-10-08,已复读已取得证据,保留,已截止
M103,材料及提交方式,"官方明确｜2026年9月1日前，拟申报课题的老师撰写《工业机器人运维重庆市高校工程中心科研项目立项申请书》（见附件2），并将申报书提交到邮箱1015767210@qq.com完成申报。
八、联系人及联系方式",https://kyc.cqcvc.edu.cn/info.thtml?cid=74479&pn=&t=11322,2026-10-08,已复读已取得证据,保留,已截止
M104,实际任务筛选,待核｜MEMS制造、传感器及光学器件方向未明确机器人应用任务；需取得机器人感知装备相关的具体指南依据。,https://ningbo.nwpu.edu.cn/info/1013/5119.htm,2026-10-08,未核清/有缺口,待核,方向待核·已截止
M104,正式公告/指南,正式开放课题公告｜已复读原官方公告；附件缺口见条款列,https://ningbo.nwpu.edu.cn/info/1013/5119.htm,2026-10-08,已复读已取得证据,待核,方向待核·已截止
M104,截止日期,2026-05-31；北京时间时点：未公开/未取得,https://ningbo.nwpu.edu.cn/info/1013/5119.htm,2026-10-08,未核清/有缺口,待核,方向待核·已截止
M104,资助金额,一般1.5万元；重点3万元,https://ningbo.nwpu.edu.cn/info/1013/5119.htm,2026-10-08,已复读已取得证据,待核,方向待核·已截止
M104,申请资格,"官方明确｜1.申请者需具有硕士以上学位，具有博士学位或副高级以上技术职称者优先，年龄一般不超过45周岁，优先资助青年科技工作者作为课题负责人。
3.作为申请人每年只能申请1项开放基金课题，承担的开放基金课题结题后方可继续申请。
冠名重点实验室的论文作者，必须为课题申请人，并且要求为第一作者或者通讯作者。","https://ningbo.nwpu.edu.cn/info/1013/5119.htm
https://ningbo.nwpu.edu.cn/kaifangjijinketishenqingshu.doc",2026-10-08,已复读已取得证据,待核,方向待核·已截止
M104,合作及访问,公开资料未载明｜已取得公开资料未载明合作及访问的完整条款。,https://ningbo.nwpu.edu.cn/kaifangjijinketishenqingshu.doc,2026-10-08,未核清/有缺口,待核,方向待核·已截止
M104,经费使用及外拨,"官方明确｜4.经费拨付方式：本实验室依托单位收到立项课题的纸质版任务书后，以银行转账方式一次性划拨经费给课题申请者所在单位，申请单位应在到款后一个月内出具银行结算凭证（银行进账单加盖财务专用章鲜章）给实验室依托单位。
开放课题资助经费应按照《浙江省人民政府办公厅关于改革完善省财政科研经费管理的实施意见》（浙政办发〔2022〕22号）文件的相关要求合理使用。
7.课题结束后一个月内，课题负责人应向实验室提交课题结题报告，包括研究工作总结、学术论文、研究报告、经费使用决算表等。
序号 科目名称 金额 1 设备费 2 材料费 3 测试化验加工费 4 燃料动力费 5 差旅/会议/国际合作与交流费 6 出版/文献/信息传播/知识产权事务费 7 劳务费 8 专家咨询费 9 其他支出 10 合 计","https://ningbo.nwpu.edu.cn/info/1013/5119.htm
https://ningbo.nwpu.edu.cn/kaifangjijinketishenqingshu.doc",2026-10-08,已复读已取得证据,待核,方向待核·已截止
M104,研究周期,"官方明确｜两类项目的研究周期均为1年（2026.06-2027.05）。
资助经费： 万元 执行年限： 年 项目负责人： 邮政编码： 电 话：","https://ningbo.nwpu.edu.cn/info/1013/5119.htm
https://ningbo.nwpu.edu.cn/kaifangjijinketishenqingshu.doc",2026-10-08,已复读已取得证据,待核,方向待核·已截止
M104,成果数量及署名,"官方明确｜7.课题结束后一个月内，课题负责人应向实验室提交课题结题报告，包括研究工作总结、学术论文、研究报告、经费使用决算表等。
8.课题考核指标：（1）以第一作者或通讯作者双方署名单位撰写并投稿中文核心或SCI论文1篇，或者作为前两位发明人身份申报发明专利1项（2）课题结题报告1份，（3）工艺报告1份。
9.由本实验室资助的开放课题所发表的论文、论著、研究报告、资料、鉴定证书以及申报成果时，研究成果及知识产权为本实验室和研究者所在单位共有，发表相应论文或各种技术文件应署名“全省高性能MEMS芯片规模制造技术重点实验室，宁波315103”，相应英文为“Key Laboratory of Scale Manufacturing Technologies for High-Performance MEMS Chips of Zhejiang Province, Ningbo 315103, P. R. China”；
冠名重点实验室的论文作者，必须为课题申请人，并且要求为第一作者或者通讯作者。
研究执行期间预期发表的期刊论文1篇： SCI收录 EI收录 其他发表论文","https://ningbo.nwpu.edu.cn/info/1013/5119.htm
https://ningbo.nwpu.edu.cn/kaifangjijinketishenqingshu.doc",2026-10-08,已复读已取得证据,待核,方向待核·已截止
M104,知识产权,"官方明确｜9.由本实验室资助的开放课题所发表的论文、论著、研究报告、资料、鉴定证书以及申报成果时，研究成果及知识产权为本实验室和研究者所在单位共有，发表相应论文或各种技术文件应署名“全省高性能MEMS芯片规模制造技术重点实验室，宁波315103”，相应英文为“Key Laboratory of Scale Manufacturing Technologies for High-Performance MEMS Chips of Zhejiang Province, Ningbo 315103, P. R. China”；","https://ningbo.nwpu.edu.cn/info/1013/5119.htm
https://ningbo.nwpu.edu.cn/kaifangjijinketishenqingshu.doc",2026-10-08,已复读已取得证据,待核,方向待核·已截止
M104,材料及提交方式,"官方明确｜1.请认真填写《开放基金课题申请书》，纸质一式三份寄交实验室，同时须通过电子邮箱提交申请书电子版。
申请书纸质版邮寄地址：浙江省宁波市高新区清逸路218弄智造港A区A3二楼，收件人：王老师。
申请书电子版接收邮箱：251725286@qq.com。
申请人所在单位或学术主管部门应签署意见，单位领导在申请书上签字并加盖单位公章。
2.所有申请均须报送带签章的电子版申请书1份，在收到课题获批通知后还需在两周内填写纸质版任务书4份寄送至全省高性能MEMS芯片规模制造技术重点实验室，逾期未寄送任务书的视作放弃。
4.经费拨付方式：本实验室依托单位收到立项课题的纸质版任务书后，以银行转账方式一次性划拨经费给课题申请者所在单位，申请单位应在到款后一个月内出具银行结算凭证（银行进账单加盖财务专用章鲜章）给实验室依托单位。
联系人： 电 话： 全省高性能MEMS芯片规模制造技术重点实验室
1 姓名 出生年月 证件号码 性别 学位 技术职称 移动电话 电子邮箱 项目分工 负责人 工作单位 2 姓名 出生年月 证件号码 性别 学位 技术职称 移动电话 电子邮箱 项目分工 工作单位 3 姓名 出生年月 证件号码 性别 学位 技术职称 移动电话 电子邮箱 项目分工 工作单位 项目组其他成员 序号 姓名 出生年月 技术职称 专业 工作单位 项目分工 4 5 6","https://ningbo.nwpu.edu.cn/info/1013/5119.htm
https://ningbo.nwpu.edu.cn/kaifangjijinketishenqingshu.doc",2026-10-08,已复读已取得证据,待核,方向待核·已截止
M059,实际任务筛选,保留｜智能无人系统感知、规划与控制,https://jqr.sasu.edu.cn/info/1009/1062.htm,2026-10-08,已复读已取得证据,保留,已截止
M059,正式公告/指南,正式开放课题公告｜已复读原官方公告；附件缺口见条款列,https://jqr.sasu.edu.cn/info/1009/1062.htm,2026-10-08,已复读已取得证据,保留,已截止
M059,截止日期,2026-04-30；北京时间时点：未公开/未取得,https://jqr.sasu.edu.cn/info/1009/1062.htm,2026-10-08,未核清/有缺口,保留,已截止
M059,资助金额,重点2—3万元、一般1—2万元,https://jqr.sasu.edu.cn/info/1009/1062.htm,2026-10-08,已复读已取得证据,保留,已截止
M059,申请资格,官方明确｜1.高等院校、科研院所、机关企事业单位具有中级以上专业技术职称或具有正科职级或具有硕士学位的科研人员（不具有以上条件的应提供两名同领域的高级职称专家的推荐意见），均可在开放课题指南范围内向实验室提出申请；,"https://jqr.sasu.edu.cn/info/1009/1062.htm
https://jqr.sasu.edu.cn/system/_content/download.jsp?urltype=news.DownloadAttachUrl&owner=2133044111&wbfileid=14549987",2026-10-08,已复读已取得证据,保留,已截止
M059,合作及访问,公开资料未载明｜已取得公开资料未载明合作及访问的完整条款。,"https://jqr.sasu.edu.cn/info/1009/1062.htm
https://jqr.sasu.edu.cn/system/_content/download.jsp?urltype=news.DownloadAttachUrl&owner=2133044111&wbfileid=14549987",2026-10-08,未核清/有缺口,保留,已截止
M059,经费使用及外拨,"官方明确｜本实验室采取后资助模式，开放基金资助经费在课题结项后一次性划拨，其中校内人员作为课题负责人的经费，由发布平台将汇总表报科技处审核后，交计划财务处直接划拨至课题负责人相应账号；
课题负责人为校外人员的，由科研平台逐一填表，由计划财务处划拨给课题负责人所在单位。
开放课题经费的开支及标准，按我校校级科研项目经费管理相关办法或校外负责人所在单位相关办法执行。","https://jqr.sasu.edu.cn/info/1009/1062.htm
https://jqr.sasu.edu.cn/system/_content/download.jsp?urltype=news.DownloadAttachUrl&owner=2133044111&wbfileid=14549987",2026-10-08,已复读已取得证据,保留,已截止
M059,研究周期,"官方明确｜1.重点课题：资助额度2万—3万元/项，资助期限为2年，被资助的每个课题研发技术或样机需在工程实际中进行技术应用或推广，工程应用效果良好并获技术应用企业提供的工程应用证明，还须满足下列条件之二：①研发工程样机或应用系统一台/套（提供研制报告和实物）；
2.一般课题：资助额度1万—2万元/项，资助期限为2年，被资助的每个课题研发技术或样机需在工程实际中进行技术应用或推广，工程应用效果良好并获技术应用企业提供的工程应用证明，还须满足下列条件之一：①研发工程样机或应用系统一台/套（提供研制报告和实物）；
3.自筹课题：无经费资助，实验室提供平台、设备、数据支持，资助期限为2年，结题须满足下列条件之一：①完成技术验证、场景测试并提交总结报告；
1.项目的研究周期一般为两年，执行时间以下达时为准。
为规范项目管理，申报书中项目起止时间应填写为2026年01月01日至2027年12月31日。","https://jqr.sasu.edu.cn/info/1009/1062.htm
https://jqr.sasu.edu.cn/system/_content/download.jsp?urltype=news.DownloadAttachUrl&owner=2133044111&wbfileid=14549987",2026-10-08,已复读已取得证据,保留,已截止
M059,成果数量及署名,"官方明确｜③发表EI/SCI检索论文1篇或其他核心期刊论文2篇（授权专利可折合核心期刊）；
③发表核心期刊论文1篇（授权专利可折合核心期刊）或普通期刊论文2篇；
3.自筹课题：无经费资助，实验室提供平台、设备、数据支持，资助期限为2年，结题须满足下列条件之一：①完成技术验证、场景测试并提交总结报告；
②发表期刊论文1篇或申请知识产权1项；
2.由本实验室资助的开放基金课题，其研究成果归本实验室与申请人单位共有，转让收益按协议共享。
所发表论文、专利本实验室或四川文理学院必须作为第一或第二单位，同时包含1名本实验室固定研究人员。
研究成果必须注明“智能无人系统技术四川省高等学校重点实验室资助项目（编号：xxx）”（英文：Supported by Open Fund(No.xxx) of Sichuan Provincial University Key Laboratory of Intelligent Unmanned System Technology），标注成果作为验收的重要参考依据。
本人承诺在项目实施（包括项目评估、检查、项目执行、资源汇交、验收等过程）中，遵守科学道德和诚信要求，严格执行项目任务书的规定，按计划进度完成预期研究目标，及时与相关其它部门进行协调，保证项目的顺利完成。","https://jqr.sasu.edu.cn/info/1009/1062.htm
https://jqr.sasu.edu.cn/system/_content/download.jsp?urltype=news.DownloadAttachUrl&owner=2133044111&wbfileid=14549987",2026-10-08,已复读已取得证据,保留,已截止
M059,知识产权,官方明确｜2.由本实验室资助的开放基金课题，其研究成果归本实验室与申请人单位共有，转让收益按协议共享。,"https://jqr.sasu.edu.cn/info/1009/1062.htm
https://jqr.sasu.edu.cn/system/_content/download.jsp?urltype=news.DownloadAttachUrl&owner=2133044111&wbfileid=14549987",2026-10-08,已复读已取得证据,保留,已截止
M059,材料及提交方式,"官方明确｜应指定一名四川文理学院固定人员作为联系人。
电子档命名：2026开放基金申请书－姓名－单位－联系电话，并将联系电话及线上联系方式添加在邮件内）于2026年4月30日前发送至本实验室联系人邮箱。
3.本实验室开放课题已经全面实现无纸化申请，申请阶段无需提交纸质版申请书，请申请人对材料的真实性负责。
待项目获批后，申请人再按照实验室通知将签字盖章的纸质申请书和任务书（一式两份）一起提交。
邮箱：3282644598@qq.com
项目负责人填写任务书，并由所在单位审核签署意见并加盖公章后，将签字盖章的电子版任务书发送至我校科技处。","https://jqr.sasu.edu.cn/info/1009/1062.htm
https://jqr.sasu.edu.cn/system/_content/download.jsp?urltype=news.DownloadAttachUrl&owner=2133044111&wbfileid=14549987",2026-10-08,已复读已取得证据,保留,已截止
M060,实际任务筛选,保留｜警用智能机器人与协同任务,https://jqr.sasu.edu.cn/info/1009/1061.htm,2026-10-08,已复读已取得证据,保留,已截止
M060,正式公告/指南,正式开放课题公告｜已复读原官方公告；附件缺口见条款列,https://jqr.sasu.edu.cn/info/1009/1061.htm,2026-10-08,已复读已取得证据,保留,已截止
M060,截止日期,2026-04-30；北京时间时点：未公开/未取得,https://jqr.sasu.edu.cn/info/1009/1061.htm,2026-10-08,未核清/有缺口,保留,已截止
M060,资助金额,重点1—2万元、一般0.5—1万元,https://jqr.sasu.edu.cn/info/1009/1061.htm,2026-10-08,已复读已取得证据,保留,已截止
M060,申请资格,官方明确｜1.高等院校、科研院所、机关企事业单位具有中级以上专业技术职称（包括中级以上警务技术职称）或具有正科职级或具有硕士学位的科研人员（不具有以上条件的应提供两名同领域的高级职称专家的推荐意见），均可在开放课题指南范围内向实验室提出申请；,"https://jqr.sasu.edu.cn/info/1009/1061.htm
https://jqr.sasu.edu.cn/system/_content/download.jsp?urltype=news.DownloadAttachUrl&owner=2133044111&wbfileid=14549982",2026-10-08,已复读已取得证据,保留,已截止
M060,合作及访问,公开资料未载明｜已取得公开资料未载明合作及访问的完整条款。,"https://jqr.sasu.edu.cn/info/1009/1061.htm
https://jqr.sasu.edu.cn/system/_content/download.jsp?urltype=news.DownloadAttachUrl&owner=2133044111&wbfileid=14549982",2026-10-08,未核清/有缺口,保留,已截止
M060,经费使用及外拨,"官方明确｜本实验室采取后资助模式，开放基金资助经费在课题结项后一次性划拨，其中校内人员作为课题负责人的经费，由发布平台将汇总表报科技处审核后，交计划财务处直接划拨至课题负责人相应账号；
课题负责人为校外人员的，由科研平台逐一填表，由计划财务处划拨给课题负责人所在单位。
开放课题经费的开支及标准，按我校校级科研项目经费管理相关办法或校外负责人所在单位相关办法执行。","https://jqr.sasu.edu.cn/info/1009/1061.htm
https://jqr.sasu.edu.cn/system/_content/download.jsp?urltype=news.DownloadAttachUrl&owner=2133044111&wbfileid=14549982",2026-10-08,已复读已取得证据,保留,已截止
M060,研究周期,"官方明确｜1.重点课题：资助额度1万—2万元/项，资助期限为2年，被资助的每个课题研发技术或样机需在工程实际中进行技术应用或推广，工程应用效果良好并获技术应用企业提供的工程应用证明，还须满足下列条件之二：①研发工程样机或应用系统一台/套（提供研制报告和实物）；
2.一般课题：资助额度0.5万—1万元/项，资助期限为2年，被资助的每个课题研发技术或样机需在工程实际中进行技术应用或推广，工程应用效果良好并获技术应用企业提供的工程应用证明，还须满足下列条件之一：①研发工程样机或应用系统一台/套（提供研制报告和实物）；
3.自筹课题：无经费资助，实验室提供平台、设备、数据支持，资助期限为2年，结题须满足下列条件之一：①完成技术验证、场景测试并提交总结报告；
1.项目的研究周期一般为两年，执行时间以下达时为准。
为规范项目管理，申报书中项目起止时间应填写为2026年01月01日至2027年12月31日。","https://jqr.sasu.edu.cn/info/1009/1061.htm
https://jqr.sasu.edu.cn/system/_content/download.jsp?urltype=news.DownloadAttachUrl&owner=2133044111&wbfileid=14549983",2026-10-08,已复读已取得证据,保留,已截止
M060,成果数量及署名,"官方明确｜③发表EI/SCI检索论文1篇或其他核心期刊论文2篇（授权专利可折合核心期刊）；
③发表核心期刊论文1篇（授权专利可折合核心期刊）或普通期刊论文2篇；
3.自筹课题：无经费资助，实验室提供平台、设备、数据支持，资助期限为2年，结题须满足下列条件之一：①完成技术验证、场景测试并提交总结报告；
②发表期刊论文1篇或申请知识产权1项；
2026年，本实验室开放基金紧扣公安巡逻防控、应急处突、侦查办案、安全防护等实战需求，聚焦警用智能机器人“卡脖子”技术与应用痛点，在以下方向或与警用智能机器人技术相关的其他方向自由选题，要注重技术实用性、可转化性，推动研究成果服务公安实战、形成知识产权与示范应用。
2.由本实验室资助的开放基金课题，其研究成果归本实验室与申请人单位共有，转让收益按协议共享。
所发表论文、专利等成果本实验室或四川文理学院必须作为第一或第二单位，同时包含1名本实验室固定研究人员。
研究成果必须注明“警用智能机器人达州市重点实验室资助项目（编号：xxx）”（英文：Supported by Open Fund(No.xxx) of Dazhou Key Laboratory of Police Intelligent Robotics），标注成果作为验收的重要参考依据。","https://jqr.sasu.edu.cn/info/1009/1061.htm
https://jqr.sasu.edu.cn/system/_content/download.jsp?urltype=news.DownloadAttachUrl&owner=2133044111&wbfileid=14549983",2026-10-08,已复读已取得证据,保留,已截止
M060,知识产权,官方明确｜2.由本实验室资助的开放基金课题，其研究成果归本实验室与申请人单位共有，转让收益按协议共享。,"https://jqr.sasu.edu.cn/info/1009/1061.htm
https://jqr.sasu.edu.cn/system/_content/download.jsp?urltype=news.DownloadAttachUrl&owner=2133044111&wbfileid=14549982",2026-10-08,已复读已取得证据,保留,已截止
M060,材料及提交方式,"官方明确｜应指定一名四川文理学院固定人员作为联系人。
电子档命名：2026开放基金申请书－姓名－单位－联系电话，并将联系电话及线上联系方式添加在邮件内）于2026年4月30日前发送至本实验室联系人邮箱。
3.本实验室开放课题已经全面实现无纸化申请，申请阶段无需提交纸质版申请书，请申请人对材料的真实性负责。
待项目获批后，申请人再按照实验室通知将签字盖章的纸质申请书和任务书（一式两份）一起提交。
邮箱：3282644598@qq.com","https://jqr.sasu.edu.cn/info/1009/1061.htm
https://jqr.sasu.edu.cn/system/_content/download.jsp?urltype=news.DownloadAttachUrl&owner=2133044111&wbfileid=14549983",2026-10-08,已复读已取得证据,保留,已截止
M102,实际任务筛选,保留｜工业机器人与柔性制造产线集成,https://www.xit.edu.cn/kxyj/2026/0206/c1174a83598/page.htm,2026-10-08,已复读已取得证据,保留,已截止
M102,正式公告/指南,正式开放课题公告｜已复读原官方公告；附件缺口见条款列,https://www.xit.edu.cn/kxyj/2026/0206/c1174a83598/page.htm,2026-10-08,已复读已取得证据,保留,已截止
M102,截止日期,2026-03-10；北京时间时点：未公开/未取得,https://www.xit.edu.cn/kxyj/2026/0206/c1174a83598/page.htm,2026-10-08,未核清/有缺口,保留,已截止
M102,资助金额,4万元,https://www.xit.edu.cn/kxyj/2026/0206/c1174a83598/page.htm,2026-10-08,已复读已取得证据,保留,已截止
M102,申请资格,"官方明确｜凡从事本实验室资助方向相关研究，且符合职称或学位条件的科研人员均可提出申请，原则上申请人应具有中级及以上职称或具有相关领域博士学位，我们将按照“公平公正、择优支持”的原则，经过实验室专家组评审遴选后立项。
1.申请人按格式要求填写开放课题申请书（附件1）及汇总表（附件2），电子版申请书及汇总表发送至lichunhui@xit.edu.cn；",https://www.xit.edu.cn/kxyj/2026/0206/c1174a83598/page.htm,2026-10-08,已复读已取得证据,保留,已截止
M102,合作及访问,官方明确｜2.开放课题运行期间，课题负责人应与指定的本实验室课题第二负责人开展合作研究，联合发表学术论文。,https://www.xit.edu.cn/kxyj/2026/0206/c1174a83598/page.htm,2026-10-08,已复读已取得证据,保留,已截止
M102,经费使用及外拨,官方明确｜7.本课题经费将外拨至申请人所在单位，须严格按照相关管理办法执行课题经费。,https://www.xit.edu.cn/kxyj/2026/0206/c1174a83598/page.htm,2026-10-08,已复读已取得证据,保留,已截止
M102,研究周期,"官方明确｜1.课题研究期限为1-2年。
执行起始时间为获批立项后次月1日起。",https://www.xit.edu.cn/kxyj/2026/0206/c1174a83598/page.htm,2026-10-08,已复读已取得证据,保留,已截止
M102,成果数量及署名,"官方明确｜3.基金资助的课题所发表的论文及其他成果，归研究者所在单位和实验室共有。
责任作者（通讯作者）的第一完成单位为本实验室。
5.申请结题须完成以下任务之一： （1）课题负责人为第一作者或通讯作者，在SCI收录期刊（中科院分区三区及以上）发表相关研究论文至少一篇。
（1）课题负责人为第一作者或通讯作者，在SCI收录期刊（中科院分区三区及以上）发表相关研究论文至少一篇。
（2）课题负责人为第一作者或通讯作者，在EI期刊发表相关论文两篇。
6.开放课题结束后一个月内，提交《开放课题结题报告》、论文及其他成果的电子版结题材料，经评审专家验收合格后方可结项。","https://www.xit.edu.cn/kxyj/2026/0206/c1174a83598/page.htm
https://www.xit.edu.cn/kxyj/1197/list.htm",2026-10-08,已复读已取得证据,保留,已截止
M102,知识产权,官方明确｜3.基金资助的课题所发表的论文及其他成果，归研究者所在单位和实验室共有。,"https://www.xit.edu.cn/kxyj/2026/0206/c1174a83598/page.htm
https://www.xit.edu.cn/kxyj/1197/list.htm",2026-10-08,已复读已取得证据,保留,已截止
M102,材料及提交方式,"官方明确｜1.申请人按格式要求填写开放课题申请书（附件1）及汇总表（附件2），电子版申请书及汇总表发送至lichunhui@xit.edu.cn；
纸质申请书1份（申请人签名并加盖所在单位院级公章）后邮寄至实验室。
电子邮箱：lichunhui@xit.edu.cn",https://www.xit.edu.cn/kxyj/2026/0206/c1174a83598/page.htm,2026-10-08,已复读已取得证据,保留,已截止
D-GZU-001,实际任务筛选,剔除｜实际指南为MRI、CT、医学图像处理和临床智能计算；未包含机器人任务。,https://cs.gzu.edu.cn/_t2870/2025/0526/c16278a250729/page.htm,2026-10-08,已复读已取得证据,剔除,已剔除·范围不符
D-GZU-001,正式公告/指南,正式开放课题公告｜已复读原官方公告；附件缺口见条款列,https://cs.gzu.edu.cn/_t2870/2025/0526/c16278a250729/page.htm,2026-10-08,已复读已取得证据,剔除,已剔除·范围不符
D-GZU-001,截止日期,2025-06-26；北京时间时点：未公开/未取得,https://cs.gzu.edu.cn/_t2870/2025/0526/c16278a250729/page.htm,2026-10-08,未核清/有缺口,剔除,已剔除·范围不符
D-GZU-001,资助金额,重点6万元；一般3万元,https://cs.gzu.edu.cn/_t2870/2025/0526/c16278a250729/page.htm,2026-10-08,已复读已取得证据,剔除,已剔除·范围不符
D-GZU-001,申请资格,官方明确｜3. 申报限制：负责人同期主持本实验室开放课题不超过1项，参与课题总数不超过2项，严格执行限项申报规定。,https://cs.gzu.edu.cn/_t2870/2025/0526/c16278a250729/page.htm,2026-10-08,已复读已取得证据,剔除,已剔除·范围不符
D-GZU-001,合作及访问,"官方明确｜2. 团队构成：实行“N+1”协同创新机制，须纳入本实验室固定研究人员1名，除本实验室参与成员单位外，项目组成员单位不超过2个。
3. 申报限制：负责人同期主持本实验室开放课题不超过1项，参与课题总数不超过2项，严格执行限项申报规定。
课题经费需在本实验室参与成员单位报销使用，报销须符合贵州大学财务管理规定，支付课题研究直接相关费用，如材料费、测试费、版面费、会议差旅费等。
1. 知识产权归属：课题研究成果（含论文、专利、软件著作权、成果转化等）实行双归属制，由本实验室与课题负责人所在单位共享权益，具体权属分配依照实验室《开放课题合作协议》执行。
2. 结题验收：项目执行期间，每年需至少完成交流汇报1次。",https://cs.gzu.edu.cn/_t2870/2025/0526/c16278a250729/page.htm,2026-10-08,已复读已取得证据,剔除,已剔除·范围不符
D-GZU-001,经费使用及外拨,"官方明确｜课题经费用于支付该课题相关的业务费、实验材料费等（不可购买设备）。
课题经费需在本实验室参与成员单位报销使用，报销须符合贵州大学财务管理规定，支付课题研究直接相关费用，如材料费、测试费、版面费、会议差旅费等。
报销工作由课题组内的实验室成员协助执行。
（3）获批项目须在公示结束后20个工作日内，完成《开放课题合作协议》、《开放课题任务书》及《经费使用协议》签订。",https://cs.gzu.edu.cn/_t2870/2025/0526/c16278a250729/page.htm,2026-10-08,已复读已取得证据,剔除,已剔除·范围不符
D-GZU-001,研究周期,官方明确｜四、项目研究期限与经费使用,https://cs.gzu.edu.cn/_t2870/2025/0526/c16278a250729/page.htm,2026-10-08,已复读已取得证据,剔除,已剔除·范围不符
D-GZU-001,成果数量及署名,"官方明确｜1. 知识产权归属：课题研究成果（含论文、专利、软件著作权、成果转化等）实行双归属制，由本实验室与课题负责人所在单位共享权益，具体权属分配依照实验室《开放课题合作协议》执行。
2. 结题验收：项目执行期间，每年需至少完成交流汇报1次。
项目到期后30个工作日内，须提交包含结题报告以及成果清单及佐证材料，实验室组织专家委员会进行验收评价，并出具结题证明。
（1）项目组成员作为第一作者或通讯作者发表SCI二区以上论文1篇，或CCF B类以上会议1篇，或三区论文2篇。
（2）结题论文中项目组成员单位署名应包含本实验室。
（3）发表的论文等研究成果，应注明研究成果系本实验室开放课题资助和课题编号。
秉承公平、公正、公开的原则，邀请领域专家进行评审，重点考察：研究方案的创新性与可行性、团队科研实力与学科交叉度、成果转化路径与临床应用价值。",https://cs.gzu.edu.cn/_t2870/2025/0526/c16278a250729/page.htm,2026-10-08,已复读已取得证据,剔除,已剔除·范围不符
D-GZU-001,知识产权,官方明确｜1. 知识产权归属：课题研究成果（含论文、专利、软件著作权、成果转化等）实行双归属制，由本实验室与课题负责人所在单位共享权益，具体权属分配依照实验室《开放课题合作协议》执行。,https://cs.gzu.edu.cn/_t2870/2025/0526/c16278a250729/page.htm,2026-10-08,已复读已取得证据,剔除,已剔除·范围不符
D-GZU-001,材料及提交方式,"官方明确｜（1）电子版：PDF签章版与Word版同步发送至xtao@gzu.edu.cn，邮件主题格式“2025开放课题-负责人姓名-单位”。
（2）纸质版：立项公示后10个工作日内，寄送经依托单位科技处审核盖章的申报书原件（一式三份）至实验室。
通信地址：贵州省贵阳市贵州大学西校区崇厚楼704（邮编：550018）电子邮箱：xtao@gzu.edu.cn。",https://cs.gzu.edu.cn/_t2870/2025/0526/c16278a250729/page.htm,2026-10-08,已复读已取得证据,剔除,已剔除·范围不符
M089,实际任务筛选,保留｜山地农业机器人、果实收获视觉与智能农机,https://st.gzu.edu.cn/2025/1111/c17883a261119/page.htm,2026-10-08,已复读已取得证据,保留,已截止
M089,正式公告/指南,正式开放课题公告｜已复读原官方公告；附件缺口见条款列,https://st.gzu.edu.cn/2025/1111/c17883a261119/page.htm,2026-10-08,已复读已取得证据,保留,已截止
M089,截止日期,2025-12-20；北京时间时点：未公开/未取得,https://st.gzu.edu.cn/2025/1111/c17883a261119/page.htm,2026-10-08,未核清/有缺口,保留,已截止
M089,资助金额,不超过5万元,https://st.gzu.edu.cn/2025/1111/c17883a261119/page.htm,2026-10-08,已复读已取得证据,保留,已截止
M089,申请资格,"官方明确｜1.国内外高等院校、科研机构、企业等单位中具有中级及以上专业技术职称或博士学位的科研人员均可申请（贵州大学、贵州省山地农业机械研究所、贵州航天智慧农业有限公司三家单位以外的人员）。
2.申请者应具备扎实的研究基础和良好的科研信誉，且同一人只能申请一项本实验室开放课题。",https://st.gzu.edu.cn/2025/1111/c17883a261119/page.htm,2026-10-08,已复读已取得证据,保留,已截止
M089,合作及访问,公开资料未载明｜已取得公开资料未载明合作及访问的完整条款。,https://st.gzu.edu.cn/2025/1111/c17883a261119/page.htm,2026-10-08,未核清/有缺口,保留,已截止
M089,经费使用及外拨,官方明确｜2.课题研究经费只允许在实验室依托单位报账使用（贵州大学、贵州省山地农业机械研究所、贵州航天智慧农业有限公司三家单位，具体单位以合同约定为准），不能外拨至申请人所在单位，主要用于与课题研究直接相关的材料费、测试化验加工费、差旅费、出版/文献/信息传播/知识产权事务费等。,https://st.gzu.edu.cn/2025/1111/c17883a261119/page.htm,2026-10-08,已复读已取得证据,保留,已截止
M089,研究周期,公开资料未载明｜已取得公开资料未载明研究周期的完整条款。,https://st.gzu.edu.cn/2025/1111/c17883a261119/page.htm,2026-10-08,未核清/有缺口,保留,已截止
M089,成果数量及署名,"官方明确｜开放课题完成结束后三个月内，项目负责人填写《开放课题资助项目总结报告》，并提交学术论文复印件及有关的软硬件原始资料，每个获得资助的课题须在结题前发表至少一篇SCI论文（该论文应发表于中科院期刊分区最新版大类三区及以上期刊，Hindawi、MDPI、Frontiers三大出版社旗下期刊、正在或曾列入官方预警名单的期刊不得作为结题依据）。
3.项目资助产生的论文、专著等相关成果归本实验室依托单位与课题资助人员所在单位共有。
4.论文、专著署名中实验室须为前二署名单位，中文署名“贵州省山地智能农机全省重点实验室，贵阳，550025”，英文署名“Guizhou Provincial Key Laboratory of Mountainous Intelligent Agricultural Machinery,Guiyang,550025,China”。
5.课题资助标注须为第一项目标注，非第一项目标注署名的成果，不得作为本开放课题的成果。",https://st.gzu.edu.cn/2025/1111/c17883a261119/page.htm,2026-10-08,已复读已取得证据,保留,已截止
M089,知识产权,官方明确｜3.项目资助产生的论文、专著等相关成果归本实验室依托单位与课题资助人员所在单位共有。,https://st.gzu.edu.cn/2025/1111/c17883a261119/page.htm,2026-10-08,已复读已取得证据,保留,已截止
M089,材料及提交方式,"官方明确｜2.材料填写与提交：申请者须按要求认真填写《申请书》，并由所在单位签署意见、加盖公章。
请将《申请书》纸质版（一式三份，原件至少一份）邮寄至实验室联系人，同时将《申请书》电子版（Word格式及签字盖章后的PDF扫描件）发送至指定邮箱。
电子邮箱：451016523@qq.com",https://st.gzu.edu.cn/2025/1111/c17883a261119/page.htm,2026-10-08,已复读已取得证据,保留,已截止
M018,实际任务筛选,保留｜煤矿无人装备及机器人作业、定位和自适应控制,https://cdsys.aust.edu.cn/info/1021/2502.htm,2026-10-08,已复读已取得证据,保留,已截止
M018,正式公告/指南,正式开放课题公告｜已复读原官方公告；附件缺口见条款列,https://cdsys.aust.edu.cn/info/1021/2502.htm,2026-10-08,已复读已取得证据,保留,已截止
M018,截止日期,2026-10-05；北京时间时点：未公开/未取得,https://cdsys.aust.edu.cn/info/1021/2502.htm,2026-10-08,未核清/有缺口,保留,已截止
M018,资助金额,重点60—100万元；一般15—20万元,https://cdsys.aust.edu.cn/info/1021/2502.htm,2026-10-08,已复读已取得证据,保留,已截止
M018,申请资格,"官方明确｜1．申请人应具有副高及以上职称或博士学位。
3．申请者原则上应根据实验室上述主要研究方向，以应用基础与前沿技术研究为属性申报开放基金课题，同年只能牵头申请1项开放基金课题，已承担本实验室自主研究课题或开放课题，且没有结题或结题不合格的负责人不得申请。
4．申请人须以严谨的科学作风和实事求是的科学精神填写开放基金课题申请书，不得将已提交或已获资助的项目以相同或相似的内容申请本实验室开放基金课题。",https://cdsys.aust.edu.cn/info/1021/2502.htm,2026-10-08,已复读已取得证据,保留,已截止
M018,合作及访问,公开资料未载明｜已取得公开资料未载明合作及访问的完整条款。,https://cdsys.aust.edu.cn/info/1021/2502.htm,2026-10-08,未核清/有缺口,保留,已截止
M018,经费使用及外拨,"官方明确｜4．课题立项后，划拨资助经费的50%至课题负责人所在单位，用作课题研究经费。
课题负责人完成所有考核指标，提交相应证明材料后划拨剩余50%至课题负责人所在单位，并完成课题结题工作。",https://cdsys.aust.edu.cn/info/1021/2502.htm,2026-10-08,已复读已取得证据,保留,已截止
M018,研究周期,公开资料未载明｜已取得公开资料未载明研究周期的完整条款。,https://cdsys.aust.edu.cn/info/1021/2502.htm,2026-10-08,未核清/有缺口,保留,已截止
M018,成果数量及署名,官方明确｜一般课题须完成任务书，发表高水平论文2篇（中国科协T1级SCI/EI期刊或中科院2区以上），申请受理发明专利2项。论文实验室第一单位、基金第一标注；论文第一或通讯作者须本室固定人员；一项成果只认定一次。专利安徽理工大学第一法人单位，发明人包括申请人和固定人员，至少1项固定人员第一发明人。成果鉴定须列安徽理工大学为主要完成单位之一。,https://cdsys.aust.edu.cn/info/1021/2502.htm,2026-10-08,已复读已取得证据,保留,已截止
M018,知识产权,公开资料未载明｜已取得公开资料未载明知识产权的完整条款。,https://cdsys.aust.edu.cn/info/1021/2502.htm,2026-10-08,未核清/有缺口,保留,已截止
M018,材料及提交方式,"官方明确｜4．申请人须以严谨的科学作风和实事求是的科学精神填写开放基金课题申请书，不得将已提交或已获资助的项目以相同或相似的内容申请本实验室开放基金课题。
1．自本指南公布之日起开始接收课题申请，申请书提交截止日期：2026年10月5日。
2．申请书word和PDF签章电子版发至E-Mail：yuyq1996@aust.edu.cn（咨询电话：0554-6689631，咨询时间：上午9:00-11:00，下午14:30-17:00）。
pdf版要求：全文彩色扫描，尤其注意课题申请人签字页、单位盖章页应为彩色扫描，否则不予通过形式审查。",https://cdsys.aust.edu.cn/info/1021/2502.htm,2026-10-08,已复读已取得证据,保留,已截止
M057,实际任务筛选,保留｜低空无人系统集群协同（仅保留具体无人装备方向）,https://www.ise.ynu.edu.cn/page/166/?news_list_id=3,2026-10-08,已复读已取得证据,保留,已截止
M057,正式公告/指南,正式开放课题公告｜已复读原官方公告；附件缺口见条款列,https://www.ise.ynu.edu.cn/page/166/?news_list_id=3,2026-10-08,已复读已取得证据,保留,已截止
M057,截止日期,2026-09-27；北京时间时点：未公开/未取得,https://www.ise.ynu.edu.cn/page/166/?news_list_id=3,2026-10-08,未核清/有缺口,保留,已截止
M057,资助金额,重点≤8万元；一般≤2万元,https://www.ise.ynu.edu.cn/page/166/?news_list_id=3,2026-10-08,已复读已取得证据,保留,已截止
M057,申请资格,"官方明确｜一般：博士或中级及以上，45岁以下；
重点：副高及以上负责人、至少4名教师骨干组成的创新团队；
定向须实验室主任/副主任推荐，面向突出贡献成员。",https://www.ise.ynu.edu.cn/page/166/?news_list_id=3,2026-10-08,已复读已取得证据,保留,已截止
M057,合作及访问,"官方明确｜依据“开放、流动、联合、竞争”的运行机制，重点实验室按照《云南省重点实验室管理办法》和《云南省智能系统与计算重点实验室开放课题管理办法》设立开放课题，资助省内外从事智能系统与计算理论、模型和应用的研究人员，鼓励申报具有新思想、新方法和新技术的课题。
校外立项课题须与实验室成员开展合作研究，合作完成的成果须有重点实验室成员署名。",https://www.ise.ynu.edu.cn/page/166/?news_list_id=3,2026-10-08,已复读已取得证据,保留,已截止
M057,经费使用及外拨,"已核条款（仍有缺口）｜按云南大学财务报销，均为直接经费；
不得发放绩效，不得开支设备费和材料费，劳务费固定额度；
外拨未明确。",https://www.ise.ynu.edu.cn/page/166/?news_list_id=3,2026-10-08,未核清/有缺口,保留,已截止
M057,研究周期,官方明确｜2026年11月1日至2027年10月31日（1年）。,https://www.ise.ynu.edu.cn/page/166/?news_list_id=3,2026-10-08,已复读已取得证据,保留,已截止
M057,成果数量及署名,"官方明确｜申报课题应围绕上述研究方向和实验室建设目标，瞄准相关领域的世界科技前沿，系统开展创新性研究工作，产出高水平研究成果，建立具有显著经济社会效益的应用示范，在低空智能领域取得突破，为申报国家级、省部级重大科技专项或重点研发计划项目奠定基础。
一般课题预期目标为产出高水平学术论文、发明专利、软件系统、应用示范等成果，促进课题负责人开展高水平科研工作、为其申报更高级别科研项目或各类人才计划奠定基础。
定向课题预期研究目标为产出学术论文、发明专利、软件系统、应用示范等成果。
结题时提交的论文、专利等成果，须包含相应可展示的Poster、视频、可运行系统等材料。
1、获得重点实验室开放课题资助的课题，所取得研究成果的知识产权归云南大学和研究者所在单位共有。
校外立项课题须与实验室成员开展合作研究，合作完成的成果须有重点实验室成员署名。
3、开放课题取得的研究成果应按以下方式署名： （1）中文论文：“云南省智能系统与计算重点实验室（云南大学）”；
（4）鉴定成果应署“云南省智能系统与计算重点实验室（云南大学）”为该成果的主要完成单位之一。
4、相关成果应注明资助项目、并在所有资助项目中排前二：“云南省智能系统与计算重点实验室开放课题（No. XXX）”或“Supported by the Open Project Program of Yunnan Key Laboratory of Intelligent Systems and Computing (No. XXX)”。",https://www.ise.ynu.edu.cn/page/166/?news_list_id=3,2026-10-08,已复读已取得证据,保留,已截止
M057,知识产权,"官方明确｜五、成果归属与署名
1、获得重点实验室开放课题资助的课题，所取得研究成果的知识产权归云南大学和研究者所在单位共有。",https://www.ise.ynu.edu.cn/page/166/?news_list_id=3,2026-10-08,已复读已取得证据,保留,已截止
M057,材料及提交方式,"官方明确｜申请书一式2份，由所在单位签署意见并加盖单位公章，交重点实验室综合管理办公室（邮寄地址：云南省昆明市呈贡区大学城东外环南路云南大学信息学院，杨培忠，18100884976）；
同时提交与纸质版申请书完全一致的电子版文件（签字盖章扫描）至邮箱isc_lab@ynu.edu.cn。
5、联系方式：重点实验室综合管理办公室，杨培忠（电话：18100884976，E-mail: isc_lab@ynu.edu.cn）",https://www.ise.ynu.edu.cn/page/166/?news_list_id=3,2026-10-08,已复读已取得证据,保留,已截止
M133,实际任务筛选,保留｜桥梁与水下缺陷无人机器人检测,https://www.lncc.edu.cn/kjc/info/1015/3316.htm,2026-10-08,已复读已取得证据,保留,已截止
M133,正式公告/指南,正式开放课题公告｜已复读原官方公告；附件缺口见条款列,https://www.lncc.edu.cn/kjc/info/1015/3316.htm,2026-10-08,已复读已取得证据,保留,已截止
M133,截止日期,2026-08-15；北京时间时点：未公开/未取得,https://www.lncc.edu.cn/kjc/info/1015/3316.htm,2026-10-08,未核清/有缺口,保留,已截止
M133,资助金额,重点5万元、一般2万元,https://www.lncc.edu.cn/kjc/info/1015/3316.htm,2026-10-08,已复读已取得证据,保留,已截止
M133,申请资格,"官方明确｜申报人原则上应具有中级及以上专业技术职称或博士学位，具有桥梁工程、土木工程、交通工程、材料工程、智能检测、机器人、人工智能等相关研究基础。
申报人原则上应具有中级及以上专业技术职称或博士学位，具有桥梁工程、土木工","https://www.lncc.edu.cn/kjc/info/1015/3316.htm
https://www.lncc.edu.cn/system/_content/download.jsp?urltype=news.DownloadAttachUrl&owner=1261094099&wbfileid=045071C8960540385EE1D8C6EB100813",2026-10-08,已复读已取得证据,保留,已截止
M133,合作及访问,资料未取得｜合作及访问；相关指南/管理资料访问受限或未取得。,"https://www.lncc.edu.cn/kjc/info/1015/3316.htm
https://www.lncc.edu.cn/system/_content/download.jsp?urltype=news.DownloadAttachUrl&owner=1261094099&wbfileid=045071C8960540385EE1D8C6EB100813",2026-10-08,未核清/有缺口,保留,已截止
M133,经费使用及外拨,"官方明确｜开放基金经费应主要用于与项目研究直接相关的测试化验、材料采购、加工制作、试验验证、数据采集、差旅调研、会议交流、论文发表、专利申请等支出。
经费使用应符合国家、学校及实验室相关财务管理规定，做到预算合理、支出规范、专款专用。
开放基金经费应主要用于与项目研究直接相关的测试化验、材料采购、加工制作、","https://www.lncc.edu.cn/kjc/info/1015/3316.htm
https://www.lncc.edu.cn/system/_content/download.jsp?urltype=news.DownloadAttachUrl&owner=1261094099&wbfileid=045071C8960540385EE1D8C6EB100813",2026-10-08,已复读已取得证据,保留,已截止
M133,研究周期,"官方明确｜所有开放基金项目研究期限均为2年。
所有开放基金项目研究期限均为 2 年。","https://www.lncc.edu.cn/kjc/info/1015/3316.htm
https://www.lncc.edu.cn/system/_content/download.jsp?urltype=news.DownloadAttachUrl&owner=1261094099&wbfileid=045071C8960540385EE1D8C6EB100813",2026-10-08,已复读已取得证据,保留,已截止
M133,成果数量及署名,"官方明确｜申请书应包括项目名称、研究背景、研究目标、主要内容、技术路线、创新点、辽宁地区适用性、预期成果、研究基础、进度安排、经费预算和合作单位及工程依托情况等内容。
（5）研究成果应能够服务桥梁检测、养护、加固、耐久提升和安全管理。
四、结题要求与成果考核
项目结题时应完成申请书约定的研究任务，并提交结题报告、研究成果和相关支撑材料。
成果应体现辽宁省桥梁工程应用特色，具备一定推广价值。
1. 重点项目结题要求 应完成以下成果中的三项及以上：
（1）发表中文核心论文以上论文1篇；
2. 一般项目结题要求 应完成以下成果中的两项及以上：
3. 成果署名要求 项目成果应注明受到“辽宁省桥梁安全工程重点实验室开放基金”资助。
项目成果应注明受到“辽宁省桥梁安全工程重点实验室开放基金”资助。
具体署名单位、成果归属和知识产权要求，按照实验室开放基金管理办法及项目合同执行。
项目结题时应完成申请书约定的研究任务，并提交结题报告、研究成果和相关支撑
单位、成果归属和知识产权要求，按照实验室开放基金管理办法及项目合同执行。","https://www.lncc.edu.cn/kjc/info/1015/3316.htm
https://www.lncc.edu.cn/system/_content/download.jsp?urltype=news.DownloadAttachUrl&owner=1261094099&wbfileid=045071C8960540385EE1D8C6EB100813",2026-10-08,已复读已取得证据,保留,已截止
M133,知识产权,"官方明确｜具体署名单位、成果归属和知识产权要求，按照实验室开放基金管理办法及项目合同执行。
单位、成果归属和知识产权要求，按照实验室开放基金管理办法及项目合同执行。","https://www.lncc.edu.cn/kjc/info/1015/3316.htm
https://www.lncc.edu.cn/system/_content/download.jsp?urltype=news.DownloadAttachUrl&owner=1261094099&wbfileid=045071C8960540385EE1D8C6EB100813",2026-10-08,已复读已取得证据,保留,已截止
M133,材料及提交方式,"官方明确｜申报人应填写《辽宁省桥梁安全工程重点实验室2026年开放基金项目申请书》，提交Word版和PDF版申请材料。
项目结题时应完成申请书约定的研究任务，并提交结题报告、研究成果和相关支撑材料。
申请书电子版发至邮箱：aqgczx@163.com。
申请者需提交纸质申报书（一式三份，加盖公章）至辽宁省桥梁安全工程重点实验室，也可通过快递邮寄，邮寄地址：沈阳市沈北新区沈北路102号，辽宁省交通高等专科学校公路与铁道工程系。
联系人：赵耀老师 赵同峰老师
提交 Word 版和 PDF 版申请材料。
项目结题时应完成申请书约定的研究任务，并提交结题报告、研究成果和相关支撑","https://www.lncc.edu.cn/kjc/info/1015/3316.htm
https://www.lncc.edu.cn/system/_content/download.jsp?urltype=news.DownloadAttachUrl&owner=1261094099&wbfileid=045071C8960540385EE1D8C6EB100813",2026-10-08,已复读已取得证据,保留,已截止
M131,实际任务筛选,保留｜无人越野平台世界模型、具身感知与控制,https://keyanchu.syuct.edu.cn/info/1028/2240.htm,2026-10-08,已复读已取得证据,保留,已截止
M131,正式公告/指南,正式开放课题公告｜已复读原官方公告；附件缺口见条款列,https://keyanchu.syuct.edu.cn/info/1028/2240.htm,2026-10-08,已复读已取得证据,保留,已截止
M131,截止日期,2026-09-30；北京时间时点：未公开/未取得,https://keyanchu.syuct.edu.cn/info/1028/2240.htm,2026-10-08,未核清/有缺口,保留,已截止
M131,资助金额,重点20—30万元、一般5—10万元,https://keyanchu.syuct.edu.cn/info/1028/2240.htm,2026-10-08,已复读已取得证据,保留,已截止
M131,申请资格,"官方明确｜申请人应具有博士学位或高级职称，并在相关领域有较好的研究积累。
实验室开放基金项目不得重复申报，已获得国家或地方其他科研基金资助的项目，不得重复申报。
每位申请人同年只能申请1项实验室开放基金。
作为负责人承担实验室开放基金项目尚未结题者，不得再次申请。
申请人需对提交材料进行脱密处理，确保符合公开发布要求。",https://keyanchu.syuct.edu.cn/info/1028/2240.htm,2026-10-08,已复读已取得证据,保留,已截止
M131,合作及访问,公开资料未载明｜已取得公开资料未载明合作及访问的完整条款。,https://keyanchu.syuct.edu.cn/info/1028/2240.htm,2026-10-08,未核清/有缺口,保留,已截止
M131,经费使用及外拨,公开资料未载明｜已取得公开资料未载明经费使用及外拨的完整条款。,https://keyanchu.syuct.edu.cn/info/1028/2240.htm,2026-10-08,未核清/有缺口,保留,已截止
M131,研究周期,"官方明确｜4）研究周期：1年～2年
4）研究周期：1年",https://keyanchu.syuct.edu.cn/info/1028/2240.htm,2026-10-08,已复读已取得证据,保留,已截止
M131,成果数量及署名,官方明确｜2）预期成果：以学术论文、发明专利、研究报告、核心算法原理等理论成果为主。,https://keyanchu.syuct.edu.cn/info/1028/2240.htm,2026-10-08,已复读已取得证据,保留,已截止
M131,知识产权,公开资料未载明｜已取得公开资料未载明知识产权的完整条款。,https://keyanchu.syuct.edu.cn/info/1028/2240.htm,2026-10-08,未核清/有缺口,保留,已截止
M131,材料及提交方式,"官方明确｜申请人需填写《先进越野系统技术全国重点实验室开放基金项目申请书》（见附件），经所在单位审核后，于2026年9月30日前将电子版（Word及盖章PDF）发送至电子邮箱crossterrainicslab@163.com，申请书命名规则：领域X-方向X-项目名称-项目类别-申请单位-申请人。
crossterrainicslab@163.com",https://keyanchu.syuct.edu.cn/info/1028/2240.htm,2026-10-08,已复读已取得证据,保留,已截止
M117,实际任务筛选,待核｜已取得底盘集成公告及延期通知，但三个重点任务细节未完整取得；自主驾驶或机器人底盘范围须确认。,https://www.ascl.jlu.edu.cn/info/1041/1563.htm,2026-10-08,未核清/有缺口,待核,方向待核·已截止
M117,正式公告/指南,正式开放课题公告｜已复读原官方公告；附件缺口见条款列,https://www.ascl.jlu.edu.cn/info/1041/1563.htm,2026-10-08,已复读已取得证据,待核,方向待核·已截止
M117,截止日期,2025-03-31；北京时间时点：未公开/未取得,https://www.ascl.jlu.edu.cn/info/1041/1563.htm,2026-10-08,未核清/有缺口,待核,方向待核·已截止
M117,资助金额,一般5—8万元、重点20万元,https://www.ascl.jlu.edu.cn/info/1041/1563.htm,2026-10-08,已复读已取得证据,待核,方向待核·已截止
M117,申请资格,"官方明确｜1）开放基金的申请对象为国内外与汽车相关的高校教师或企业科研人员，一般项目要求申请人具有博士学位或中级及以上职称；
重点项目原则上要求申请人具有高级职称和博士学位；
项目可由申请人自主选题，要求课题研究内容符合实验室三个重点研究任务。",https://www.ascl.jlu.edu.cn/info/1041/1563.htm,2026-10-08,已复读已取得证据,待核,方向待核·已截止
M117,合作及访问,官方明确｜需要有重点实验室固定人员作为申请课题的合作者。,https://www.ascl.jlu.edu.cn/info/1041/1563.htm,2026-10-08,已复读已取得证据,待核,方向待核·已截止
M117,经费使用及外拨,公开资料未载明｜已取得公开资料未载明经费使用及外拨的完整条款。,https://www.ascl.jlu.edu.cn/info/1041/1563.htm,2026-10-08,未核清/有缺口,待核,方向待核·已截止
M117,研究周期,官方明确｜项目研究年限一般为3 年，通过项目研究可促进国际公认的研究成果取得，并在国内外权威期刊上发表学术论文、参与并制定新标准、研发新技术的原理样机等。,https://www.ascl.jlu.edu.cn/info/1041/1563.htm,2026-10-08,已复读已取得证据,待核,方向待核·已截止
M117,成果数量及署名,公开资料未载明｜已取得公开资料未载明成果数量及署名的完整条款。,https://www.ascl.jlu.edu.cn/info/1041/1563.htm,2026-10-08,未核清/有缺口,待核,方向待核·已截止
M117,知识产权,公开资料未载明｜已取得公开资料未载明知识产权的完整条款。,https://www.ascl.jlu.edu.cn/info/1041/1563.htm,2026-10-08,未核清/有缺口,待核,方向待核·已截止
M117,材料及提交方式,"官方明确｜2）书面材料提交的截止时间为2025年03 月15日，一式2 份，电子版发送至邮箱wangshanshan0309@jlu.edu.cn，Word和PDF版本各一份。
纸质文件邮寄地址（请发顺丰快递）：长春市人民大街 5988 号、吉林大学南岭校区、汽车底盘集成与仿生全国重点实验室
电话：0431-85095090 邮箱：wangshanshan0309@jlu.edu.cn 手机：18604402132","https://www.ascl.jlu.edu.cn/info/1041/1563.htm
https://www.ascl.jlu.edu.cn/info/1041/1573.htm",2026-10-08,已复读已取得证据,待核,方向待核·已截止
M116,实际任务筛选,保留｜仿生机器人、新型驱动与感知及仿生装备,https://bionic.jlu.edu.cn/info/1041/1662.htm,2026-10-08,已复读已取得证据,保留,已截止
M116,正式公告/指南,正式开放课题公告｜已复读原官方公告；附件缺口见条款列,https://bionic.jlu.edu.cn/info/1041/1662.htm,2026-10-08,已复读已取得证据,保留,已截止
M116,截止日期,2025-04-25；北京时间时点：未公开/未取得,https://bionic.jlu.edu.cn/info/1041/1662.htm,2026-10-08,未核清/有缺口,保留,已截止
M116,资助金额,5万元,https://bionic.jlu.edu.cn/info/1041/1662.htm,2026-10-08,已复读已取得证据,保留,已截止
M116,申请资格,官方明确｜博士学历或副高级以上职称；否则须两位副高级以上职称专家推荐，并填写申请书内项目申报推荐意见表。作为负责人有本实验室项目未结题者不得申报。,"https://bionic.jlu.edu.cn/info/1041/1662.htm
https://bionic.jlu.edu.cn/system/_content/download.jsp?urltype=news.DownloadAttachUrl&owner=1503487058&wbfileid=16013941",2026-10-08,已复读已取得证据,保留,已截止
M116,合作及访问,"官方明确｜2.由本开放基金项目资助获得的研究成果属吉林大学工程仿生教育部重点实验室和项目负责人所在单位共同所有，专利须将“吉林大学工程仿生教育部重点实验室”作为申请单位之一，论文须由吉林大学工程仿生教育部重点实验室和项目负责人所在单位共同发表。
用技术研究成果，本着“开放、交流、合作”的原则，重点实验室每","https://bionic.jlu.edu.cn/info/1041/1662.htm
https://bionic.jlu.edu.cn/system/_content/download.jsp?urltype=news.DownloadAttachUrl&owner=1503487058&wbfileid=16013941",2026-10-08,已复读已取得证据,保留,已截止
M116,经费使用及外拨,官方明确｜开放基金资助金额以当年发布的申报指南为准，经费不拨付到项,https://bionic.jlu.edu.cn/system/_content/download.jsp?urltype=news.DownloadAttachUrl&owner=1503487058&wbfileid=16013941,2026-10-08,已复读已取得证据,保留,已截止
M116,研究周期,"官方明确｜2.申报项目的研制周期一般不超过两年，执行时间以下达时为准。
为规范项目管理，申报书中项目起止时间应填：2025年6月1日至2027年5月30日。
3.项目的研制周期一般不超过两年，执行时间以项目下达时间为","https://bionic.jlu.edu.cn/info/1041/1662.htm
https://bionic.jlu.edu.cn/system/_content/download.jsp?urltype=news.DownloadAttachUrl&owner=1503487058&wbfileid=16013941",2026-10-08,已复读已取得证据,保留,已截止
M116,成果数量及署名,已核条款（仍有缺口）｜结题满足其一：①申请国家发明专利1件且SCI/EI论文2篇；②核心期刊论文≥3篇，其中SCI/EI≥2篇。论文实验室为完成单位之一，与负责人单位共同发表；专利列实验室为申请单位之一。成果标实验室、资助和编号，否则不认定。结束后1个月内交结题报告、论文与专利证明，成果报告归档。年度进展节点以完整管理办法为准；具体年度提交时点尚待核清。,"https://bionic.jlu.edu.cn/info/1041/1662.htm
https://bionic.jlu.edu.cn/system/_content/download.jsp?urltype=news.DownloadAttachUrl&owner=1503487058&wbfileid=16013941",2026-10-08,未核清/有缺口,保留,已截止
M116,知识产权,"官方明确｜2.由本开放基金项目资助获得的研究成果属吉林大学工程仿生教育部重点实验室和项目负责人所在单位共同所有，专利须将“吉林大学工程仿生教育部重点实验室”作为申请单位之一，论文须由吉林大学工程仿生教育部重点实验室和项目负责人所在单位共同发表。
课题结束后，成果报告交实验室归档。","https://bionic.jlu.edu.cn/info/1041/1662.htm
https://bionic.jlu.edu.cn/system/_content/download.jsp?urltype=news.DownloadAttachUrl&owner=1503487058&wbfileid=16013941",2026-10-08,已复读已取得证据,保留,已截止
M116,材料及提交方式,"官方明确｜3.项目参加人必须有工程仿生教育部重点实验室固定人员参加并作为实验室内联系人。
在重点实验室发布的受理日期结束前，将申请书电子版发送指定邮箱，收到回复表示提交成功，逾期不予受理。
1.本次开放基金项目受理时间为：2025年4月9日～2025年4月25日16:00，申报人务必于截止日期前将审查合格的申请书电子文档及项目负责人详细联系方式统一发送到邮箱xinyi@jlu.edu.cn，逾期不予受理。
4.项目申请书及任务书需提交WORD和PDF格式文档。
5.项目申报需要的各种材料请从重点实验室网站中下载，如遇特殊情况请向联系人索取。
电子信箱：xinyi@jlu.edu.cn
并作为实验室内联系人。
日期结束前，将申请书电子版发送指定邮箱，收到回复表示提交成功，
时将电子版发送指定邮箱。
目负责人所在单位，由重点实验室内联系人负责基金托管及执行。
4.开放基金实验室内联系人职责： （1）参与项目研究","https://bionic.jlu.edu.cn/info/1041/1662.htm
https://bionic.jlu.edu.cn/system/_content/download.jsp?urltype=news.DownloadAttachUrl&owner=1503487058&wbfileid=16013941",2026-10-08,已复读已取得证据,保留,已截止
M040,实际任务筛选,待核｜符号计算、知识工程及人工智能方向尚缺明确机器人应用任务；不能仅依算法关键词保留。,https://scke.jlu.edu.cn/info/1071/1755.htm,2026-10-08,未核清/有缺口,待核,方向待核·已截止
M040,正式公告/指南,正式开放课题公告｜已复读原官方公告；附件缺口见条款列,https://scke.jlu.edu.cn/info/1071/1755.htm,2026-10-08,已复读已取得证据,待核,方向待核·已截止
M040,截止日期,2026-04-30；北京时间时点：未公开/未取得,https://scke.jlu.edu.cn/info/1071/1755.htm,2026-10-08,未核清/有缺口,待核,方向待核·已截止
M040,资助金额,拟2–5万元,https://scke.jlu.edu.cn/info/1071/1755.htm,2026-10-08,已复读已取得证据,待核,方向待核·已截止
M040,申请资格,官方明确｜申请人应具有博士学位和固定的任职单位。,"https://scke.jlu.edu.cn/info/1071/1755.htm
https://scke.jlu.edu.cn/xzzq/kfktzn.htm",2026-10-08,已复读已取得证据,待核,方向待核·已截止
M040,合作及访问,公开资料未载明｜已取得公开资料未载明合作及访问的完整条款。,https://scke.jlu.edu.cn/xzzq/kfktzn.htm,2026-10-08,未核清/有缺口,待核,方向待核·已截止
M040,经费使用及外拨,公开资料未载明｜已取得公开资料未载明经费使用及外拨的完整条款。,https://scke.jlu.edu.cn/info/1071/1755.htm,2026-10-08,未核清/有缺口,待核,方向待核·已截止
M040,研究周期,公开资料未载明｜已取得公开资料未载明研究周期的完整条款。,https://scke.jlu.edu.cn/info/1071/1755.htm,2026-10-08,未核清/有缺口,待核,方向待核·已截止
M040,成果数量及署名,公开资料未载明｜已取得公开资料未载明成果数量及署名的完整条款。,https://scke.jlu.edu.cn/xzzq/kfktzn.htm,2026-10-08,未核清/有缺口,待核,方向待核·已截止
M040,知识产权,公开资料未载明｜已取得公开资料未载明知识产权的完整条款。,https://scke.jlu.edu.cn/info/1071/1755.htm,2026-10-08,未核清/有缺口,待核,方向待核·已截止
M040,材料及提交方式,"官方明确｜课题申请者填写《符号计算与知识工程教育部重点实验室开放课题（自主课题）申请书》，经所在单位同意并加盖公章后，在申报截止日2026年4月30日前向实验室提交纸质材料1份，同时提交电子版发送邮箱。
E-Mail: ailab@jlu.edu.cn",https://scke.jlu.edu.cn/info/1071/1755.htm,2026-10-08,已复读已取得证据,待核,方向待核·已截止
M039,实际任务筛选,保留｜无人机轨迹与协同、自主采样探测装备,https://olagi.jlu.edu.cn/info/1046/1750.htm,2026-10-08,已复读已取得证据,保留,已截止
M039,正式公告/指南,正式开放课题公告｜已复读原官方公告；附件缺口见条款列,https://olagi.jlu.edu.cn/info/1046/1750.htm,2026-10-08,已复读已取得证据,保留,已截止
M039,截止日期,2026-07-12；北京时间时点：未公开/未取得,https://olagi.jlu.edu.cn/info/1046/1750.htm,2026-10-08,未核清/有缺口,保留,已截止
M039,资助金额,重点≤5万元；一般≤3万元；青年≤2万元,https://olagi.jlu.edu.cn/info/1046/1750.htm,2026-10-08,已复读已取得证据,保留,已截止
M039,申请资格,"官方明确｜外部科研人员可与实验室联合；
包括在站博士后和博士生；
本室在研负责人/共同负责人不得申报。",https://olagi.jlu.edu.cn/info/1046/1750.htm,2026-10-08,已复读已取得证据,保留,已截止
M039,合作及访问,官方明确｜校外负责人须指定1名本室固定人员作共同负责人。,https://olagi.jlu.edu.cn/info/1046/1750.htm,2026-10-08,已复读已取得证据,保留,已截止
M039,经费使用及外拨,公开资料未载明｜已取得公开资料未载明经费使用及外拨的完整条款。,https://olagi.jlu.edu.cn/info/1046/1750.htm,2026-10-08,未核清/有缺口,保留,已截止
M039,研究周期,官方明确｜2026年7月—2027年12月。,https://olagi.jlu.edu.cn/info/1046/1750.htm,2026-10-08,已复读已取得证据,保留,已截止
M039,成果数量及署名,"官方明确｜科技报告1份，SCI至少1篇，本室第一单位并标课题编号；
交软件/算法或硬件/装置，无软硬件成果须再交1篇论文或发明专利。
重点须吉林大学D类以上论文1篇。",https://olagi.jlu.edu.cn/info/1046/1750.htm,2026-10-08,已复读已取得证据,保留,已截止
M039,知识产权,官方明确｜提交的软件程序/算法、硬件系统/装置知识产权归实验室所有。,https://olagi.jlu.edu.cn/info/1046/1750.htm,2026-10-08,已复读已取得证据,保留,已截止
M039,材料及提交方式,"官方明确｜6. 联系人：杨老师，13664430804
（1）7月12日前提交课题申报书，电子版发送至：yd@jlu.edu.cn；
E - mail ：liangbing@jlu.edu.cn",https://olagi.jlu.edu.cn/info/1046/1750.htm,2026-10-08,已复读已取得证据,保留,已截止
M124,实际任务筛选,待核｜共享汽车测控公告已取得，实际任务附件尚待核实自主运行或机器人相关内容；合并保留原编号M125。,https://qc.xhu.edu.cn/a7/f0/c692a239600/page.htm,2026-10-08,未核清/有缺口,待核,方向待核·已截止
M124,正式公告/指南,正式开放课题公告｜已复读原官方公告；附件缺口见条款列,https://qc.xhu.edu.cn/a7/f0/c692a239600/page.htm,2026-10-08,已复读已取得证据,待核,方向待核·已截止
M124,截止日期,2026-05-20；北京时间时点：未公开/未取得,https://qc.xhu.edu.cn/a7/f0/c692a239600/page.htm,2026-10-08,未核清/有缺口,待核,方向待核·已截止
M124,资助金额,待核,https://qc.xhu.edu.cn/a7/f0/c692a239600/page.htm,2026-10-08,未核清/有缺口,待核,方向待核·已截止
M124,申请资格,"官方明确｜申报课题的负责人须具有高级职称或博士学位且在相关研究领域具有一定研究基础。
在读博士、硕士研究生原则上不能作为课题负责人申请开放课题；
按照“前项不结，后项不报”的原则，作为课题负责人在同一发布平台的在研开放课题超过1项、在西华大学所有开放课题发布平台在研的开放课题超过2项者，不得作为课题负责人新申报课题。",https://qc.xhu.edu.cn/a7/f0/c692a239600/page.htm,2026-10-08,已复读已取得证据,待核,方向待核·已截止
M124,合作及访问,公开资料未载明｜已取得公开资料未载明合作及访问的完整条款。,https://qc.xhu.edu.cn/a7/f0/c692a239600/page.htm,2026-10-08,未核清/有缺口,待核,方向待核·已截止
M124,经费使用及外拨,公开资料未载明｜已取得公开资料未载明经费使用及外拨的完整条款。,https://qc.xhu.edu.cn/a7/f0/c692a239600/page.htm,2026-10-08,未核清/有缺口,待核,方向待核·已截止
M124,研究周期,公开资料未载明｜已取得公开资料未载明研究周期的完整条款。,https://qc.xhu.edu.cn/a7/f0/c692a239600/page.htm,2026-10-08,未核清/有缺口,待核,方向待核·已截止
M124,成果数量及署名,公开资料未载明｜已取得公开资料未载明成果数量及署名的完整条款。,https://qc.xhu.edu.cn/a7/f0/c692a239600/page.htm,2026-10-08,未核清/有缺口,待核,方向待核·已截止
M124,知识产权,公开资料未载明｜已取得公开资料未载明知识产权的完整条款。,https://qc.xhu.edu.cn/a7/f0/c692a239600/page.htm,2026-10-08,未核清/有缺口,待核,方向待核·已截止
M124,材料及提交方式,"官方明确｜2. 申报书纸质文档（相关人员签字、科研管理部门审查盖章后），一式5份，于2026年5月20日前寄送至实验室，并将电子文档发送至邮箱renzhong@xhu.edu.cn。
邮箱：renzhong@xhu.edu.cn",https://qc.xhu.edu.cn/a7/f0/c692a239600/page.htm,2026-10-08,已复读已取得证据,待核,方向待核·已截止
M070,实际任务筛选,保留｜机器人视觉—力觉融合控制、医疗机器人与智能自动化,https://www.guet.edu.cn/dept8/_t30/2026/0706/c1177a157316/page.htm,2026-10-08,已复读已取得证据,保留,已截止
M070,正式公告/指南,正式开放课题公告｜已复读原官方公告；附件缺口见条款列,https://www.guet.edu.cn/dept8/_t30/2026/0706/c1177a157316/page.htm,2026-10-08,已复读已取得证据,保留,已截止
M070,截止日期,2026-07-25；北京时间时点：未公开/未取得,https://www.guet.edu.cn/dept8/_t30/2026/0706/c1177a157316/page.htm,2026-10-08,未核清/有缺口,保留,已截止
M070,资助金额,2—4万元,https://www.guet.edu.cn/dept8/_t30/2026/0706/c1177a157316/page.htm,2026-10-08,已复读已取得证据,保留,已截止
M070,申请资格,"官方明确｜1)申请人应具备相关领域中级及以上职称或硕士及以上学位，具有独立科研能力与良好研究基础。
课题申请人不得同时作为负责人申请2项及以上课题，在研本实验室自主/开放课题未结题者不得申报。
3)不得以已立项课题的全部或部分内容重复申报，鼓励围绕指南开展探索性研究。
申请人应具备相关领域中级及以上职称或硕士及以上学位，具有独立科研能力与良好研究基础。
不得以已立项课题的全部或部分内容重复申报，鼓励围绕指南开展探索性研究。
申请人为具有中级及以上职称或硕士及以上学位的区内外科研人员，在自动化、测控技术、人工智能、机器人、智能装备等相关领域具有一定研究基础，能组建稳定科研队伍保障项目顺利实施。
同年度每位课题负责人仅限申报1项实验室基金项目，已承担本实验室基金项目且未结题的负责人不得申报。","https://www.guet.edu.cn/dept8/_t30/2026/0706/c1177a157316/page.htm
https://www.guet.edu.cn/_upload/article/files/4a/d8/9f3f540f4b07bd5319a675404d4f/65304c7f-db90-41c3-a5c3-b5085b3cc1ce.docx",2026-10-08,已复读已取得证据,保留,已截止
M070,合作及访问,"官方明确｜为促进学术交流、开放共享与协同创新，提升实验室整体科研水平与成果产出，现面向实验室固定成员及国内外相关领域科研人员发布2026年度自主课题和开放课题申报指南。
自主课题申请人限为本实验室固定成员，开放课题申请人为实验室以外高校、科研院所、企业科研人员。
3)开放课题优先支持与实验室固定人员开展合作研究、共享平台设备、联合产出高水平成果的项目。
开放课题优先支持与实验室固定人员开展合作研究、共享平台设备、联合产出高水平成果的项目。","https://www.guet.edu.cn/dept8/_t30/2026/0706/c1177a157316/page.htm
https://www.guet.edu.cn/_upload/article/files/4a/d8/9f3f540f4b07bd5319a675404d4f/65304c7f-db90-41c3-a5c3-b5085b3cc1ce.docx",2026-10-08,已复读已取得证据,保留,已截止
M070,经费使用及外拨,"官方明确｜3)资助经费按广西壮族自治区科学技术厅重点实验室经费管理办法严格执行。
1)课题经费严格按照桂林电子科技大学科研经费管理办法及实验室开放课题管理规定执行，专款专用，接受财务与审计监督。
课题经费严格按照桂林电子科技大学科研经费管理办法及实验室开放课题管理规定执行，专款专用，接受财务与审计监督。
项目负责人须在研究周期结束后3个月内提交结题材料，包括：结题申请书、结题总结报告、成果证明（论文、专利、奖励、转化合同等）、经费使用明细等，并对材料真实性负责。
开放课题经费拨付至项目负责人所在单位，由依托单位统一管理，实验室监督使用，开支范围参照广西自然科学基金项目管理规定执行，仅限用于课题直接相关的研究支出。
自主课题经费按照《桂林电子科技大学纵向科研项目经费管理办法》及自治区、学校相关科研经费管理制度执行，实行专款专用、专项核算，接受财务与审计监督。","https://www.guet.edu.cn/dept8/_t30/2026/0706/c1177a157316/page.htm
https://www.guet.edu.cn/_upload/article/files/4a/d8/9f3f540f4b07bd5319a675404d4f/65304c7f-db90-41c3-a5c3-b5085b3cc1ce.docx",2026-10-08,已复读已取得证据,保留,已截止
M070,研究周期,"官方明确｜(3)资助经费及研究周期
1)课题的研究期限一般为1-2年，研究工作起始时间为申请立项时间。
资助经费及研究周期
课题的研究期限一般为1~2年，研究工作起始时间为申请立项时间。
实验室坚持“公平公正、择优资助、侧重创新”原则，由实验室学术委员会对申报项目进行统一评审，综合评审意见确定立项清单、资助额度与研究周期。
项目负责人须在研究周期结束后3个月内提交结题材料，包括：结题申请书、结题总结报告、成果证明（论文、专利、奖励、转化合同等）、经费使用明细等，并对材料真实性负责。","https://www.guet.edu.cn/dept8/_t30/2026/0706/c1177a157316/page.htm
https://www.guet.edu.cn/_upload/article/files/4a/d8/9f3f540f4b07bd5319a675404d4f/65304c7f-db90-41c3-a5c3-b5085b3cc1ce.docx",2026-10-08,已复读已取得证据,保留,已截止
M070,成果数量及署名,官方明确｜每项目SCI/EI期刊论文2—4篇；实验室作为署名单位之一，排名必须前三，标资助信息与编号。其他资助成果也须列实验室并规范标注；研究结束后3个月内交结题申请、总结、成果证明与经费明细，实验室审查或会议验收。,"https://www.guet.edu.cn/dept8/_t30/2026/0706/c1177a157316/page.htm
https://www.guet.edu.cn/_upload/article/files/4a/d8/9f3f540f4b07bd5319a675404d4f/65304c7f-db90-41c3-a5c3-b5085b3cc1ce.docx",2026-10-08,已复读已取得证据,保留,已截止
M070,知识产权,公开资料未载明｜已取得公开资料未载明知识产权的完整条款。,"https://www.guet.edu.cn/dept8/_t30/2026/0706/c1177a157316/page.htm
https://www.guet.edu.cn/_upload/article/files/4a/d8/9f3f540f4b07bd5319a675404d4f/65304c7f-db90-41c3-a5c3-b5085b3cc1ce.docx",2026-10-08,未核清/有缺口,保留,已截止
M070,材料及提交方式,"官方明确｜【学校主页】 【院长邮箱】 【书记邮箱】 【我要举报】
1)申请人填写《广西高校智能综合自动化重点实验室2026年度课题申请书》，经所在单位审核同意、加盖公章后，提交电子版（PDF格式，插入电子签名）与纸质申请书原件（一式3份），电子版与纸质版内容必须完全一致，纸质申请书交到桂林电子科技大学花江校区慧谷3号楼103。
2)邮件标题统一格式：2026年度实验室课题申请—课题类型（自主/开放）—申请人姓名，发送至邮箱：yjg@guet.edu.cn。
电子邮箱：yjg@guet.edu.cn
申请人填写《广西高校智能综合自动化重点实验室2026年度课题申请书》，经所在单位审核同意、加盖公章后，提交电子版（PDF 格式，插入电子签名）与纸质申请书原件（一式 3 份），电子版与纸质版内容必须完全一致，纸质申请书交到桂林电子科技大学花江校区慧谷 3 号楼 103。
邮件标题统一格式：2026 年度实验室课题申请—课题类型（自主/开放）—申请人姓名，发送至邮箱：yjg@guet.edu.cn。
项目申报需提交电子版申请书（PDF）与纸质申请书原件（一式 3份），电子版与纸质版内容必须完全一致。
拟资助项目经实验室主任与学术委员会主任签字审批后，正式公示并通知申请人。","https://www.guet.edu.cn/dept8/_t30/2026/0706/c1177a157316/page.htm
https://www.guet.edu.cn/_upload/article/files/4a/d8/9f3f540f4b07bd5319a675404d4f/65304c7f-db90-41c3-a5c3-b5085b3cc1ce.docx",2026-10-08,已复读已取得证据,保留,已截止
M126,实际任务筛选,剔除｜当期任务为铁性器件、微波介质陶瓷、储能与物联网材料；未列机器人任务。,https://eed.lzy.edu.cn/info/1052/2555.htm,2026-10-08,已复读已取得证据,剔除,已剔除·范围不符
M126,正式公告/指南,正式开放课题公告｜已复读原官方公告；附件缺口见条款列,https://eed.lzy.edu.cn/info/1052/2555.htm,2026-10-08,已复读已取得证据,剔除,已剔除·范围不符
M126,截止日期,2026-05-15；北京时间时点：未公开/未取得,https://eed.lzy.edu.cn/info/1052/2555.htm,2026-10-08,未核清/有缺口,剔除,已剔除·范围不符
M126,资助金额,待核,https://eed.lzy.edu.cn/info/1052/2555.htm,2026-10-08,未核清/有缺口,剔除,已剔除·范围不符
M126,申请资格,"官方明确｜（一）申报人原则上应为硕士学位人员或中级及以上职称的在岗科研人员。
非硕士学位或者非中级职称申报者需要两名高级职称科研人员推荐。",https://eed.lzy.edu.cn/info/1052/2555.htm,2026-10-08,已复读已取得证据,剔除,已剔除·范围不符
M126,合作及访问,公开资料未载明｜已取得公开资料未载明合作及访问的完整条款。,https://eed.lzy.edu.cn/info/1052/2555.htm,2026-10-08,未核清/有缺口,剔除,已剔除·范围不符
M126,经费使用及外拨,公开资料未载明｜已取得公开资料未载明经费使用及外拨的完整条款。,https://eed.lzy.edu.cn/info/1052/2555.htm,2026-10-08,未核清/有缺口,剔除,已剔除·范围不符
M126,研究周期,"官方明确｜（五）开放基金课题的研究期限为1-2年。
为规范项目管理，申报书中项目起止时间一律填为：2026年6月1日至2027年5月31日（一年）或2026年6月1日至2028年5月31日（二年）。",https://eed.lzy.edu.cn/info/1052/2555.htm,2026-10-08,已复读已取得证据,剔除,已剔除·范围不符
M126,成果数量及署名,"官方明确｜课题研究成果至少应包括课题研究总报告和期刊论文（或专利、软件著作权）。
（1）重点资助项目：项目负责人在国内外学术期刊上发表至少1篇第一作者中文核心期刊及以上的高水平论文，或取得1项发明专利，或2-3项新型实用专利（软著），或1项专利（软著）和2篇及以上国内公开期刊论文（知网收录）；
（2）一般项目：项目负责人取得1项专利（软著），或2篇及以上国内公开期刊论文（知网收录）；
所有项目发表的论文必须注明“智能控制与电子器件应用技术泸州市重点实验室开放基金项目资助（项目编号）”，所有专利（软著）的专利权人中应体现“泸州职业技术学院”。
项目负责人不属于泸州职业技术学院，成果第一单位可署名负责人所在单位，但通讯作者须为本实验室研究人员；",https://eed.lzy.edu.cn/info/1052/2555.htm,2026-10-08,已复读已取得证据,剔除,已剔除·范围不符
M126,知识产权,公开资料未载明｜已取得公开资料未载明知识产权的完整条款。,https://eed.lzy.edu.cn/info/1052/2555.htm,2026-10-08,未核清/有缺口,剔除,已剔除·范围不符
M126,材料及提交方式,"官方明确｜联系人：蒲星宇 电 话：13060422431
邮 箱：pxy770880@163.com",https://eed.lzy.edu.cn/info/1052/2555.htm,2026-10-08,已复读已取得证据,剔除,已剔除·范围不符
M157,实际任务筛选,保留｜无人机、车辆与机器狗异构协同及应急救援,https://ipklsc.scpolicec.edu.cn/info/1038/1985.htm,2026-10-08,已复读已取得证据,保留,已截止
M157,正式公告/指南,正式开放课题公告｜已复读原官方公告；附件缺口见条款列,https://ipklsc.scpolicec.edu.cn/info/1038/1985.htm,2026-10-08,已复读已取得证据,保留,已截止
M157,截止日期,2026-09-07；北京时间时点：未公开/未取得,https://ipklsc.scpolicec.edu.cn/info/1038/1985.htm,2026-10-08,未核清/有缺口,保留,已截止
M157,资助金额,重点15万元、一般10万元、青年5万元,https://ipklsc.scpolicec.edu.cn/info/1038/1985.htm,2026-10-08,已复读已取得证据,保留,已截止
M157,申请资格,"官方明确｜1、重点课题申请人，应具有副高级及以上职称；
面上课题申请人，应具有副高级及以上职称或具有博士学位；
青年课题申请人，应具有中级以上（含中级）职称或取得硕士及以上学位，年龄不超过40周岁。
在研的本实验室开放课题负责人，不得申请新的实验室开放课题（以获取结项证书为准）。
3.为避免重复立项，申报者以相同或相似题目已立项厅局级及以上课题，或以相同或相似题目申报过四川警察学院其他平台课题，不得再次申报本实验室课题。",https://ipklsc.scpolicec.edu.cn/info/1038/1985.htm,2026-10-08,已复读已取得证据,保留,已截止
M157,合作及访问,"官方明确｜为了保障开放课题顺利执行，每项开放课题至少有一名实验室固定研究人员作为课题组成员参与课题研究。
实验室固定研究人员作为课题组成员参与课题研究，以实验室固定研究人员作为主要贡献人的论文，实验室固定研究人员为第一作者，四川警察学院为第一署名单位、实验室为第二署名单位，并标注课题资助信息。
参与课题研究的实验室固定研究人员为前五参与人。
参与课题研究的实验室固定研究人员为前五完成人，该成员单位注明省重名称。",https://ipklsc.scpolicec.edu.cn/info/1038/1985.htm,2026-10-08,已复读已取得证据,保留,已截止
M157,经费使用及外拨,已核条款（仍有缺口）｜按纵向科研项目办法管理，立项后发放60%，执行期第二年末中期检查通过后发放40%；结题提交决算、明细账和报销凭证。是否拨到申请人单位未明确。,https://ipklsc.scpolicec.edu.cn/info/1038/1985.htm,2026-10-08,未核清/有缺口,保留,已截止
M157,研究周期,官方明确｜3年，2027年1月至2029年12月。,https://ipklsc.scpolicec.edu.cn/info/1038/1985.htm,2026-10-08,已复读已取得证据,保留,已截止
M157,成果数量及署名,官方明确｜基本要求：重点、面上各1篇SCI/SSCI/EI期刊；青年1篇SCI/SSCI/EI或北大核心。以本室人员为主要贡献人的论文须其一作、四川警察学院第一单位、实验室第二单位，标基金。另须积分：重点≥4、面上≥2、青年≥0.5，成果不能与基本要求重复。积分表：固定人员一作的SCI/SSCI/EI期刊2分，北大核心或EI会议1分；固定人员二/三作且第一通讯的上述论文分别1/0.5分；固定人员第一发明人、学校第一权属的授权发明1分（累计≤2）；固定人员主持且学校第一单位的国家项目4分、省部项目2分；固定人员前五参与的国/省标准2分，其他标准1分（累计≤2）；固定人员前五完成人的国家奖励2分、省部奖励1分（累计≤2）；符合署名的正式著作1分（累计≤1）。成果须立项后取得、相关且按贡献协商权属，不得含固定人员ORCID。交中期、结题报告并到室交流1次；SCI/SSCI/EI附检索报告，专利、立项、标准、奖励与著作附对应证明。,https://ipklsc.scpolicec.edu.cn/info/1038/1985.htm,2026-10-08,已复读已取得证据,保留,已截止
M157,知识产权,官方明确｜作为课题组成员参与课题的实验室固定研究人员需根据相关贡献，协商确定成果归属。,https://ipklsc.scpolicec.edu.cn/info/1038/1985.htm,2026-10-08,已复读已取得证据,保留,已截止
M157,材料及提交方式,"官方明确｜申请者应在截止日期之前将课题申请书电子档（Word），以及课题申请书扫描件（PDF，本人签字、所在单位/院系盖章），打包发送到指定邮箱Intepolc_Lab@163.com，无需邮寄纸质申请书。
其中，申请书电子档和扫描件的文件名均为“2027年度开放课题+申请人+重点/面上/青年”。
郑老师 15618563490 Intepolc_Lab@163.com",https://ipklsc.scpolicec.edu.cn/info/1038/1985.htm,2026-10-08,已复读已取得证据,保留,已截止
M094,实际任务筛选,待核｜数学中心指南未明确机器人对象；需确认机器人规划或控制研究是否有具体任务支持。,https://nxmc.nxu.edu.cn/info/1016/1229.htm,2026-10-08,未核清/有缺口,待核,方向待核·已截止
M094,正式公告/指南,正式开放课题公告｜已复读原官方公告；附件缺口见条款列,https://nxmc.nxu.edu.cn/info/1016/1229.htm,2026-10-08,已复读已取得证据,待核,方向待核·已截止
M094,截止日期,2025-10-30；北京时间时点：未公开/未取得,https://nxmc.nxu.edu.cn/info/1016/1229.htm,2026-10-08,未核清/有缺口,待核,方向待核·已截止
M094,资助金额,一般2万元；重点4万元,https://nxmc.nxu.edu.cn/info/1016/1229.htm,2026-10-08,已复读已取得证据,待核,方向待核·已截止
M094,申请资格,"官方明确｜博士或高级职称的国内基础/应用数学科研人员；
重点面向国内外研究人员，一般优先共建单位青年教师；
研究生类本人不适用。
不得用已获批其他项目申请书申报。",https://nxmc.nxu.edu.cn/info/1016/1229.htm,2026-10-08,已复读已取得证据,待核,方向待核·已截止
M094,合作及访问,官方明确｜3. 每项开放基金课题需有一名本实验室固定人员作为合作者（可自行联系，亦可获得资助后中心根据研究方向指定）。,https://nxmc.nxu.edu.cn/info/1016/1229.htm,2026-10-08,已复读已取得证据,待核,方向待核·已截止
M094,经费使用及外拨,公开资料未载明｜已取得公开资料未载明经费使用及外拨的完整条款。,https://nxmc.nxu.edu.cn/info/1016/1229.htm,2026-10-08,未核清/有缺口,待核,方向待核·已截止
M094,研究周期,"官方明确｜一般1年；
重点2年。",https://nxmc.nxu.edu.cn/info/1016/1229.htm,2026-10-08,已复读已取得证据,待核,方向待核·已截止
M094,成果数量及署名,"官方明确｜1.成果要求：优秀研究生项目、一般项目须在国内外高水平期刊至少发表1篇与项目研究内容高度相关的论文（正式出版/在线），且以宁夏数学基础学科研究中心建设单位（宁夏大学、北方民族大学、宁夏医科大学、宁夏师范大学）之一为第一单位，本开放基金项目为第一标注的论文；
重点项目须在国内外高水平期刊至少发表2篇与项目研究内容高度相关的论文（正式出版/在线），且以宁夏数学基础学科研究中心建设单位（宁夏大学、北方民族大学、宁夏医科大学、宁夏师范大学）之一为第一单位，本开放基金项目为第一标注的论文。
英文论文标注为“The work was supported by Ningxia Basic Science Research Center of Mathematics(No.xxxx) ”.
3.成果提交：申请者应于项目结束前向宁夏数学基础学科研究中心提交项目成果，并参加中心组织的学术交流活动。",https://nxmc.nxu.edu.cn/info/1016/1229.htm,2026-10-08,已复读已取得证据,待核,方向待核·已截止
M094,知识产权,公开资料未载明｜已取得公开资料未载明知识产权的完整条款。,https://nxmc.nxu.edu.cn/info/1016/1229.htm,2026-10-08,未核清/有缺口,待核,方向待核·已截止
M094,材料及提交方式,"官方明确｜3. 通过公示的项目申请人填写任务合同书，经所在单位同意并签字盖章后，将纸质版提交宁夏数学基础学科研究中心。
2026年度开放基金申请书受理截止日期为2025年10月30日，电子版申请书发送至nxukangting@163.com(PDF格式，以“2026年度开放基金-申请单位-申请人”命名)。
电子邮箱：nxukangting@163.com",https://nxmc.nxu.edu.cn/info/1016/1229.htm,2026-10-08,已复读已取得证据,待核,方向待核·已截止
M067,实际任务筛选,保留｜无人系统多源感知、导航与控制,https://slx.qlu.edu.cn/_t1249/2026/0409/c3946a275414/page.htm,2026-10-08,已复读已取得证据,保留,已截止
M067,正式公告/指南,正式开放课题公告｜已复读原官方公告；附件缺口见条款列,https://slx.qlu.edu.cn/_t1249/2026/0409/c3946a275414/page.htm,2026-10-08,已复读已取得证据,保留,已截止
M067,截止日期,2026-04-22；北京时间时点：未公开/未取得,https://slx.qlu.edu.cn/_t1249/2026/0409/c3946a275414/page.htm,2026-10-08,未核清/有缺口,保留,已截止
M067,资助金额,重点4万元、一般2万元,https://slx.qlu.edu.cn/_t1249/2026/0409/c3946a275414/page.htm,2026-10-08,已复读已取得证据,保留,已截止
M067,申请资格,"官方明确｜3.具有博士学位或中级及以上职称；
4.申请人同年只能申请和在研1项开放课题项目；",https://slx.qlu.edu.cn/_t1249/2026/0409/c3946a275414/page.htm,2026-10-08,已复读已取得证据,保留,已截止
M067,合作及访问,官方明确｜5.申报时申请人应确定一名本实验室人员为合作人员。,https://slx.qlu.edu.cn/_t1249/2026/0409/c3946a275414/page.htm,2026-10-08,已复读已取得证据,保留,已截止
M067,经费使用及外拨,公开资料未载明｜已取得公开资料未载明经费使用及外拨的完整条款。,https://slx.qlu.edu.cn/_t1249/2026/0409/c3946a275414/page.htm,2026-10-08,未核清/有缺口,保留,已截止
M067,研究周期,"官方明确｜3.资助额度与期限
项目研究周期原则上不超过2年（截止2028年5月）。",https://slx.qlu.edu.cn/_t1249/2026/0409/c3946a275414/page.htm,2026-10-08,已复读已取得证据,保留,已截止
M067,成果数量及署名,"官方明确｜重点项目：原则上不超过3项，每项课题经费不超过4万元，课题主要考核指标为负责人（以第一作者或通讯作者）至少发表2篇SCI期刊论文或2篇CCF论文，或申请/授权发明专利2件。
一般项目：原则上不超过9项，每项课题经费不超过2万元，课题主要考核指标为负责人（以第一作者或通讯作者）至少发表1篇SCI期刊论文或1篇CCF论文或2篇EI收录期刊论文，或申请/授权发明专利1件。
课题资助完成的论文等成果须标注“山东省无人系统智能技术与装备重点实验室开放课题（项目编号：***）”，英文“Supported by the Foundation (No. ****) of Shandong Key Laboratory of Intelligent Technology and Equipment for Unmanned Systems”。",https://slx.qlu.edu.cn/_t1249/2026/0409/c3946a275414/page.htm,2026-10-08,已复读已取得证据,保留,已截止
M067,知识产权,公开资料未载明｜已取得公开资料未载明知识产权的完整条款。,https://slx.qlu.edu.cn/_t1249/2026/0409/c3946a275414/page.htm,2026-10-08,未核清/有缺口,保留,已截止
M067,材料及提交方式,"官方明确｜申请者根据上述研究方向自由选题，按要求填写《实验室开放基金项目申请书》（附件），经所在单位审核盖章后，将电子版（WORD版和PDF盖章签字版）发送至yangyuany@qlu.edu.cn，邮件主题为：姓名-单位-课题名称。
待项目获批后，申请人再提交签字盖章的纸质申请书。
邮箱：yangyuany@qlu.edu.cn",https://slx.qlu.edu.cn/_t1249/2026/0409/c3946a275414/page.htm,2026-10-08,已复读已取得证据,保留,已截止
M065,实际任务筛选,保留｜前沿交叉方向中的手术机器人应用与验证,https://www.sdey.net/html/2026/kydt_0511/31276.html,2026-10-08,已复读已取得证据,保留,已截止
M065,正式公告/指南,正式开放课题公告｜已复读原官方公告；附件缺口见条款列,https://www.sdey.net/html/2026/kydt_0511/31276.html,2026-10-08,已复读已取得证据,保留,已截止
M065,截止日期,2026-05-31；北京时间时点：未公开/未取得,https://www.sdey.net/html/2026/kydt_0511/31276.html,2026-10-08,未核清/有缺口,保留,已截止
M065,资助金额,4万元,https://www.sdey.net/html/2026/kydt_0511/31276.html,2026-10-08,已复读已取得证据,保留,已截止
M065,申请资格,"官方明确｜1. 开放课题资助对象为在国内外高等院校、科研机构、医疗机构及高新技术企业中，具有博士学位或中级及以上专业技术职称的科研人员，鼓励青年学者（年龄一般不超过40周岁）积极申请。
申请人同年限申请1项。",https://www.sdey.net/html/2026/kydt_0511/31276.html,2026-10-08,已复读已取得证据,保留,已截止
M065,合作及访问,"官方明确｜2. 为促进合作交流合，开放性课题须至少有一名实验室固定研究人员作为合作者，双方需明确分工与合作计划，确保课题顺利开展。
1. 《山东省癌症数字医疗重点实验室开放性课题申请书》（附件，需含申请人签名、合作者意见及签名、单位盖章扫描件）。",https://www.sdey.net/html/2026/kydt_0511/31276.html,2026-10-08,已复读已取得证据,保留,已截止
M065,经费使用及外拨,官方明确｜2. 经费拨付至申请人所在单位，须专款专用，按照相关科研经费管理办法及合同预算执行，资助经费仅用于与资助项目直接有关的科研费用，包括实验材料费、测试费、差旅费、出版/文献/知识产权事务费、劳务费。,https://www.sdey.net/html/2026/kydt_0511/31276.html,2026-10-08,已复读已取得证据,保留,已截止
M065,研究周期,官方明确｜项目实施期为1年，项目起止时间为：2026年6月1日-2027年5月31日。,https://www.sdey.net/html/2026/kydt_0511/31276.html,2026-10-08,已复读已取得证据,保留,已截止
M065,成果数量及署名,"官方明确｜4. 结题要求：要求至少发表1篇高水平SCI/EI收录论文或申请1项发明专利。
基于开放课题基金支持所取得的论文、论著、专利等成果，归本重点实验室和研究者所在单位共有，山东省癌症数字医疗重点实验室必须为完成单位之一。
5. 开放课题研究成果应署名实验室名称“山东省癌症数字医疗重点实验室”，或英文“Shandong Key Laboratory of Cancer Digital Medicine”。
6. 在成果资助标注部分，均应标注中文：“山东省癌症数字医疗重点实验室开放课题基金资助（课题编号：XX）”或英文：“Supported by Shandong Key Laboratory of Cancer Digital Medicine Open Projects Fund（Project NO.XX）”，无此标注的成果不计入项目完成指标。",https://www.sdey.net/html/2026/kydt_0511/31276.html,2026-10-08,已复读已取得证据,保留,已截止
M065,知识产权,官方明确｜基于开放课题基金支持所取得的论文、论著、专利等成果，归本重点实验室和研究者所在单位共有，山东省癌症数字医疗重点实验室必须为完成单位之一。,https://www.sdey.net/html/2026/kydt_0511/31276.html,2026-10-08,已复读已取得证据,保留,已截止
M065,材料及提交方式,"官方明确｜开放课题申请书受理截止日期为：2026年5月31日18:00，请申请人将以下电子版材料发送至实验室邮箱：sdklcdm@163.com。
1. 《山东省癌症数字医疗重点实验室开放性课题申请书》（附件，需含申请人签名、合作者意见及签名、单位盖章扫描件）。
电子邮箱：huangsya@sdu.edu.cn",https://www.sdey.net/html/2026/kydt_0511/31276.html,2026-10-08,已复读已取得证据,保留,已截止
M019,实际任务筛选,剔除｜当期方向为发动机燃烧、清洁排放与动力系统匹配；未发布机器人任务。,https://www.skler.cn/home/focus/202606/t20260611_125037.html,2026-10-08,已复读已取得证据,剔除,已剔除·范围不符
M019,正式公告/指南,正式开放课题公告｜已复读原官方公告；附件缺口见条款列,https://www.skler.cn/home/focus/202606/t20260611_125037.html,2026-10-08,已复读已取得证据,剔除,已剔除·范围不符
M019,截止日期,2026-07-25；北京时间时点：未公开/未取得,https://www.skler.cn/home/focus/202606/t20260611_125037.html,2026-10-08,未核清/有缺口,剔除,已剔除·范围不符
M019,资助金额,待核,https://www.skler.cn/home/focus/202606/t20260611_125037.html,2026-10-08,未核清/有缺口,剔除,已剔除·范围不符
M019,申请资格,官方明确｜课题申请人须具备副高级及以上专业技术职称或博士学位，本年度仅限申请1项，实验室在研课题负责人不得参与本次申报。,https://www.skler.cn/home/focus/202606/t20260611_125037.html,2026-10-08,已复读已取得证据,剔除,已剔除·范围不符
M019,合作及访问,公开资料未载明｜已取得公开资料未载明合作及访问的完整条款。,https://www.skler.cn/home/focus/202606/t20260611_125037.html,2026-10-08,未核清/有缺口,剔除,已剔除·范围不符
M019,经费使用及外拨,公开资料未载明｜已取得公开资料未载明经费使用及外拨的完整条款。,https://www.skler.cn/home/focus/202606/t20260611_125037.html,2026-10-08,未核清/有缺口,剔除,已剔除·范围不符
M019,研究周期,官方明确｜课题研究期限原则上不超过2年。,https://www.skler.cn/home/focus/202606/t20260611_125037.html,2026-10-08,已复读已取得证据,剔除,已剔除·范围不符
M019,成果数量及署名,公开资料未载明｜已取得公开资料未载明成果数量及署名的完整条款。,https://www.skler.cn/home/focus/202606/t20260611_125037.html,2026-10-08,未核清/有缺口,剔除,已剔除·范围不符
M019,知识产权,公开资料未载明｜已取得公开资料未载明知识产权的完整条款。,https://www.skler.cn/home/focus/202606/t20260611_125037.html,2026-10-08,未核清/有缺口,剔除,已剔除·范围不符
M019,材料及提交方式,公开资料未载明｜已取得公开资料未载明材料及提交方式的完整条款。,https://www.skler.cn/home/focus/202606/t20260611_125037.html,2026-10-08,未核清/有缺口,剔除,已剔除·范围不符
M072,实际任务筛选,保留｜钢结构制造机器人喷涂、焊接与自适应装配,https://kjj.xjbt.gov.cn/c/2026-04-01/8477891.shtml,2026-10-08,已复读已取得证据,保留,已截止
M072,正式公告/指南,正式开放课题公告｜已复读原官方公告；附件缺口见条款列,https://kjj.xjbt.gov.cn/c/2026-04-01/8477891.shtml,2026-10-08,已复读已取得证据,保留,已截止
M072,截止日期,2026-04-10；北京时间时点：未公开/未取得,https://kjj.xjbt.gov.cn/c/2026-04-01/8477891.shtml,2026-10-08,未核清/有缺口,保留,已截止
M072,资助金额,不超过2万元,https://kjj.xjbt.gov.cn/c/2026-04-01/8477891.shtml,2026-10-08,已复读已取得证据,保留,已截止
M072,申请资格,"官方明确｜申请者应具有独立研究工作能力并应得到所在单位或部门的同意才能申请课题，国内申请者应具有硕士及以上学位或中级及以上专业技术职称，在读博士研究生须导师推荐，原则上具有正高级职称资质者不予资助。
已离退休的科研人员、申请单位的兼职科研人员不得作为申请项目的负责人提出申请，但可作为项目组成员参加研究。","https://kjj.xjbt.gov.cn/c/2026-04-01/8477891.shtml
https://kjj.xjbt.gov.cn/upload/resources/file/2026/04/01/617063.docx",2026-10-08,已复读已取得证据,保留,已截止
M072,合作及访问,官方明确｜依据《兵团重点实验室建设与运行管理办法》和《建筑钢结构智能制造技术兵团重点实验室章程》等文件规定，为贯彻兵团重点实验室“开放、流动、联合、竞争”的方针，促进新疆生产建设兵团建筑钢结构智能制造领域的基础理论研究和应用基础研究，加强科研合作与学术交流，围绕兵团生产问题和科学难题，吸引国内外优秀人才来实验室工作与合作交流，建筑钢结构智能制造技术兵团重点实验室（以下简称：重点实验室）特设立开放课题研究基金，热忱欢迎和邀请相关领域的广大科研人员申报。,https://kjj.xjbt.gov.cn/c/2026-04-01/8477891.shtml,2026-10-08,已复读已取得证据,保留,已截止
M072,经费使用及外拨,官方明确｜资助项目的经费使用一律采用“报账制”，受资助项目经费不下拨，需到重点实验室依托单位财务处报账。,"https://kjj.xjbt.gov.cn/c/2026-04-01/8477891.shtml
https://kjj.xjbt.gov.cn/upload/resources/file/2026/04/01/617063.docx",2026-10-08,已复读已取得证据,保留,已截止
M072,研究周期,官方明确｜如需变动，必须由申请人在课题研究期限的一半时间前提出书面报告申请，由实验室学术委员会讨论决定。,https://kjj.xjbt.gov.cn/c/2026-04-01/8477891.shtml,2026-10-08,已复读已取得证据,保留,已截止
M072,成果数量及署名,"官方明确｜课题考核指标为发表1篇及以上与项目直接相关的EI或SCI刊物论文（主持人为第一作者，“建筑钢结构智能制造技术兵团重点实验室”为第一署名单位），论文的通讯作者需为本重点实验室固定人员，课题负责人应完成约定的研究任务并明确知识产权共享方式，全部由重点实验室资助的课题研究成果，其知识产权为重点实验室所有。
（三）开放课题研究期满，必须在3个月内提交结题报告（需附相关论文、专著、专利、奖项、产品、实验原始记录等研究成果的复印件和电子版文件）并进行答辩，由实验室学术委员会对课题完成质量和学术水平进行评价。
（四）由开放课题资助所取得的科研成果应注明“建筑钢结构智能制造技术兵团重点实验室开放课题资助（项目编号）”字样，重点实验室的正确中英文署名为：建筑钢结构智能制造技术兵团重点实验室，新疆 乌鲁木齐830000；",https://kjj.xjbt.gov.cn/c/2026-04-01/8477891.shtml,2026-10-08,已复读已取得证据,保留,已截止
M072,知识产权,官方明确｜课题考核指标为发表1篇及以上与项目直接相关的EI或SCI刊物论文（主持人为第一作者，“建筑钢结构智能制造技术兵团重点实验室”为第一署名单位），论文的通讯作者需为本重点实验室固定人员，课题负责人应完成约定的研究任务并明确知识产权共享方式，全部由重点实验室资助的课题研究成果，其知识产权为重点实验室所有。,https://kjj.xjbt.gov.cn/c/2026-04-01/8477891.shtml,2026-10-08,已复读已取得证据,保留,已截止
M072,材料及提交方式,"官方明确｜（四）自本“开放课题申请指南”公布之日起，开始接受课题申请，截止日期为2026年4月10日，电子版本以发送时间为准，过期不予受理。
申请者按要求认真填写《建筑钢结构智能制造技术兵团重点实验室2026年度开放课题申请书》（见附件），并经所在单位签署具体意见、盖章扫描后将电子版（PDF和Word版本）发送至邮箱btzdsysfutai@163.com（电子版材料命名格式：“2026开放课题+申请人姓名+项目名称”）。
并按时邮寄申请书纸质版（A4骑马装订）一式3份至重点实验室联系人。","https://kjj.xjbt.gov.cn/c/2026-04-01/8477891.shtml
https://kjj.xjbt.gov.cn/upload/resources/file/2026/04/01/617063.docx",2026-10-08,已复读已取得证据,保留,已截止
M112,实际任务筛选,保留｜智能机器人机构、感知与控制,https://jdgcxy.ncu.edu.cn/xwzx/tzgg/f268976adfb14c5aa8625c7930563f9f.htm,2026-10-08,已复读已取得证据,保留,已截止
M112,正式公告/指南,正式开放课题公告｜已复读原官方公告；附件缺口见条款列,https://jdgcxy.ncu.edu.cn/xwzx/tzgg/f268976adfb14c5aa8625c7930563f9f.htm,2026-10-08,已复读已取得证据,保留,已截止
M112,截止日期,2024-09-30；北京时间时点：未公开/未取得,https://jdgcxy.ncu.edu.cn/xwzx/tzgg/f268976adfb14c5aa8625c7930563f9f.htm,2026-10-08,未核清/有缺口,保留,已截止
M112,资助金额,重点3万元、一般2万元,https://jdgcxy.ncu.edu.cn/xwzx/tzgg/f268976adfb14c5aa8625c7930563f9f.htm,2026-10-08,已复读已取得证据,保留,已截止
M112,申请资格,"官方明确｜1.申请人原则上须为省外高校或科研院所的机器人领域科技人员，并需联合南昌大学先进制造学院科技人员共同申请;重点课题申请人须具备高级专业技术职称或博士学位(附同行专家推荐)，一般课题申请人须具备中级专业技术职称或博士学位。
获得立项的，申请人应按通知要求，在规定时限内提交《智能机器人江西省重点实验室课题合同书》(获得立项后另行下发)
2.开放基金课题匿名评审活页及匿名申请书不得出现申请人和课题组成员的姓名、工作单位等个人信息，否则取消评审资格。",https://jdgcxy.ncu.edu.cn/xwzx/tzgg/f268976adfb14c5aa8625c7930563f9f.htm,2026-10-08,已复读已取得证据,保留,已截止
M112,合作及访问,"官方明确｜4.研究期内，须至少参加实验室组织的线下技术交流活动1次。
2.每项课题须与本实验室固定研究成员合作发表至少1篇高水平学术论文。",https://jdgcxy.ncu.edu.cn/xwzx/tzgg/f268976adfb14c5aa8625c7930563f9f.htm,2026-10-08,已复读已取得证据,保留,已截止
M112,经费使用及外拨,公开资料未载明｜已取得公开资料未载明经费使用及外拨的完整条款。,https://jdgcxy.ncu.edu.cn/xwzx/tzgg/f268976adfb14c5aa8625c7930563f9f.htm,2026-10-08,未核清/有缺口,保留,已截止
M112,研究周期,官方明确｜一般课题单项资助额度为2万，拟支持不超过6项，由申报人根据本人申报课题情况选择类别，课题执行周期均为两年。,https://jdgcxy.ncu.edu.cn/xwzx/tzgg/f268976adfb14c5aa8625c7930563f9f.htm,2026-10-08,已复读已取得证据,保留,已截止
M112,成果数量及署名,"官方明确｜1.开放基金课题研究成果归重点实验室和课题负责人或其所在单位共享，报送内参、发表论文、提交研究报告、出版著作等须注明重点实验室开放基金资助字样(编号:JXINTROB-2024-XXX)。
重点课题须发表3篇高水平学术论文，其中1篇为Top期刊的高水平学术论文;一般课题须发表1-2篇高水平学术论文。",https://jdgcxy.ncu.edu.cn/xwzx/tzgg/f268976adfb14c5aa8625c7930563f9f.htm,2026-10-08,已复读已取得证据,保留,已截止
M112,知识产权,官方明确｜1.开放基金课题研究成果归重点实验室和课题负责人或其所在单位共享，报送内参、发表论文、提交研究报告、出版著作等须注明重点实验室开放基金资助字样(编号:JXINTROB-2024-XXX)。,https://jdgcxy.ncu.edu.cn/xwzx/tzgg/f268976adfb14c5aa8625c7930563f9f.htm,2026-10-08,已复读已取得证据,保留,已截止
M112,材料及提交方式,"官方明确｜2.申请者应提交《智能机器人江西省重点实验室开放基金课题申请书》、《智能机器人江西省重点实验室开放基金课题匿名评审活页及匿名申请书》(见附件)纸质版各一式两份至实验室，Word及PDF电子版申请书发至实验室邮箱chengzeng@ncu.edu.cn(文件命名格式:姓名+单位+申请课题题目)。
实验室主任：熊鹏文 实验室联系人：曾成
邮箱: steven.xpw@ncu.edu.cn 邮箱: chengzeng@ncu.edu.cn",https://jdgcxy.ncu.edu.cn/xwzx/tzgg/f268976adfb14c5aa8625c7930563f9f.htm,2026-10-08,已复读已取得证据,保留,已截止
M048,实际任务筛选,保留｜交通运维机器人设计、焊接、搬运、巡检与修复,https://tiom.ecjtu.edu.cn/info/1047/2192.htm,2026-10-08,已复读已取得证据,保留,已截止
M048,正式公告/指南,正式开放课题公告｜已复读原官方公告；附件缺口见条款列,https://tiom.ecjtu.edu.cn/info/1047/2192.htm,2026-10-08,已复读已取得证据,保留,已截止
M048,截止日期,2025-12-31；北京时间时点：未公开/未取得,https://tiom.ecjtu.edu.cn/info/1047/2192.htm,2026-10-08,未核清/有缺口,保留,已截止
M048,资助金额,重点5万元、一般3万元,https://tiom.ecjtu.edu.cn/info/1047/2192.htm,2026-10-08,已复读已取得证据,保留,已截止
M048,申请资格,"官方明确｜1、申请人应为具有博士学位或高级专业技术职称的在岗科研人员，在相关领域有一定的研究工作经验，并有稳定的科研队伍支持项目执行。
3、申请人须与重点实验室固定科研人员联合申请开放课题，鼓励利用本实验室的仪器设备条件，与重点实验室人员合作开展科研交流工作，校外申请人为项目负责人。",https://tiom.ecjtu.edu.cn/info/1047/2192.htm,2026-10-08,已复读已取得证据,保留,已截止
M048,合作及访问,"官方明确｜根据科技部、教育部、财政部等有关文件的精神，为更好地发挥重点实验室专项经费的作用，促进科研合作和学术交流，重点实验室本着“开放、竞争、合作”的运行机制，面向校外设立开放研究课题。
3、申请人须与重点实验室固定科研人员联合申请开放课题，鼓励利用本实验室的仪器设备条件，与重点实验室人员合作开展科研交流工作，校外申请人为项目负责人。
4、课题验收应发表/正式录用EI检索期刊论文1篇及以上，且重点实验室合作者需列为论文的共同作者，并至少有1篇论文以重点实验室为第一单位署名。",https://tiom.ecjtu.edu.cn/info/1047/2192.htm,2026-10-08,已复读已取得证据,保留,已截止
M048,经费使用及外拨,公开资料未载明｜已取得公开资料未载明经费使用及外拨的完整条款。,https://tiom.ecjtu.edu.cn/info/1047/2192.htm,2026-10-08,未核清/有缺口,保留,已截止
M048,研究周期,官方明确｜3、开放课题的研究期限为2年，起止时间为2026年1月~2027年12月。,https://tiom.ecjtu.edu.cn/info/1047/2192.htm,2026-10-08,已复读已取得证据,保留,已截止
M048,成果数量及署名,官方明确｜4、课题验收应发表/正式录用EI检索期刊论文1篇及以上，且重点实验室合作者需列为论文的共同作者，并至少有1篇论文以重点实验室为第一单位署名。,https://tiom.ecjtu.edu.cn/info/1047/2192.htm,2026-10-08,已复读已取得证据,保留,已截止
M048,知识产权,公开资料未载明｜已取得公开资料未载明知识产权的完整条款。,https://tiom.ecjtu.edu.cn/info/1047/2192.htm,2026-10-08,未核清/有缺口,保留,已截止
M048,材料及提交方式,"官方明确｜6、申请人应认真阅读申请说明，按附件格式填写开放课题申请书，经项目组所有成员签字确认后（未签字不受理），申请人将申请书电子版（PDF，命名方式：申请人+单位+项目名称）发送到联系邮箱，截止时间为2025年12月31日。
联系人：涂老师，杨老师
邮箱：317823053@qq.com",https://tiom.ecjtu.edu.cn/info/1047/2192.htm,2026-10-08,已复读已取得证据,保留,已截止
M079,实际任务筛选,剔除｜实际方向为岩性识别、地热和地质环境解释；未发布机器人研究任务。,https://www.hgu.edu.cn/info/1050/11863.htm,2026-10-08,已复读已取得证据,剔除,已剔除·范围不符
M079,正式公告/指南,正式开放课题公告｜已复读原官方公告；附件缺口见条款列,https://www.hgu.edu.cn/info/1050/11863.htm,2026-10-08,已复读已取得证据,剔除,已剔除·范围不符
M079,截止日期,2026-07-24；北京时间时点：未公开/未取得,https://www.hgu.edu.cn/info/1050/11863.htm,2026-10-08,未核清/有缺口,剔除,已剔除·范围不符
M079,资助金额,一般0.6万元；重点1.2万元,https://www.hgu.edu.cn/info/1050/11863.htm,2026-10-08,已复读已取得证据,剔除,已剔除·范围不符
M079,申请资格,"官方明确｜1、申请人须为省内外各高等院校、科研机构、企事业单位中，具有中级及以上专业技术职称，或具有博士及以上学位的科研人员。
3、已获得本重点实验室开放课题资助且尚未结题的项目负责人，本次不得再次申请。","https://www.hgu.edu.cn/info/1050/11863.htm
https://www.hgu.edu.cn/system/_content/download.jsp?urltype=news.DownloadAttachUrl&owner=2127476407&wbfileid=17899349",2026-10-08,已复读已取得证据,剔除,已剔除·范围不符
M079,合作及访问,官方明确｜发表论文时，本实验室须作为合作完成单位（建议作为共同第一单位或通讯作者单位）。,"https://www.hgu.edu.cn/info/1050/11863.htm
https://www.hgu.edu.cn/xxgk/gkzn.htm",2026-10-08,已复读已取得证据,剔除,已剔除·范围不符
M079,经费使用及外拨,公开资料未载明｜已取得公开资料未载明经费使用及外拨的完整条款。,"https://www.hgu.edu.cn/info/1050/11863.htm
https://www.hgu.edu.cn/system/_content/download.jsp?urltype=news.DownloadAttachUrl&owner=2127476407&wbfileid=17899349",2026-10-08,未核清/有缺口,剔除,已剔除·范围不符
M079,研究周期,官方明确｜不超过1年。,https://www.hgu.edu.cn/info/1050/11863.htm,2026-10-08,已复读已取得证据,剔除,已剔除·范围不符
M079,成果数量及署名,"官方明确｜五、项目管理与结题要求 研究时限：本次立项项目研究时限原则上不超过1年（如2026年8月至2027年8月）。
考核指标：项目结题时，须发表与课题直接相关的 SCI/EI 收录论文不少于1篇，或申请国家发明专利不少于1项（进入实质审查阶段或获得授权），并按规定时间要求提交《项目结题总结报告》。
开放课题研究成果由本实验室与课题负责人所在单位共享。
发表论文时，本实验室须作为合作完成单位（建议作为共同第一单位或通讯作者单位）。
论文致谢或基金资助部分必须标注：“本研究由河北省地质环境智能感知与数据处理重点实验室开放课题基金资助（英文：Supported by the Open Fund of Hebei Province Key Laboratory of Intelligent Sensing and Data Processing for Geo-environment）”。","https://www.hgu.edu.cn/info/1050/11863.htm
https://www.hgu.edu.cn/system/_content/download.jsp?urltype=news.DownloadAttachUrl&owner=2127476407&wbfileid=17899349",2026-10-08,已复读已取得证据,剔除,已剔除·范围不符
M079,知识产权,"官方明确｜成果署名与产权归属： 开放课题研究成果由本实验室与课题负责人所在单位共享。
开放课题研究成果由本实验室与课题负责人所在单位共享。",https://www.hgu.edu.cn/info/1050/11863.htm,2026-10-08,已复读已取得证据,剔除,已剔除·范围不符
M079,材料及提交方式,"官方明确｜纸质版：申请书原件一式四份，须经申请人所在单位主管领导签署意见并加盖单位公章，邮寄至本实验室。
难以电子化的附件材料随纸质版一并寄送。
电子版：与纸质版内容完全一致的电子版（Word版及盖章扫描PDF版）发送至指定邮箱，邮件主题请注明“2026开放基金申请+姓名+单位”。
3、截止时间：本次开放课题申请截止时间为 2026年7月24日（纸质版以寄出地邮戳或快递收件日期为准），逾期不予受理。
电子邮箱：390278707@qq.com
邮寄地址：河北省石家庄市河北大道601号河北地质大学信息工程学院
电子邮箱：sjywmk@126.com
申请人可下载并填写电子版《申请表》，通过电子邮件方式发送至办公室电子邮箱。","https://www.hgu.edu.cn/info/1050/11863.htm
https://www.hgu.edu.cn/system/_content/download.jsp?urltype=news.DownloadAttachUrl&owner=2127476407&wbfileid=17899349",2026-10-08,已复读已取得证据,剔除,已剔除·范围不符
M118,实际任务筛选,保留｜无人机相关优化及感知、规划与控制（限无人装备任务）,https://kjc.zut.edu.cn/info/1056/6187.htm,2026-10-08,已复读已取得证据,保留,已截止
M118,正式公告/指南,正式开放课题公告｜已复读原官方公告；附件缺口见条款列,https://kjc.zut.edu.cn/info/1056/6187.htm,2026-10-08,已复读已取得证据,保留,已截止
M118,截止日期,2025-11-07；北京时间时点：未公开/未取得,https://kjc.zut.edu.cn/info/1056/6187.htm,2026-10-08,未核清/有缺口,保留,已截止
M118,资助金额,2万元,https://kjc.zut.edu.cn/info/1056/6187.htm,2026-10-08,已复读已取得证据,保留,已截止
M118,申请资格,"官方明确｜2、应具备博士学位或副高级以上专业技术职称。
5、项目申请者只能申请一项，在研的本基金项目数不得超过一项。
有意向申请者，请提前联系科技处，并经院部审核推荐后，至少于截止日期前提前1周完成相关材料提交。","https://kjc.zut.edu.cn/info/1056/6187.htm
https://kjc.zut.edu.cn/info/1056/6197.htm",2026-10-08,已复读已取得证据,保留,已截止
M118,合作及访问,公开资料未载明｜已取得公开资料未载明合作及访问的完整条款。,"https://kjc.zut.edu.cn/info/1056/6187.htm
https://kjc.zut.edu.cn/info/1056/6197.htm",2026-10-08,未核清/有缺口,保留,已截止
M118,经费使用及外拨,官方明确｜3、项目经费原则上仅用于支付课题研究的文献资料费、实验材料费、测试费、差旅费和论文版面费等，不能作为劳务费、酬金等提取。,https://kjc.zut.edu.cn/info/1056/6187.htm,2026-10-08,已复读已取得证据,保留,已截止
M118,研究周期,"官方明确｜1、基金课题执行期限一般为1年。
6、课题研究期限：2026年1月1日至2026年12月30日。
2、对批准资助的课题，每项课题资助金额2万人民币，完成期限一般不超过1年，实行课题单独核算。",https://kjc.zut.edu.cn/info/1056/6187.htm,2026-10-08,已复读已取得证据,保留,已截止
M118,成果数量及署名,"官方明确｜在课题结束前的3个月内向本实验室提交“结题报告”。
4、项目负责人享有著作权及著作发表权（保密论文除外），其研究成果由平台、负责人依托单位共享。
受资助课题的研究成果应注明本实验室为第一完成单位，或第二完成单位，且标注开放课题项目编号。
其成果和论文标注单位为： 中文：河南省计算智能与智能系统重点实验室，郑州，450007
5、项目组成员至少以第一作者发表SCI期刊论文1篇，或出版专著1部，或授权发明专利1项，或研究成果获厅级及以上科技奖1项；
所有成果均需满足上述成果标注要求。
7、本基金资助项目结束时，由重点实验室组织验收，项目负责人应将项目总结报告和项目计划中规定的相关技术成果提交重点实验室归档。",https://kjc.zut.edu.cn/info/1056/6187.htm,2026-10-08,已复读已取得证据,保留,已截止
M118,知识产权,"官方明确｜4、项目负责人享有著作权及著作发表权（保密论文除外），其研究成果由平台、负责人依托单位共享。
7、本基金资助项目结束时，由重点实验室组织验收，项目负责人应将项目总结报告和项目计划中规定的相关技术成果提交重点实验室归档。",https://kjc.zut.edu.cn/info/1056/6187.htm,2026-10-08,已复读已取得证据,保留,已截止
M118,材料及提交方式,"官方明确｜将申请书打印，一式三份，并由申请人所在单位盖章以保证所在单位的支持。
盖章后的申请书寄至实验室，同时将开放课题申请书电子版发送到指定邮箱（截止日期前可先将盖章申请书的扫描件发至指定邮箱）。
联系邮箱：pwwen@zut.edu.cn
联系人：王磊，陈鹏静，尹毅飞","https://kjc.zut.edu.cn/info/1056/6187.htm
https://kjc.zut.edu.cn/info/1056/6197.htm",2026-10-08,已复读已取得证据,保留,已截止
M080,实际任务筛选,保留｜具身机器人磨削、抛光及加工技能,https://kjc.haut.edu.cn/info/1240/13366.htm,2026-10-08,已复读已取得证据,保留,已截止
M080,正式公告/指南,正式开放课题公告｜已复读原官方公告；附件缺口见条款列,https://kjc.haut.edu.cn/info/1240/13366.htm,2026-10-08,已复读已取得证据,保留,已截止
M080,截止日期,2026-05-14；北京时间时点：未公开/未取得,https://kjc.haut.edu.cn/info/1240/13366.htm,2026-10-08,未核清/有缺口,保留,已截止
M080,资助金额,一般1—2万元、重点3—5万元,https://kjc.haut.edu.cn/info/1240/13366.htm,2026-10-08,已复读已取得证据,保留,已截止
M080,申请资格,"官方明确｜1. 具有高级专业技术职称或博士学位的国内外科技工作者；
2. 中级技术职称以及获得硕士学位的科研人员（需由两名同行正高级职称科技人员推荐）；
3. 申请课题内容属于实验室重点支持领域，符合本实验室的主要研究方向，申请者在相关领域具有一定的研究积累；
4. 每位申请人限申报一项，申报期内主持本实验室开放课题尚未结项者，不得申请新一年度的开放课题。
1. 申请人下载课题申请书（附件1）后，根据本年度重点资助方向，按要求填写申请书，纸质版经所在单位盖章后，一式两份寄交重点实验室依托单位，同时发送电子版（Word版和PDF版）至指定邮箱。
未通过验收或未按要求进行验收的，将追回课题资助资金，其团队的研究者三年内不得再申请科研平台开放课题。
1.具有高级专业技术职称或博士学位的国内外科技工作者；
2.申请课题内容属于重点实验室支持领域，符合本实验室的主要研究方向，申请者在相关领域具有一定的研究积累；
已承担在研开放课题、尚未结题的开放课题负责人不得提交新的申请；
1.申请人下载课题申请书（附件1）后，根据本年度重点资助方向，按要求填写申请书，经所在单位盖章后，纸质版（封皮上注明课题类型）一式三份寄交重点实验室，同时发送电子版（Word版和PDF版）至指定邮箱。",https://kjc.haut.edu.cn/info/1240/13366.htm,2026-10-08,已复读已取得证据,保留,已截止
M080,合作及访问,官方明确｜申请人及其合作者的工作时间必须有可靠保证；,https://kjc.haut.edu.cn/info/1240/13366.htm,2026-10-08,已复读已取得证据,保留,已截止
M080,经费使用及外拨,公开资料未载明｜已取得公开资料未载明经费使用及外拨的完整条款。,https://kjc.haut.edu.cn/info/1240/13366.htm,2026-10-08,未核清/有缺口,保留,已截止
M080,研究周期,"官方明确｜2. 课题研究期限：2年。
2.课题研究期限：2年。",https://kjc.haut.edu.cn/info/1240/13366.htm,2026-10-08,已复读已取得证据,保留,已截止
M080,成果数量及署名,官方明确｜重点：中科院2区以上SCI论文2篇或TOP期刊1篇，另须满足省部二等奖、获批省部纵向项目、申请专利2项、专利转化或横向到款30万元中的至少1项。一般：中科院3区以上SCI论文2篇或2区以上1篇，另须满足省部三等奖、获批地厅级纵向项目、申请专利1项、专利转化或横向到款15万元中的至少1项。同一成果只用一次。论文实验室第一单位并标项目号，成果含本室人员；校外主持的其他成果须含河南工业大学。结束后1个月内交总结及成果；未通过或未按要求验收追回资助，团队3年不得申请。,https://kjc.haut.edu.cn/info/1240/13366.htm,2026-10-08,已复读已取得证据,保留,已截止
M080,知识产权,"官方明确｜四、课题管理及成果归属
4. 开放课题所取得的成果（包括学术专著、学术论文、调研报告、成果奖励等）及其形成的知识产权（软件著作权、专利等）归研究者及相应科研平台共同所有，研究者对课题执行过程中产生的研究成果须及时采取知识产权保护措施，依法取得相关知识产权，并予以有效管理和充分使用。
五、课题管理及成果归属
5.开放课题所取得的成果（包括学术专著、学术论文、调研报告、相应软件、授权专利、成果获奖等）及其形成的知识产权归研究者及相应科研平台共同所有，研究者对课题执行过程中产生的研究成果须及时采取知识产权保护措施，依法取得相关知识产权，并予以有效管理和充分使用。",https://kjc.haut.edu.cn/info/1240/13366.htm,2026-10-08,已复读已取得证据,保留,已截止
M080,材料及提交方式,"官方明确｜1. 申请人下载课题申请书（附件1）后，根据本年度重点资助方向，按要求填写申请书，纸质版经所在单位盖章后，一式两份寄交重点实验室依托单位，同时发送电子版（Word版和PDF版）至指定邮箱。
申请书电子版命名格式建议为“2026开放课题申请书+申请人姓名+所在单位+项目名称”，邮件主题与附件名称保持一致。
邮寄地址：河南省郑州市高新区莲花街100号河南工业大学机电工程学院
E-mail：wwq@haut.edu.cn
1.申请人下载课题申请书（附件1）后，根据本年度重点资助方向，按要求填写申请书，经所在单位盖章后，纸质版（封皮上注明课题类型）一式三份寄交重点实验室，同时发送电子版（Word版和PDF版）至指定邮箱。
联系人：刘 强 杨博
E-mail：liuqiang@haut.edu.cn",https://kjc.haut.edu.cn/info/1240/13366.htm,2026-10-08,已复读已取得证据,保留,已截止
M121,实际任务筛选,保留｜深海无人潜航装备与智能控制,https://idsse.cas.cn/xwdt/tzgg/202512/t20251223_8031930.html,2026-10-08,已复读已取得证据,保留,已截止
M121,正式公告/指南,正式开放课题公告｜已复读原官方公告；附件缺口见条款列,https://idsse.cas.cn/xwdt/tzgg/202512/t20251223_8031930.html,2026-10-08,已复读已取得证据,保留,已截止
M121,截止日期,2026-01-20；北京时间时点：未公开/未取得,https://idsse.cas.cn/xwdt/tzgg/202512/t20251223_8031930.html,2026-10-08,未核清/有缺口,保留,已截止
M121,资助金额,不超过10万元,https://idsse.cas.cn/xwdt/tzgg/202512/t20251223_8031930.html,2026-10-08,已复读已取得证据,保留,已截止
M121,申请资格,官方明确｜1.项目负责人应为具有副高级及以上职称的直接从事研究工作的科研人员，申请人同年只能牵头1项开放课题。,https://idsse.cas.cn/xwdt/tzgg/202512/t20251223_8031930.html,2026-10-08,已复读已取得证据,保留,已截止
M121,合作及访问,官方明确｜2.鼓励与本实验室固定人员有合作基础的人员积极申报，也欢迎获得开放研究项目资助的人员依托项目与实验室相关团队交流合作。,https://idsse.cas.cn/xwdt/tzgg/202512/t20251223_8031930.html,2026-10-08,已复读已取得证据,保留,已截止
M121,经费使用及外拨,官方明确｜2.本年度开放课题资助额度不超过10万元/项，立项后拨付70%，中期检查合格后拨付剩余的30%。,https://idsse.cas.cn/xwdt/tzgg/202512/t20251223_8031930.html,2026-10-08,已复读已取得证据,保留,已截止
M121,研究周期,"官方明确｜二、项目实施期限及额度
1.开放课题资助期限为不超过2年，对有突出成果、特别优秀的项目可滚动支持。",https://idsse.cas.cn/xwdt/tzgg/202512/t20251223_8031930.html,2026-10-08,已复读已取得证据,保留,已截止
M121,成果数量及署名,公开资料未载明｜已取得公开资料未载明成果数量及署名的完整条款。,https://idsse.cas.cn/xwdt/tzgg/202512/t20251223_8031930.html,2026-10-08,未核清/有缺口,保留,已截止
M121,知识产权,公开资料未载明｜已取得公开资料未载明知识产权的完整条款。,https://idsse.cas.cn/xwdt/tzgg/202512/t20251223_8031930.html,2026-10-08,未核清/有缺口,保留,已截止
M121,材料及提交方式,"官方明确｜2025年实验室开放课题实行无纸化申请，无需报送纸质申请材料，电子版（含承诺书签字扫描件等）发到邮箱，邮箱地址为：skldsit@idsse.ac.cn。
2.项目获批后，应将纸质申请书签字盖章邮寄至实验室存档；
除依据评审意见确需修改外，签字盖章版申请书应与电子申请书保持一致。",https://idsse.cas.cn/xwdt/tzgg/202512/t20251223_8031930.html,2026-10-08,已复读已取得证据,保留,已截止
M111,实际任务筛选,待核｜指南公开生物医学影像、传感仪器与信息学领域；尚无具体机器人或控制装备任务依据。,https://bme.hainanu.edu.cn/info/1051/11891.htm,2026-10-08,未核清/有缺口,待核,方向待核·已截止
M111,正式公告/指南,正式开放课题公告｜已复读原官方公告；附件缺口见条款列,https://bme.hainanu.edu.cn/info/1051/11891.htm,2026-10-08,已复读已取得证据,待核,方向待核·已截止
M111,截止日期,2026-09-20；北京时间时点：未公开/未取得,https://bme.hainanu.edu.cn/info/1051/11891.htm,2026-10-08,未核清/有缺口,待核,方向待核·已截止
M111,资助金额,4万元,https://bme.hainanu.edu.cn/info/1051/11891.htm,2026-10-08,已复读已取得证据,待核,方向待核·已截止
M111,申请资格,"官方明确｜1、 在职的具有中级职称以上（含中级）的研究人员；
1、申请人同一年度限申报1项，已有本实验室开放课题在研项目者不得申请，应结题后再申请。
评为不通过者，不得使用余款，停止申请本实验室开放课题的资格。","https://bme.hainanu.edu.cn/info/1051/11891.htm
https://bme.hainanu.edu.cn/system/_content/download.jsp?urltype=news.DownloadAttachUrl&owner=1638156875&wbfileid=CBC788445587BDF219881AFA033327ED",2026-10-08,已复读已取得证据,待核,方向待核·已截止
M111,合作及访问,"官方明确｜报告经项目合作者审查签署意见后，报实验室组织验收。
4、实验室每年举行一次学术委员会会议或通讯会议，检查交流课题研究工作进展和实验室管理工作情况，并对实验室管理提出建议。
6、本实验室资助的研究课题或与本实验室合作研究的课题，其研究成果由本实验室和课题负责人所在单位共享。","https://bme.hainanu.edu.cn/info/1051/11891.htm
https://bme.hainanu.edu.cn/system/_content/download.jsp?urltype=news.DownloadAttachUrl&owner=1638156875&wbfileid=CBC788445587BDF219881AFA033327ED",2026-10-08,已复读已取得证据,待核,方向待核·已截止
M111,经费使用及外拨,公开资料未载明｜已取得公开资料未载明经费使用及外拨的完整条款。,"https://bme.hainanu.edu.cn/info/1051/11891.htm
https://bme.hainanu.edu.cn/system/_content/download.jsp?urltype=news.DownloadAttachUrl&owner=1638156875&wbfileid=CBC788445587BDF219881AFA033327ED",2026-10-08,未核清/有缺口,待核,方向待核·已截止
M111,研究周期,"官方明确｜项目研究周期：2年。
1、每项课题的资助额度2-4万元人民币，执行期限为1-2年。
1、课题的研究期限为1-2年。","https://bme.hainanu.edu.cn/info/1051/11891.htm
https://bme.hainanu.edu.cn/system/_content/download.jsp?urltype=news.DownloadAttachUrl&owner=1638156875&wbfileid=CBC788445587BDF219881AFA033327ED",2026-10-08,已复读已取得证据,待核,方向待核·已截止
M111,成果数量及署名,"官方明确｜每个研究课题必须发表SCI源期刊学术论文2篇以上，需将实验室作为署名单位之一。
资助项目的有关研究成果，包括论文、专著、研究报告、总结、鉴定及成果等，均须标注“海南省生物医学工程重点实验室”及项目编号，英文标注“Key Laboratory of Biomedical Engineering of Hainan Province”。
2、课题结束前15天内，申请人应填写《课题结题报告》。
附件结题报告.docx已下载次
3、在课题实施过程中，课题负责人每年12月底向实验室提交课题进展报告（一年期项目直接提交结题报告）及所发表学术论文的抽印本，会议论文复印件等。
课题结束时填报课题“结题报告”。
5、本实验室开放课题资助的项目，至少应有以本实验室为工作单位发表SCI刊物论文2篇，论文署名办法见《论文发表署名的有关规定》。
6、本实验室资助的研究课题或与本实验室合作研究的课题，其研究成果由本实验室和课题负责人所在单位共享。
自带经费来本实验室研究的课题，研究成果属于课题负责人所在单位；
(2)与本室合作发表高水平论文、国际学术会议或国内一级学会会议特邀报告者；","https://bme.hainanu.edu.cn/info/1051/11891.htm
https://bme.hainanu.edu.cn/system/_content/download.jsp?urltype=news.DownloadAttachUrl&owner=1638156875&wbfileid=CBC788445587BDF219881AFA033327ED",2026-10-08,已复读已取得证据,待核,方向待核·已截止
M111,知识产权,官方明确｜6、本实验室资助的研究课题或与本实验室合作研究的课题，其研究成果由本实验室和课题负责人所在单位共享。,https://bme.hainanu.edu.cn/system/_content/download.jsp?urltype=news.DownloadAttachUrl&owner=1638156875&wbfileid=CBC788445587BDF219881AFA033327ED,2026-10-08,已复读已取得证据,待核,方向待核·已截止
M111,材料及提交方式,"官方明确｜2、 申请者所在单位应签署意见，单位负责人在申请书上签字并加盖单位公章，申请阶段只接收电子版本材料，待获批后再抽取纸质材料。
5、申请材料请以邮件形式发送到佟老师邮箱184092@hainanu.edu.cn，邮件标题统一为“海南省生物医学工程重点实验室开放课题+申请人姓名+申请人单位”。
邮箱：BME@hainanu.edu.cn
申请人必须在规定的时间将申请书电子版发送至佟老师邮箱184092@hainanu.edu.cn。","https://bme.hainanu.edu.cn/info/1051/11891.htm
https://bme.hainanu.edu.cn/system/_content/download.jsp?urltype=news.DownloadAttachUrl&owner=1638156875&wbfileid=CBC788445587BDF219881AFA033327ED",2026-10-08,已复读已取得证据,待核,方向待核·已截止
M027,实际任务筛选,待核｜数字医学工程领域公告没有列明机器人具体任务；须确认机器人感知、导航或交互装备是否在本期范围内。,https://bme.hainanu.edu.cn/info/1051/11911.htm,2026-10-08,未核清/有缺口,待核,方向待核·已截止
M027,正式公告/指南,正式开放课题公告｜已复读原官方公告；附件缺口见条款列,https://bme.hainanu.edu.cn/info/1051/11911.htm,2026-10-08,已复读已取得证据,待核,方向待核·已截止
M027,截止日期,2026-09-30；北京时间时点：未公开/未取得,https://bme.hainanu.edu.cn/info/1051/11911.htm,2026-10-08,未核清/有缺口,待核,方向待核·已截止
M027,资助金额,5万元,https://bme.hainanu.edu.cn/info/1051/11911.htm,2026-10-08,已复读已取得证据,待核,方向待核·已截止
M027,申请资格,"官方明确｜1. 凡科研机构、大专院校、产业部门中具有高级技术职称并从事数字医学工程及相关领域的研究者均可申请开放研究基金。
3. 申请者所在单位在相关研究领域具有较高学术声誉与影响力。
5. 申请者须与本实验室一名具有高级职称的在职科研人员联合申请，开展实质性研究工作。
2. 申请者须与本实验室在职具有高级职称的科研人员联合申请，在申报书“课题申请人员”列表中体现，以便后续经费划拨。",https://bme.hainanu.edu.cn/info/1051/11911.htm,2026-10-08,已复读已取得证据,待核,方向待核·已截止
M027,合作及访问,"官方明确｜5. 申请者须与本实验室一名具有高级职称的在职科研人员联合申请，开展实质性研究工作。
实验室的固定研究人员同一年度参与申请开放课题合作不超过一项。
报告经项目合作者审查签署意见后，报实验室组织验收。
2. 申请者须与本实验室在职具有高级职称的科研人员联合申请，在申报书“课题申请人员”列表中体现，以便后续经费划拨。",https://bme.hainanu.edu.cn/info/1051/11911.htm,2026-10-08,已复读已取得证据,待核,方向待核·已截止
M027,经费使用及外拨,"官方明确｜4. 2026年度拟资助项目数10项，每项课题资助经费为5万元，研究期限为1年，研究经费不外拨。
2. 研究经费不外拨，批准的开放研究基金只能用于课题研究费用，如仪器机时费，材料费、测试费、加工费、差旅费、会议费、出版/文献/信息/知识产权。
经费使用按数字医学工程全国重点实验室专项经费的使用管理条例执行。
2. 申请者须与本实验室在职具有高级职称的科研人员联合申请，在申报书“课题申请人员”列表中体现，以便后续经费划拨。",https://bme.hainanu.edu.cn/info/1051/11911.htm,2026-10-08,已复读已取得证据,待核,方向待核·已截止
M027,研究周期,"官方明确｜4. 2026年度拟资助项目数10项，每项课题资助经费为5万元，研究期限为1年，研究经费不外拨。
1. 对批准资助课题，资助期限为一年。",https://bme.hainanu.edu.cn/info/1051/11911.htm,2026-10-08,已复读已取得证据,待核,方向待核·已截止
M027,成果数量及署名,"官方明确｜有可预期对实验室贡献的成果，同时应有较好的前期工作研究基础。
项目资助的研究成果须标注“海南大学数字医学工程全国重点实验室开放课题基金资助（开放课题编号）”，英文论文标注“Supported by the Open Research Fund of State Key Laboratory of Digital Medical Engineering，Hainan University(Grant No. xxxx)”。
3. 研究成果要求：发表SCI源高水平学术论文1篇，课题研究成果须标注“海南大学数字医学工程全国重点实验室开放课题基金资助” （Supported by the Open Research Fund of State Key Laboratory of Digital Medical Engineering，Hainan University），且标注项目资助号。
5. 课题结束前15天内，申请人应填写《课题结题报告》。",https://bme.hainanu.edu.cn/info/1051/11911.htm,2026-10-08,已复读已取得证据,待核,方向待核·已截止
M027,知识产权,公开资料未载明｜已取得公开资料未载明知识产权的完整条款。,https://bme.hainanu.edu.cn/info/1051/11911.htm,2026-10-08,未核清/有缺口,待核,方向待核·已截止
M027,材料及提交方式,"官方明确｜6. 申请者请在附件中下载《数字医学工程全国重点实验室（海南大学）开放研究基金申请书》，并按要求填写，经所在单位同意并签署意见盖章后，将电子版扫描件（PDF格式）提交数字医学工程全国重点实验室，不收取纸质版。
4. 项目申请书的电子版扫描件（PDF格式）请发至佟老师邮箱： 184092@hainanu.edu.cn，不收取纸质版。
邮箱：BME@hainanu.edu.cn",https://bme.hainanu.edu.cn/info/1051/11911.htm,2026-10-08,已复读已取得证据,待核,方向待核·已截止
M084,实际任务筛选,保留｜智能机器人感知、控制与系统,https://robot.wit.edu.cn/info/1017/1532.htm,2026-10-08,已复读已取得证据,保留,已截止
M084,正式公告/指南,正式开放课题公告｜已复读原官方公告；附件缺口见条款列,https://robot.wit.edu.cn/info/1017/1532.htm,2026-10-08,已复读已取得证据,保留,已截止
M084,截止日期,2025-11-03；北京时间时点：未公开/未取得,https://robot.wit.edu.cn/info/1017/1532.htm,2026-10-08,未核清/有缺口,保留,已截止
M084,资助金额,校外1万元,https://robot.wit.edu.cn/info/1017/1532.htm,2026-10-08,已复读已取得证据,保留,已截止
M084,申请资格,"官方明确｜凡具有博士学位或高级职称的科研人员，均可在科研平台开放基金指南范围内提出课题申请，经学术委员会批准后，在依托平台或依托单位进行独立研究或合作研究。
课题申请者(及联合申请人)一般应有高级专业技术职务或具有博士学位的科研人员。
申请人不具有高级专业技术职务或博士学位，须有两名同行高级专业技术职务的科研人员推荐。
凡具有博士学位或高级职称的科研人员，均可在科研平台基金指南范围内提出课题申请，经学术委员会批准后，进行独立研究或合作研究。","https://robot.wit.edu.cn/info/1017/1532.htm
https://robot.wit.edu.cn/system/_content/download.jsp?urltype=news.DownloadAttachUrl&owner=1689248088&wbfileid=67284FECBEFDC0C2F5639B4E60E4BD4C",2026-10-08,已复读已取得证据,保留,已截止
M084,合作及访问,"官方明确｜为更好地吸引国内外高水平研究人员来智能机器人湖北省重点实验室开展合作研究，加强学术交流，实现重点实验室的开放效益，结合我校及本实验室具体情况，特制定开放基金管理办法。
为促进本实验室与国内高校、科研单位和企业的学术交流与合作，实验室诚邀国内外相关领域的优秀学者，特别是青年学者通过承担开放课题来实验室开展合作研究，凡符合《开放/创新基金项目管理办法》申请条件的研究人员均可提出申请，本实验室将按照“公平竞争、择优支持”的原则确定资助项目。
3）与本实验室的合作交流及人才培养。
三、与本实验室的合作交流与人才培养","https://robot.wit.edu.cn/info/1017/1532.htm
https://robot.wit.edu.cn/system/_content/download.jsp?urltype=news.DownloadAttachUrl&owner=1689248088&wbfileid=67284FECBEFDC0C2F5639B4E60E4BD4C",2026-10-08,已复读已取得证据,保留,已截止
M084,经费使用及外拨,"官方明确｜可外拨，立项50%+中期通过50%；
剩余经费可于结题后1年内继续用于原课题","https://robot.wit.edu.cn/info/1017/1532.htm
https://robot.wit.edu.cn/system/_content/download.jsp?urltype=news.DownloadAttachUrl&owner=1689248088&wbfileid=67284FECBEFDC0C2F5639B4E60E4BD4C",2026-10-08,已复读已取得证据,保留,已截止
M084,研究周期,官方明确｜2026-01起，2年,"https://robot.wit.edu.cn/info/1017/1532.htm
https://robot.wit.edu.cn/system/_content/download.jsp?urltype=news.DownloadAttachUrl&owner=1689248088&wbfileid=67284FECBEFDC0C2F5639B4E60E4BD4C",2026-10-08,已复读已取得证据,保留,已截止
M084,成果数量及署名,官方明确｜重点至少1篇SCI或高质量中文核心期刊论文，实验室第一单位；一般至少2篇，实验室第二单位。高质量中文核心参照中国卓越计划领军或重点期刊；作者列表须含1名固定人员。论文与技术报告同时署承担人单位及实验室，标基金编号。每年报进展及成果；结题交任务书、结题报告、学术成果和研究报告，验收材料一式2份。,"https://robot.wit.edu.cn/info/1017/1532.htm
https://robot.wit.edu.cn/system/_content/download.jsp?urltype=news.DownloadAttachUrl&owner=1689248088&wbfileid=67284FECBEFDC0C2F5639B4E60E4BD4C",2026-10-08,已复读已取得证据,保留,已截止
M084,知识产权,"官方明确｜资助项目的研究成果，由科研平台和研究者所在单位共享。
3.资助项目的研究成果，由科研平台和研究者所在单位共享。","https://robot.wit.edu.cn/system/_content/download.jsp?urltype=news.DownloadAttachUrl&owner=1689248088&wbfileid=67284FECBEFDC0C2F5639B4E60E4BD4C
https://robot.wit.edu.cn/system/_content/download.jsp?urltype=news.DownloadAttachUrl&owner=1689248088&wbfileid=BBBE9038FCAD335C5EA8DB2C9AC9AD2E
https://robot.wit.edu.cn/system/_content/download.jsp?urltype=news.DownloadAttachUrl&owner=1689248088&wbfileid=F5F12451C8D7D9AE435D29889A35D24B",2026-10-08,已复读已取得证据,保留,已截止
M084,材料及提交方式,"官方明确｜凡申请本实验室课题者，需下载并填写开放/创新基金申请书，按要求填写并返回电子文档1份, 纸质材料一式2份。
实验室联系方式及通信地址： 湖北省武汉市江夏区流芳大街特1号 武汉工程大学计算机学院，邮编：430205，
联系人: 鲁老师 电话：15827322046 Email: lutongwei@wit.edu.cn
申请者必须向科研平台提交项目申请书，并经申请者所在单位签署意见后递交科研平台。
六、实验室联系方式及通信地址： 湖北省武汉市江夏区流芳大街特1号 武汉工程大学计算机学院，邮编：430205，","https://robot.wit.edu.cn/info/1017/1532.htm
https://robot.wit.edu.cn/system/_content/download.jsp?urltype=news.DownloadAttachUrl&owner=1689248088&wbfileid=67284FECBEFDC0C2F5639B4E60E4BD4C",2026-10-08,已复读已取得证据,保留,已截止
M028,实际任务筛选,剔除｜具体指南为电力暂态、电磁能转换、强磁场与电力器件研究；未列机器人任务，原执行控制概括过宽。,https://seee.hust.edu.cn/seee/info/1062/19373.htm,2026-10-08,已复读已取得证据,剔除,已剔除·范围不符
M028,正式公告/指南,正式开放课题公告｜已复读原官方公告；附件缺口见条款列,https://seee.hust.edu.cn/seee/info/1062/19373.htm,2026-10-08,已复读已取得证据,剔除,已剔除·范围不符
M028,截止日期,2025-12-20；北京时间时点：未公开/未取得,https://seee.hust.edu.cn/seee/info/1062/19373.htm,2026-10-08,未核清/有缺口,剔除,已剔除·范围不符
M028,资助金额,3—5万元,https://seee.hust.edu.cn/seee/info/1062/19373.htm,2026-10-08,已复读已取得证据,剔除,已剔除·范围不符
M028,申请资格,"官方明确｜1.申请人应为申报项目的实际负责人，一般应具有博士学位或高级职称。
5.申请人需要按照课题申报书模板要求填写并提交相关材料，包括： 电子版文档1套，包括：课题申请书word版本、课题申请书PDF版本(PDF版本包含签字盖章页扫描件，封面和最后一页签批页共两处需加盖单位公章，可以是二级单位公章)。",https://seee.hust.edu.cn/seee/info/1062/19373.htm,2026-10-08,已复读已取得证据,剔除,已剔除·范围不符
M028,合作及访问,官方明确｜为鼓励合作研究，申请人在申请开放课题时须有1名实验室固定人员作为合作联系人。,https://seee.hust.edu.cn/seee/info/1062/19373.htm,2026-10-08,已复读已取得证据,剔除,已剔除·范围不符
M028,经费使用及外拨,公开资料未载明｜已取得公开资料未载明经费使用及外拨的完整条款。,https://seee.hust.edu.cn/seee/info/1062/19373.htm,2026-10-08,未核清/有缺口,剔除,已剔除·范围不符
M028,研究周期,公开资料未载明｜已取得公开资料未载明研究周期的完整条款。,https://seee.hust.edu.cn/seee/info/1062/19373.htm,2026-10-08,未核清/有缺口,剔除,已剔除·范围不符
M028,成果数量及署名,官方明确｜若课题已结题，须详细说明已结题课题的主要研究成果、后续研究进展以及与新课题的关系。,https://seee.hust.edu.cn/seee/info/1062/19373.htm,2026-10-08,已复读已取得证据,剔除,已剔除·范围不符
M028,知识产权,公开资料未载明｜已取得公开资料未载明知识产权的完整条款。,https://seee.hust.edu.cn/seee/info/1062/19373.htm,2026-10-08,未核清/有缺口,剔除,已剔除·范围不符
M028,材料及提交方式,"官方明确｜为鼓励合作研究，申请人在申请开放课题时须有1名实验室固定人员作为合作联系人。
电子版文档1套，包括：课题申请书word版本、课题申请书PDF版本(PDF版本包含签字盖章页扫描件，封面和最后一页签批页共两处需加盖单位公章，可以是二级单位公章)。
2．申请书材料请发送至实验室邮箱aeet@hust.edu.cn，仅受理公开级材料。
联系人：蒙丽，027-87543128，15072344016（微信同号）。",https://seee.hust.edu.cn/seee/info/1062/19373.htm,2026-10-08,已复读已取得证据,剔除,已剔除·范围不符
M050,实际任务筛选,保留｜具身智能与图像信息处理、智能控制交叉任务,https://aia.hust.edu.cn/info/1174/11568.htm,2026-10-08,已复读已取得证据,保留,已截止
M050,正式公告/指南,正式开放课题公告｜已复读原官方公告；附件缺口见条款列,https://aia.hust.edu.cn/info/1174/11568.htm,2026-10-08,已复读已取得证据,保留,已截止
M050,截止日期,2026-09-21；北京时间时点：未公开/未取得,https://aia.hust.edu.cn/info/1174/11568.htm,2026-10-08,未核清/有缺口,保留,已截止
M050,资助金额,不超过2万元,https://aia.hust.edu.cn/info/1174/11568.htm,2026-10-08,已复读已取得证据,保留,已截止
M050,申请资格,官方明确｜2026年1月1日未满35周岁；具有博士学位、副高（含）以下职称的高校教师或高校在站博士后。优先条件不能写成硬门槛。,"https://aia.hust.edu.cn/info/1174/11568.htm
https://aia.hust.edu.cn/kxyj/fwzn.htm",2026-10-08,已复读已取得证据,保留,已截止
M050,合作及访问,"官方明确｜考虑到报销工作量的问题，为方便校外课题经费使用，以及加强校内外学术交流与合作，本次发布的校外课题以合作研究形式申请，即校外申请课题必须以本实验室成员为第一合作申请人（以下简称“课题合作人”）。
认定成果论文第一作者应为课题负责人或合作人，第一作者为课题负责人的应将重点实验室标注为第二单位。","https://aia.hust.edu.cn/info/1174/11568.htm
https://aia.hust.edu.cn/kxyj/fwzn.htm",2026-10-08,已复读已取得证据,保留,已截止
M050,经费使用及外拨,"官方明确｜2、由于我校规定实验室基本科研业务费仅限校内财务结算、不得外拨，因此立项的校外课题经费只能来我校报销。
考虑到报销工作量的问题，为方便校外课题经费使用，以及加强校内外学术交流与合作，本次发布的校外课题以合作研究形式申请，即校外申请课题必须以本实验室成员为第一合作申请人（以下简称“课题合作人”）。
课题合作人每年参与申请的开放课题不超过两项，应代理课题负责人完成纸质材料递交、经费报销手续、财务决算等事务。
课题经费仅限于华中科技大学校内财务结算、来校报销，原则上不外拨。
课题负责人掌握经费的使用权，委托课题合作人完成日常报销手续、财务决算等事务。","https://aia.hust.edu.cn/info/1174/11568.htm
https://aia.hust.edu.cn/kxyj/fwzn.htm",2026-10-08,已复读已取得证据,保留,已截止
M050,研究周期,官方明确｜2年，2026年9月至2028年8月。,https://aia.hust.edu.cn/info/1174/11568.htm,2026-10-08,已复读已取得证据,保留,已截止
M050,成果数量及署名,"官方明确｜2、实验室开放基金管理委员会组织进行结题报告（年度报告）的评审，评审结果分为优、良、中、差四个等级。
结题报告经验收合格、评审结果为良以上，方可再申请新课题。
1、用实验室基金资助课题的成果，由实验室开放基金管理委员会组织评审，成果归实验室和研究人员所在单位共有，成果鉴定和报奖由本实验室与研究人员所在单位共同办理。
2、课题研究成果归双方共有，研究形成的成果（包括论文、专著、专利、鉴定或获奖成果等）必须标注华中科技大学图像信息处理与智能控制教育部重点实验室开放课题基金资助。
认定成果论文第一作者应为课题负责人或合作人，第一作者为课题负责人的应将重点实验室标注为第二单位。
标注方式：“华中科技大学图像信息处理与智能控制教育部重点实验室，武汉，430074” 英文标注名称为Key Laboratory of Image Processing and Intelligent Control(Huazhong University of Science and Technology), Ministry of Education，Wuhan, China, 430074.
3、由本实验室资助的课题所产生的专利，其专利权归申请人原单位所有，但申请人有义务及时向本实验室报告申请的专利，并作为本实验室开放课题的成果。",https://aia.hust.edu.cn/info/1174/11568.htm,2026-10-08,已复读已取得证据,保留,已截止
M050,知识产权,"官方明确｜七、研究成果的标注与归属
1、用实验室基金资助课题的成果，由实验室开放基金管理委员会组织评审，成果归实验室和研究人员所在单位共有，成果鉴定和报奖由本实验室与研究人员所在单位共同办理。
2、课题研究成果归双方共有，研究形成的成果（包括论文、专著、专利、鉴定或获奖成果等）必须标注华中科技大学图像信息处理与智能控制教育部重点实验室开放课题基金资助。
3、由本实验室资助的课题所产生的专利，其专利权归申请人原单位所有，但申请人有义务及时向本实验室报告申请的专利，并作为本实验室开放课题的成果。",https://aia.hust.edu.cn/info/1174/11568.htm,2026-10-08,已复读已取得证据,保留,已截止
M050,材料及提交方式,"官方明确｜2、申请者所在单位领导在申请书上签字并加盖单位公章，《申请书》纸质一式2份连同电子档一并报送本实验室。
请申请人于2026年9月21日前提交开放课题申请书电子版至hlzhang@hust.edu.cn，并委托合作申请人将2份纸质申请书（需签字盖章）报送科研办张老师。",https://aia.hust.edu.cn/info/1174/11568.htm,2026-10-08,已复读已取得证据,保留,已截止
M051,实际任务筛选,待核｜感知融合与决策方向尚未明确机器人或智能装备对象；须取得具体任务依据。,https://isss.hubei-university.com/info/1080/1276.htm,2026-10-08,未核清/有缺口,待核,方向待核·已截止
M051,正式公告/指南,正式开放课题公告｜已复读原官方公告；附件缺口见条款列,https://isss.hubei-university.com/info/1080/1276.htm,2026-10-08,已复读已取得证据,待核,方向待核·已截止
M051,截止日期,2026-04-15；北京时间时点：未公开/未取得,https://isss.hubei-university.com/info/1080/1276.htm,2026-10-08,未核清/有缺口,待核,方向待核·已截止
M051,资助金额,待核,https://isss.hubei-university.com/info/1080/1276.htm,2026-10-08,未核清/有缺口,待核,方向待核·已截止
M051,申请资格,官方明确｜3.申报者若承担本实验室往期开放基金在研项目，不得参与本次申报。,https://isss.hubei-university.com/info/1080/1276.htm,2026-10-08,已复读已取得证据,待核,方向待核·已截止
M051,合作及访问,"官方明确｜1.申报者须为非本实验室依托单位的高校、科研机构在岗在编科研人员，申报前须与实验室至少一位固定成员建立合作关系，申报课题需充分体现双方科研优势互补的合作内涵；
3.申报者若承担本实验室往期开放基金在研项目，不得参与本次申报。
1.申报者需如实、规范填写《智能感知系统与安全教育部重点实验室2026年度开放基金申报书》（见附件），签字盖章后将纸质版申报书（一式两份）邮寄至智能感知系统与安全教育部重点实验室合作者，经合作者签字后于2026年4月15日（周三）前报送至湖北大学物理学院3002办公室；",https://isss.hubei-university.com/info/1080/1276.htm,2026-10-08,已复读已取得证据,待核,方向待核·已截止
M051,经费使用及外拨,公开资料未载明｜已取得公开资料未载明经费使用及外拨的完整条款。,https://isss.hubei-university.com/info/1080/1276.htm,2026-10-08,未核清/有缺口,待核,方向待核·已截止
M051,研究周期,官方明确｜项目实施年限为2年，执行周期为2026年1月至2027年12月；,https://isss.hubei-university.com/info/1080/1276.htm,2026-10-08,已复读已取得证据,待核,方向待核·已截止
M051,成果数量及署名,"官方明确｜项目研究成果需以高水平学术论文、学术专著、授权国家发明专利等形式体现（其中学术论文要求至少1篇发表于最新中国科学院文献情报中心期刊分区二区及以上，或中国计算机学会推荐国际学术会议和期刊目录B类及以上）。
2.依托本实验室开放基金资助取得的所有研究成果，均须在成果标注中署名“智能感知系统与安全教育部重点实验室”，其标准英文名称为“Key Laboratory of Intelligent Sensing System and Security (Ministry of Education), Hubei University, Wuhan 430062, China”；","https://isss.hubei-university.com/info/1080/1276.htm
https://isss.hubei-university.com/kfjj/sqzn.htm",2026-10-08,已复读已取得证据,待核,方向待核·已截止
M051,知识产权,公开资料未载明｜已取得公开资料未载明知识产权的完整条款。,https://isss.hubei-university.com/info/1080/1276.htm,2026-10-08,未核清/有缺口,待核,方向待核·已截止
M051,材料及提交方式,"官方明确｜1.申报者需如实、规范填写《智能感知系统与安全教育部重点实验室2026年度开放基金申报书》（见附件），签字盖章后将纸质版申报书（一式两份）邮寄至智能感知系统与安全教育部重点实验室合作者，经合作者签字后于2026年4月15日（周三）前报送至湖北大学物理学院3002办公室；
同时将电子版申报书发送至指定邮箱[email protected]，申报材料逾期不予受理；
电子邮箱：[email protected]",https://isss.hubei-university.com/info/1080/1276.htm,2026-10-08,已复读已取得证据,待核,方向待核·已截止
D-CAS-001,实际任务筛选,剔除｜任务为磁共振波谱、成像及相关物理方法；没有机器人感知、规划或控制任务。,https://sklmrsi.apm.ac.cn/kfjl/kfkt/202604/t20260424_835102.html,2026-10-08,已复读已取得证据,剔除,已剔除·范围不符
D-CAS-001,正式公告/指南,正式开放课题公告｜已复读原官方公告；附件缺口见条款列,https://sklmrsi.apm.ac.cn/kfjl/kfkt/202604/t20260424_835102.html,2026-10-08,已复读已取得证据,剔除,已剔除·范围不符
D-CAS-001,截止日期,2026-05-25；北京时间时点：未公开/未取得,https://sklmrsi.apm.ac.cn/kfjl/kfkt/202604/t20260424_835102.html,2026-10-08,未核清/有缺口,剔除,已剔除·范围不符
D-CAS-001,资助金额,一般≤10万元/项,https://sklmrsi.apm.ac.cn/kfjl/kfkt/202604/t20260424_835102.html,2026-10-08,已复读已取得证据,剔除,已剔除·范围不符
D-CAS-001,申请资格,"官方明确｜1. 项目负责人须具有高级职称或博士学位，有固定的工作单位，同一申请人同期只能主持1项开放课题。
2. 精密测量院院外申请人必须与至少一位实验室人员联合申请，实验室人员不得牵头申报。
4. 已获得其他基金资助的研究内容不得重复申报。",https://sklmrsi.apm.ac.cn/kfjl/kfkt/202604/t20260424_835102.html,2026-10-08,已复读已取得证据,剔除,已剔除·范围不符
D-CAS-001,合作及访问,"官方明确｜开放课题支持国内外高水平科研团队与本实验室团队开展合作研究，为重大科技任务开展预研，须由精密测量院院外人员与实验室人员联合申请。
2. 精密测量院院外申请人必须与至少一位实验室人员联合申请，实验室人员不得牵头申报。",https://sklmrsi.apm.ac.cn/kfjl/kfkt/202604/t20260424_835102.html,2026-10-08,已复读已取得证据,剔除,已剔除·范围不符
D-CAS-001,经费使用及外拨,官方明确｜3. 在研开放课题出现下列任一情况时，实验室有权根据情节轻重，予以暂缓拨付资助经费、中止课题、撤销课题并收回已拨经费等处理：,https://sklmrsi.apm.ac.cn/kfjl/kfkt/202604/t20260424_835102.html,2026-10-08,已复读已取得证据,剔除,已剔除·范围不符
D-CAS-001,研究周期,公开资料未载明｜已取得公开资料未载明研究周期的完整条款。,https://sklmrsi.apm.ac.cn/kfjl/kfkt/202604/t20260424_835102.html,2026-10-08,未核清/有缺口,剔除,已剔除·范围不符
D-CAS-001,成果数量及署名,官方明确｜4. 资助课题取得的有关论文、专著等成果，署名单位须包含“磁共振波谱与成像全国重点实验室”（英文名称为“State Key Laboratory of Magnetic Resonance Spectroscopy and Imaging”）。,https://sklmrsi.apm.ac.cn/kfjl/kfkt/202604/t20260424_835102.html,2026-10-08,已复读已取得证据,剔除,已剔除·范围不符
D-CAS-001,知识产权,公开资料未载明｜已取得公开资料未载明知识产权的完整条款。,https://sklmrsi.apm.ac.cn/kfjl/kfkt/202604/t20260424_835102.html,2026-10-08,未核清/有缺口,剔除,已剔除·范围不符
D-CAS-001,材料及提交方式,"官方明确｜将经所在单位签字盖章的电子版申请书发送至邮箱kfs@apm.ac.cn，邮件标题格式为：“全重开放课题申请＋申请单位名称＋项目负责人姓名”。
2. 项目获批后，须根据申请书签订任务书，无正当合理的依据不予修改调整。
联系人：杨老师，yangding@apm.ac.cn，027-87199101
毕老师，kfs@apm.ac.cn，027-87198842",https://sklmrsi.apm.ac.cn/kfjl/kfkt/202604/t20260424_835102.html,2026-10-08,已复读已取得证据,剔除,已剔除·范围不符
M083,实际任务筛选,保留｜肿瘤手术导航、形变补偿、跟踪与标定,https://www.scuec.edu.cn/yxxxsys/info/1011/1071.htm,2026-10-08,已复读已取得证据,保留,已截止
M083,正式公告/指南,正式开放课题公告｜已复读原官方公告；附件缺口见条款列,https://www.scuec.edu.cn/yxxxsys/info/1011/1071.htm,2026-10-08,已复读已取得证据,保留,已截止
M083,截止日期,2026-06-15；北京时间时点：未公开/未取得,https://www.scuec.edu.cn/yxxxsys/info/1011/1071.htm,2026-10-08,未核清/有缺口,保留,已截止
M083,资助金额,不超过1万元,https://www.scuec.edu.cn/yxxxsys/info/1011/1071.htm,2026-10-08,已复读已取得证据,保留,已截止
M083,申请资格,"官方明确｜1. 凡是具有博士学位或中级及以上职称的实验室以外的研究人员（即兼职/客座研究人员）均可以向本实验室申请开放基金课题，课题须由客座研究人员和固定研究人员共同申请，客座研究人员担任课题负责人。
在读博士研究生申请须经导师认可。
凡是具有博士学位或中级及以上职称的国内外研究人员均可以向本实验室申请开放基金课题；
开放课题结题后可再申请，终止的课题负责人不得再申请本实验室课题。","https://www.scuec.edu.cn/yxxxsys/info/1011/1071.htm
https://www.scuec.edu.cn/yxxxsys/yixuexinxifenxijizhongliuzhenliaohubeishengzhongdianshiyanshikaifangketiguanlibanfa.docx",2026-10-08,已复读已取得证据,保留,已截止
M083,合作及访问,"官方明确｜为了加速实验室研究计划和目标实现，鼓励并资助科技人员开展与本实验室学术方向相关的研究工作，促进科研合作和学术交流，现将2026年度开放课题申报事项公布如下：
1. 凡是具有博士学位或中级及以上职称的实验室以外的研究人员（即兼职/客座研究人员）均可以向本实验室申请开放基金课题，课题须由客座研究人员和固定研究人员共同申请，客座研究人员担任课题负责人。
为了加速实验室研究计划和目标的实现，鼓励并资助科技人员开展与本实验室学术方向相关的研究工作，促进科研合作和学术交流，本实验室自2015年起设立开放课题，并制定以下管理办法。
开放课题主要支持实验室以外的研究人员（含兼职/客座研究人员）与实验室固定人员合作的科研课题，由客座研究人员和固定人员共同申请，客座人员担任课题负责人。","https://www.scuec.edu.cn/yxxxsys/info/1011/1071.htm
https://www.scuec.edu.cn/yxxxsys/yixuexinxifenxijizhongliuzhenliaohubeishengzhongdianshiyanshikaifangketiguanlibanfa.docx",2026-10-08,已复读已取得证据,保留,已截止
M083,经费使用及外拨,"官方明确｜课题经费仅限于中南民族大学和湖北省肿瘤医院内部进行财务结算，经费的使用需符合国家专项经费管理制度，并严格按预算执行。
课题经费，分两次拨付，按照课题负责人所在单位纵向科研经费有关管理办法管理。
课题协议签订后，课题负责人提供有关票据，实验室统一办理首次经费拨付；
课题结题时，课题负责人提交结题有关材料(含财务支出明细)，结题考核通过后在规定期限内，凭有关票据，办理剩余经费拨付。","https://www.scuec.edu.cn/yxxxsys/info/1011/1071.htm
https://www.scuec.edu.cn/yxxxsys/yixuexinxifenxijizhongliuzhenliaohubeishengzhongdianshiyanshikaifangketiguanlibanfa.docx",2026-10-08,已复读已取得证据,保留,已截止
M083,研究周期,"官方明确｜3. 开放课题的资助强度为每项不超过1万元，研究年限一般为一年，即自获批之日起至次年6月30日。
资助强度与研究年限
开放课题的资助强度为每项不超过1万元，研究年限一般为一年以内。
课题研究年限内，满足结题要求可随时提交《开放课题结题报告》，实验室每年组织一次专家评审。",https://www.scuec.edu.cn/yxxxsys/info/1011/1071.htm,2026-10-08,已复读已取得证据,保留,已截止
M083,成果数量及署名,"官方明确｜1. 课题结题须至少发表一篇被新锐分区二区期刊收录的论文。
凡在开放课题资助下发表的论文或取得的应用性成果，完成单位须包括“医学信息分析及肿瘤诊疗湖北省重点实验室”（英文为：Hubei Key Laboratory of Medical Information Analysis & Tumor Diagnosis and Treatment），完成人员须包括实验室固定人员。
2. 研究中利用开放课题经费购置的设备或装置等归实验室所有，研究成果归实验室和研究人员所在单位共有。
课题研究年限内，满足结题要求可随时提交《开放课题结题报告》，实验室每年组织一次专家评审。
课题结题须至少发表一篇被新锐分区二区期刊收录的论文。
研究中利用开放课题经费获得的研究成果归实验室和研究人员所在单位共有。","https://www.scuec.edu.cn/yxxxsys/info/1011/1071.htm
https://www.scuec.edu.cn/yxxxsys/yixuexinxifenxijizhongliuzhenliaohubeishengzhongdianshiyanshikaifangketiguanlibanfa.docx",2026-10-08,已复读已取得证据,保留,已截止
M083,知识产权,"官方明确｜2. 研究中利用开放课题经费购置的设备或装置等归实验室所有，研究成果归实验室和研究人员所在单位共有。
研究中利用开放课题经费获得的研究成果归实验室和研究人员所在单位共有。","https://www.scuec.edu.cn/yxxxsys/info/1011/1071.htm
https://www.scuec.edu.cn/yxxxsys/yixuexinxifenxijizhongliuzhenliaohubeishengzhongdianshiyanshikaifangketiguanlibanfa.docx",2026-10-08,已复读已取得证据,保留,已截止
M083,材料及提交方式,"官方明确｜申请者需填写《开放课题申请书》一式2份，并加盖申请者单位公章。
电子信箱：1109705981@qq.com","https://www.scuec.edu.cn/yxxxsys/info/1011/1071.htm
https://www.scuec.edu.cn/yxxxsys/yixuexinxifenxijizhongliuzhenliaohubeishengzhongdianshiyanshikaifangketiguanlibanfa.docx",2026-10-08,已复读已取得证据,保留,已截止
M086,实际任务筛选,保留｜机器人集成与医疗康复智能制造装备,https://mmqe.hbut.edu.cn/info/1047/2232.htm,2026-10-08,已复读已取得证据,保留,已截止
M086,正式公告/指南,正式开放课题公告｜已复读原官方公告；附件缺口见条款列,https://mmqe.hbut.edu.cn/info/1047/2232.htm,2026-10-08,已复读已取得证据,保留,已截止
M086,截止日期,2026-08-15；北京时间时点：未公开/未取得,https://mmqe.hbut.edu.cn/info/1047/2232.htm,2026-10-08,未核清/有缺口,保留,已截止
M086,资助金额,一般2万元、重点3万元,https://mmqe.hbut.edu.cn/info/1047/2232.htm,2026-10-08,已复读已取得证据,保留,已截止
M086,申请资格,官方明确｜1. 申请人需具有博士学位；,"https://mmqe.hbut.edu.cn/info/1047/2232.htm
https://mmqe.hbut.edu.cn/system/_content/download.jsp?urltype=news.DownloadAttachUrl&owner=1594810949&wbfileid=FCE657BD8D638736DA63047CFCE4E74A",2026-10-08,已复读已取得证据,保留,已截止
M086,合作及访问,官方明确｜4. 申请人需联合本重点实验室或湖北工业大学机械工程学院教师申请。,https://mmqe.hbut.edu.cn/info/1047/2232.htm,2026-10-08,已复读已取得证据,保留,已截止
M086,经费使用及外拨,官方明确｜开放基金资助项目的过程管理、成果管理及经费的管理参照《湖北工业大学纵向科研项目经费管理办法》。,"https://mmqe.hbut.edu.cn/info/1047/2232.htm
https://mmqe.hbut.edu.cn/system/_content/download.jsp?urltype=news.DownloadAttachUrl&owner=1594810949&wbfileid=FCE657BD8D638736DA63047CFCE4E74A",2026-10-08,已复读已取得证据,保留,已截止
M086,研究周期,官方明确｜1. 重点项目资助期限为2年，一般项目为1年；,"https://mmqe.hbut.edu.cn/info/1047/2232.htm
https://mmqe.hbut.edu.cn/system/_content/download.jsp?urltype=news.DownloadAttachUrl&owner=1594810949&wbfileid=FCE657BD8D638736DA63047CFCE4E74A",2026-10-08,已复读已取得证据,保留,已截止
M086,成果数量及署名,"官方明确｜2．项目结题时，需有第一单位署名为“现代制造质量工程湖北省重点实验室”及“湖北工业大学机械工程学院”的论文和国内外申请或授权发明专利，成员中需有湖北工业大学教师。
重点项目须有1篇SCI二区及以上收录期刊论文，一般项目须有1篇SCI收录期刊的论文。
具体标注格式为：“湖北工业大学机械工程学院 现代制造质量工程湖北省重点实验室 湖北 武汉 430068 Hubei Key Laboratory of Modern Manufacturing Quality Engineering，School of Mechanical Engineering, Hubei University of Technology, Wuhan，Hubei，P.R.China，430068”。
3．项目结题时，课题负责人须提交： （1）开放基金结题报告及研究报告；
（1）开放基金结题报告及研究报告；",https://mmqe.hbut.edu.cn/info/1047/2232.htm,2026-10-08,已复读已取得证据,保留,已截止
M086,知识产权,公开资料未载明｜已取得公开资料未载明知识产权的完整条款。,https://mmqe.hbut.edu.cn/info/1047/2232.htm,2026-10-08,未核清/有缺口,保留,已截止
M086,材料及提交方式,"官方明确｜1. 申请开放基金者须填写《现代制造质量工程湖北省重点实验室开放基金申请书》（见附件）一式两份，同时须提交申请书电子版。
联系人：杜华 联系电话：027-59750421","https://mmqe.hbut.edu.cn/info/1047/2232.htm
https://mmqe.hbut.edu.cn/system/_content/download.jsp?urltype=news.DownloadAttachUrl&owner=1594810949&wbfileid=FCE657BD8D638736DA63047CFCE4E74A",2026-10-08,已复读已取得证据,保留,已截止
M130,实际任务筛选,保留｜一般项目中的机器人及其应用（区分机器人技术与单纯课程教学研究）,https://hrcei.ccnu.edu.cn/info/1203/3415.htm,2026-10-08,已复读已取得证据,保留,已截止
M130,正式公告/指南,正式开放课题公告｜已复读原官方公告；附件缺口见条款列,https://hrcei.ccnu.edu.cn/info/1203/3415.htm,2026-10-08,已复读已取得证据,保留,已截止
M130,截止日期,2026-06-25；北京时间时点：未公开/未取得,https://hrcei.ccnu.edu.cn/info/1203/3415.htm,2026-10-08,未核清/有缺口,保留,已截止
M130,资助金额,重点4万元、一般2万元,https://hrcei.ccnu.edu.cn/info/1203/3415.htm,2026-10-08,已复读已取得证据,保留,已截止
M130,申请资格,"官方明确｜具备博士学位的中级及以上技术职称的国内外科技工作者，凡研究方向、内容符合开放基金申请指南的均可提出申请。
往年开放基金未结项者不得申报。",https://hrcei.ccnu.edu.cn/info/1203/3415.htm,2026-10-08,已复读已取得证据,保留,已截止
M130,合作及访问,官方明确｜（3）基金资助课题所取得的成果（包括收集到的资料、数据、研究报告、相应软件及其测试检验报告等）归研究者与重点实验室共同所有，项目结题时相关成果应提交重点实验室留档。,https://hrcei.ccnu.edu.cn/info/1203/3415.htm,2026-10-08,已复读已取得证据,保留,已截止
M130,经费使用及外拨,"官方明确｜（3）项目经费不外拨，需在华中师范大学完成报销。
“中央高校基本科研业务费资助”及项目编号字样，英文统一标注为“Supported by the Fundamental Research Funds for the Central Universities”。",https://hrcei.ccnu.edu.cn/info/1203/3415.htm,2026-10-08,已复读已取得证据,保留,已截止
M130,研究周期,"官方明确｜三、资助额度和执行期限
（2）项目实施期限为两年，即2026年7月1日至2028年6月30日。",https://hrcei.ccnu.edu.cn/info/1203/3415.htm,2026-10-08,已复读已取得证据,保留,已截止
M130,成果数量及署名,"官方明确｜（1）基金资助课题产生的有关论文、专著、技术文件、专利、软件、数据库、成果评议鉴定资料等，均应标注“数字教育湖北省重点实验室开放基金资助（编号：xxxxxx）”，英文标注“This work is supported by Open Fund of Hubei Key Laboratory of Digital Education (Grant No. xxxxxx)”；
（2）基金结题验收论文成果必须第一单位署名本重点实验室（中文名：数字教育湖北省重点实验室，华中师范大学，武汉，430079；
（3）基金资助课题所取得的成果（包括收集到的资料、数据、研究报告、相应软件及其测试检验报告等）归研究者与重点实验室共同所有，项目结题时相关成果应提交重点实验室留档。",https://hrcei.ccnu.edu.cn/info/1203/3415.htm,2026-10-08,已复读已取得证据,保留,已截止
M130,知识产权,官方明确｜（3）基金资助课题所取得的成果（包括收集到的资料、数据、研究报告、相应软件及其测试检验报告等）归研究者与重点实验室共同所有，项目结题时相关成果应提交重点实验室留档。,https://hrcei.ccnu.edu.cn/info/1203/3415.htm,2026-10-08,已复读已取得证据,保留,已截止
M130,材料及提交方式,官方明确｜申请书（一式二份）寄送到重点实验室，并将电子版发送到：wangbinghui@ccnu.edu.cn。,https://hrcei.ccnu.edu.cn/info/1203/3415.htm,2026-10-08,已复读已取得证据,保留,已截止
M129,实际任务筛选,待核｜智慧学习及人工智能算法任务尚缺机器人研究对象；需核实具体具身或机器人应用内容。,https://cs.ccnu.edu.cn/info/1056/13676.htm,2026-10-08,未核清/有缺口,待核,方向待核·已截止
M129,正式公告/指南,正式开放课题公告｜已复读原官方公告；附件缺口见条款列,https://cs.ccnu.edu.cn/info/1056/13676.htm,2026-10-08,已复读已取得证据,待核,方向待核·已截止
M129,截止日期,2026-09-25；北京时间时点：未公开/未取得,https://cs.ccnu.edu.cn/info/1056/13676.htm,2026-10-08,未核清/有缺口,待核,方向待核·已截止
M129,资助金额,1万元,https://cs.ccnu.edu.cn/info/1056/13676.htm,2026-10-08,已复读已取得证据,待核,方向待核·已截止
M129,申请资格,"官方明确｜上述单位中具有博士学位或中级及以上职称的科技工作者，均可申请资助。
5.已经申请过本实验室开放项目的研究人员，在已有课题未结题前，不得申请新课题。",https://cs.ccnu.edu.cn/info/1056/13676.htm,2026-10-08,已复读已取得证据,待核,方向待核·已截止
M129,合作及访问,"官方明确｜1.申请人可根据申请指南中的研究方向，自行选择前沿课题进行研究，必须与至少一位本实验室固定研究人员合作提出申请，在申请截止时间（2026年9月25日）之前填写并发送《申请书》电子版至邮箱haosun@ccnu.edu.cn。
2.开放研究基金优先资助与本实验室有过合作的申请人，以申请人的研究成果标注过本实验室作为有过合作的评判依据。
3.由实验室开放研究基金资助项目所取得的研究成果（包括论文、专利、报告、著作等）归实验室与申请者所在单位共享，作为合作者的实验室固定研究人员需作为研究成果的共同作者，并共同署名。",https://cs.ccnu.edu.cn/info/1056/13676.htm,2026-10-08,已复读已取得证据,待核,方向待核·已截止
M129,经费使用及外拨,公开资料未载明｜已取得公开资料未载明经费使用及外拨的完整条款。,https://cs.ccnu.edu.cn/info/1056/13676.htm,2026-10-08,未核清/有缺口,待核,方向待核·已截止
M129,研究周期,公开资料未载明｜已取得公开资料未载明研究周期的完整条款。,https://cs.ccnu.edu.cn/info/1056/13676.htm,2026-10-08,未核清/有缺口,待核,方向待核·已截止
M129,成果数量及署名,"官方明确｜3.由实验室开放研究基金资助项目所取得的研究成果（包括论文、专利、报告、著作等）归实验室与申请者所在单位共享，作为合作者的实验室固定研究人员需作为研究成果的共同作者，并共同署名。
英文单位署名“Hubei Provincial Key Laboratory of Artificial Intelligence and Smart Learning, Central China Normal University”。
4.研究成果需致谢“人工智能与智慧学习湖北省重点实验室开放研究基金NO.XXXXXX资助”或“Support by Hubei Provincial Key Laboratory of Artificial Intelligence and Smart Learning NO.XXXXXX”。",https://cs.ccnu.edu.cn/info/1056/13676.htm,2026-10-08,已复读已取得证据,待核,方向待核·已截止
M129,知识产权,官方明确｜3.由实验室开放研究基金资助项目所取得的研究成果（包括论文、专利、报告、著作等）归实验室与申请者所在单位共享，作为合作者的实验室固定研究人员需作为研究成果的共同作者，并共同署名。,https://cs.ccnu.edu.cn/info/1056/13676.htm,2026-10-08,已复读已取得证据,待核,方向待核·已截止
M129,材料及提交方式,"官方明确｜1.申请人可根据申请指南中的研究方向，自行选择前沿课题进行研究，必须与至少一位本实验室固定研究人员合作提出申请，在申请截止时间（2026年9月25日）之前填写并发送《申请书》电子版至邮箱haosun@ccnu.edu.cn。
3.在申请期间关于基金申请的任何疑问可通过邮箱haosun@ccnu.edu.cn联系沟通。
联系人：孙老师 haosun@ccnu.edu.cn",https://cs.ccnu.edu.cn/info/1056/13676.htm,2026-10-08,已复读已取得证据,待核,方向待核·已截止
M030,实际任务筛选,剔除｜指南为整车设计、低碳制造、安全测试和系统集成；未发布自主机器人或具身研究任务。,https://dmvb.hnu.edu.cn/info/1012/2232.htm,2026-10-08,已复读已取得证据,剔除,已剔除·范围不符
M030,正式公告/指南,正式开放课题公告｜已复读原官方公告；附件缺口见条款列,https://dmvb.hnu.edu.cn/info/1012/2232.htm,2026-10-08,已复读已取得证据,剔除,已剔除·范围不符
M030,截止日期,2025-11-15；北京时间时点：未公开/未取得,https://dmvb.hnu.edu.cn/info/1012/2232.htm,2026-10-08,未核清/有缺口,剔除,已剔除·范围不符
M030,资助金额,重点10万元；一般5万元,https://dmvb.hnu.edu.cn/info/1012/2232.htm,2026-10-08,已复读已取得证据,剔除,已剔除·范围不符
M030,申请资格,"官方明确｜国外知名高校以及国内“211”“985”高校、科研机构具有中级及以上职称，或者具有博士学位的科研人员。
为了贯彻全国重点实验室“开放、流动、合作、竞争”的精神，湖南大学校内科研人员（本室固定人员所带博士后除外）不能申请本室开放基金。",https://dmvb.hnu.edu.cn/info/1012/2232.htm,2026-10-08,已复读已取得证据,剔除,已剔除·范围不符
M030,合作及访问,官方明确｜为了贯彻全国重点实验室“开放、流动、合作、竞争”的精神，湖南大学校内科研人员（本室固定人员所带博士后除外）不能申请本室开放基金。,https://dmvb.hnu.edu.cn/info/1012/2232.htm,2026-10-08,已复读已取得证据,剔除,已剔除·范围不符
M030,经费使用及外拨,公开资料未载明｜已取得公开资料未载明经费使用及外拨的完整条款。,https://dmvb.hnu.edu.cn/info/1012/2232.htm,2026-10-08,未核清/有缺口,剔除,已剔除·范围不符
M030,研究周期,官方明确｜课题年限为2年，起止时间为2026.01-2027.12，对成果突出课题可以追加资助。,https://dmvb.hnu.edu.cn/info/1012/2232.htm,2026-10-08,已复读已取得证据,剔除,已剔除·范围不符
M030,成果数量及署名,公开资料未载明｜已取得公开资料未载明成果数量及署名的完整条款。,https://dmvb.hnu.edu.cn/info/1012/2232.htm,2026-10-08,未核清/有缺口,剔除,已剔除·范围不符
M030,知识产权,公开资料未载明｜已取得公开资料未载明知识产权的完整条款。,https://dmvb.hnu.edu.cn/info/1012/2232.htm,2026-10-08,未核清/有缺口,剔除,已剔除·范围不符
M030,材料及提交方式,"官方明确｜（1）申请人须认真填写《整车先进设计制造技术全国重点实验室开放基金申请书》一式两份（原件），由所在单位签署审查意见并盖章后，邮寄到实验室行政办公室。
邮箱：xuwei2022130@hnu.edu.cn",https://dmvb.hnu.edu.cn/info/1012/2232.htm,2026-10-08,已复读已取得证据,剔除,已剔除·范围不符
M052,实际任务筛选,保留｜机器人视觉相关计算与随机数学方法,https://lcsm.hunnu.edu.cn/info/1422/5435.htm,2026-10-08,已复读已取得证据,保留,已截止
M052,正式公告/指南,正式开放课题公告｜已复读原官方公告；附件缺口见条款列,https://lcsm.hunnu.edu.cn/info/1422/5435.htm,2026-10-08,已复读已取得证据,保留,已截止
M052,截止日期,2025-11-21；北京时间时点：未公开/未取得,https://lcsm.hunnu.edu.cn/info/1422/5435.htm,2026-10-08,未核清/有缺口,保留,已截止
M052,资助金额,1—2万元,https://lcsm.hunnu.edu.cn/info/1422/5435.htm,2026-10-08,已复读已取得证据,保留,已截止
M052,申请资格,官方明确｜1、申请者应具有博士学位或者副教授（含）以上职称。,"https://lcsm.hunnu.edu.cn/info/1422/5435.htm
https://lcsm.hunnu.edu.cn/system/_content/download.jsp?urltype=news.DownloadAttachUrl&owner=1425902628&wbfileid=15496650",2026-10-08,已复读已取得证据,保留,已截止
M052,合作及访问,官方明确｜3、申请者应与本实验室研究人员开展合作研究，建议研究小组中至少含一名本实验室研究人员。,https://lcsm.hunnu.edu.cn/system/_content/download.jsp?urltype=news.DownloadAttachUrl&owner=1425902628&wbfileid=15496650,2026-10-08,已复读已取得证据,保留,已截止
M052,经费使用及外拨,官方明确｜7、每个开放课题资助金额为1-2万元/项，开放课题经费不能外拨。,https://lcsm.hunnu.edu.cn/system/_content/download.jsp?urltype=news.DownloadAttachUrl&owner=1425902628&wbfileid=15496650,2026-10-08,已复读已取得证据,保留,已截止
M052,研究周期,"官方明确｜4、课题申报起止时间：即日起至2025年11月21日止，电子版截止时间为2025年11月21日晚上24点整，纸质版截止时间以邮件寄出时间为准，逾期提交的申请材料将不予受理。
2、项目周期一般为2年，2026年度开放课题研究期限为2026年1月1日-2027年12月31日。
开放课题负责人在本实验室工作时间需在所批准的课题的研究期限内，期满后经重新申请并得到批准后，可以延长研究时间。","https://lcsm.hunnu.edu.cn/system/_content/download.jsp?urltype=news.DownloadAttachUrl&owner=1425902628&wbfileid=15496650
https://lcsm.hunnu.edu.cn/system/_content/download.jsp?urltype=news.DownloadAttachUrl&owner=1425902628&wbfileid=15496651",2026-10-08,已复读已取得证据,保留,已截止
M052,成果数量及署名,"官方明确｜3、承担开放课题的负责人应在课题结束后二个月内提交结题报告，以及署名计算与随机数学教育部重点实验室的学术论文或相关成果。
1、凡实验室开放课题基金资助的课题，其成果由课题负责人所在单位、“计算与随机数学”教育部重点实验室及其他资助单位共有。
2、实验室资助的课题，其发表论文和研究成果应署名本实验室。",https://lcsm.hunnu.edu.cn/system/_content/download.jsp?urltype=news.DownloadAttachUrl&owner=1425902628&wbfileid=15496650,2026-10-08,已复读已取得证据,保留,已截止
M052,知识产权,"官方明确｜四、研究成果的归属
1、凡实验室开放课题基金资助的课题，其成果由课题负责人所在单位、“计算与随机数学”教育部重点实验室及其他资助单位共有。","https://lcsm.hunnu.edu.cn/info/1422/5435.htm
https://lcsm.hunnu.edu.cn/system/_content/download.jsp?urltype=news.DownloadAttachUrl&owner=1425902628&wbfileid=15496650",2026-10-08,已复读已取得证据,保留,已截止
M052,材料及提交方式,"官方明确｜4、课题申报起止时间：即日起至2025年11月21日止，电子版截止时间为2025年11月21日晚上24点整，纸质版截止时间以邮件寄出时间为准，逾期提交的申请材料将不予受理。
5、申请材料：（1）申请书电子版请发送至：lcsm@hunnu.edu.cn；
（2）申请书纸质版请邮寄至以下地址：湖南省长沙市岳麓区麓山路36号湖南师范大学里仁楼
6、联系人：张墨力 0731-88872676
5、申请者须填写《湖南师范大学计算与随机数学教育部重点实验室开放课题申请书》，经所在单位主管领导同意并盖章后，向本实验室提交纸质申请书一份；
同时将电子版申请书（需有签名及加盖公章）发送至电子邮箱：lcsm@hunnu.edu.cn。
6、2026年度开放课题申请时间为即日起至2025年11月21日（电子版截止时间为2025年11月21日晚上24点整，纸质版截止时间以邮件寄出时间为准）。
邮箱：lcsm@hunnu.edu.cn
E-mail：lcsm@hunnu.edu.cn","https://lcsm.hunnu.edu.cn/info/1422/5435.htm
https://lcsm.hunnu.edu.cn/system/_content/download.jsp?urltype=news.DownloadAttachUrl&owner=1425902628&wbfileid=15496650",2026-10-08,已复读已取得证据,保留,已截止
M053,实际任务筛选,保留｜特种机器人多源感知、轨迹与动力学控制,https://jidian.lut.edu.cn/info/1924/18496.htm,2026-10-08,已复读已取得证据,保留,已截止
M053,正式公告/指南,正式开放课题公告｜已复读原官方公告；附件缺口见条款列,https://jidian.lut.edu.cn/info/1924/18496.htm,2026-10-08,已复读已取得证据,保留,已截止
M053,截止日期,2026-09-17；北京时间时点：未公开/未取得,https://jidian.lut.edu.cn/info/1924/18496.htm,2026-10-08,未核清/有缺口,保留,已截止
M053,资助金额,重点5万元；一般2万元,https://jidian.lut.edu.cn/info/1924/18496.htm,2026-10-08,已复读已取得证据,保留,已截止
M053,申请资格,"官方明确｜申请人原则上应具有博士学位或副高级及以上专业技术职称。
不具备上述条件者，须由两名具有正高级职称的同行专家书面推荐。
申请人作为课题负责人，凡有本实验室开放课题在研项目未结题者不得申报。
第三条 申请人基本条件 面向国内外高校、科研院所及企业从事成套装备设计、机器人技术、智能感知、故障诊断、可靠性工程等相关领域的科研人员。
原则上要求申请人具有博士学位或副高级及以上专业技术职称。
不具有上述条件的申请人，须由两名具有正高级职称的同行专家书面推荐。
申请人作为项目负责人，凡有本实验室开放课题在研项目未结题者不得申报。
本实验室固定人员不得作为项目负责人申请开放课题，但可作为项目组成员或实验室联系人参与。
劳务费（研究生、博士后、临时聘用人员的劳务报酬，不超过总经费的30%）；","https://jidian.lut.edu.cn/info/1924/18496.htm
https://jidian.lut.edu.cn/system/_content/download.jsp?urltype=news.DownloadAttachUrl&owner=1508201642&wbfileid=974DF0CD244A9CD468B3EA5A49DF1B18",2026-10-08,已复读已取得证据,保留,已截止
M053,合作及访问,"官方明确｜项目执行期内至少在实验室开展2次学术交流。
项目执行期内至少在实验室开展1次学术交流。
与实验室固定研究人员已有实质性合作基础的申请者；
本实验室固定人员不得作为项目负责人申请开放课题，但可作为项目组成员或实验室联系人参与。
联系人可列为项目成果的合作者（如论文共同作者、专利共同发明人），具体由双方协商确定。","https://jidian.lut.edu.cn/info/1924/18496.htm
https://jidian.lut.edu.cn/system/_content/download.jsp?urltype=news.DownloadAttachUrl&owner=1508201642&wbfileid=974DF0CD244A9CD468B3EA5A49DF1B18",2026-10-08,已复读已取得证据,保留,已截止
M053,经费使用及外拨,官方明确｜经费一次性拨至申请人所在单位，限科研业务费、交流费及劳务费（不超过30%）；不得购置大型仪器。,"https://jidian.lut.edu.cn/info/1924/18496.htm
https://jidian.lut.edu.cn/system/_content/download.jsp?urltype=news.DownloadAttachUrl&owner=1508201642&wbfileid=974DF0CD244A9CD468B3EA5A49DF1B18",2026-10-08,已复读已取得证据,保留,已截止
M053,研究周期,官方明确｜重点和一般课题均执行2年。,"https://jidian.lut.edu.cn/info/1924/18496.htm
https://jidian.lut.edu.cn/system/_content/download.jsp?urltype=news.DownloadAttachUrl&owner=1508201642&wbfileid=974DF0CD244A9CD468B3EA5A49DF1B18",2026-10-08,已复读已取得证据,保留,已截止
M053,成果数量及署名,官方明确｜重点：SCI/EI论文至少2篇，其中至少1篇一区或二区，至少到室交流2次；一般：SCI/EI论文至少1篇，至少到室交流1次。成果标实验室基金及编号；论文须含固定人员及实验室署名，可为第二或合作单位。发表或授权后15日内备案，否则不计。结束后1个月内交结题报告和成果证明，具体按管理办法。,"https://jidian.lut.edu.cn/info/1924/18496.htm
https://jidian.lut.edu.cn/system/_content/download.jsp?urltype=news.DownloadAttachUrl&owner=1508201642&wbfileid=974DF0CD244A9CD468B3EA5A49DF1B18",2026-10-08,已复读已取得证据,保留,已截止
M053,知识产权,"官方明确｜课题负责人须在成果发表或授权后15天内将相关证明材料提交实验室归档。
第十九条 成果归属
由开放课题资助取得的研究成果（包括论文、专利、软件著作权、技术报告、样品样机等），归实验室与项目负责人所在单位共同所有。
项目负责人须在成果发表或授权后15天内将相关证明材料提交实验室归档。",https://jidian.lut.edu.cn/system/_content/download.jsp?urltype=news.DownloadAttachUrl&owner=1508201642&wbfileid=974DF0CD244A9CD468B3EA5A49DF1B18,2026-10-08,已复读已取得证据,保留,已截止
M053,材料及提交方式,"官方明确｜每项开放课题须指定1名本实验室固定研究人员作为实验室联系人（由申请人自行联系或委托实验室推荐），联系人协助进度跟踪及实验资源协调。
材料填报：申请人填写《成套装备智能化集成技术教育部重点实验室开放课题申请书》（模板见附件），经所在单位签署意见并盖章后，提交电子版（PDF）及纸质版（一式三份）。
2026年9月17日（以电子版发送时间为准）
电子邮箱：20200095@lut.edu.cn，studyluolan@163.com
申请人须填写《开放课题项目申请书》（模板由实验室统一制定），经所在单位盖章后，将电子版（PDF）发送至实验室指定邮箱，同时寄送纸质版（一式三份）。
本实验室固定人员不得作为项目负责人申请开放课题，但可作为项目组成员或实验室联系人参与。
第六章 实验室联系人制度
第十三条 实验室联系人职责
每个开放课题项目须指定1名实验室固定研究人员作为联系人，其职责包括： 参与或协助项目研究；
第十四条 联系人权益
联系人可列为项目成果的合作者（如论文共同作者、专利共同发明人），具体由双方协商确定。
联系人在同等条件下优先使用实验室公共实验平台。
项目负责人接到立项通知后15个工作日内，须填写《开放课题项目任务书》，经本人签字、依托单位盖章后提交实验室。","https://jidian.lut.edu.cn/info/1924/18496.htm
https://jidian.lut.edu.cn/system/_content/download.jsp?urltype=news.DownloadAttachUrl&owner=1508201642&wbfileid=974DF0CD244A9CD468B3EA5A49DF1B18",2026-10-08,已复读已取得证据,保留,已截止
M099,实际任务筛选,剔除｜指南实际为虚拟细胞、组学、疾病诊疗与医疗智能体；未列物理机器人任务。,https://inst.xmu.edu.cn/smrc/zh_CN/article/1158484/content/2008.htm,2026-10-08,已复读已取得证据,剔除,已剔除·范围不符
M099,正式公告/指南,正式开放课题公告｜已复读原官方公告；附件缺口见条款列,https://inst.xmu.edu.cn/smrc/zh_CN/article/1158484/content/2008.htm,2026-10-08,已复读已取得证据,剔除,已剔除·范围不符
M099,截止日期,2026-06-30；北京时间时点：未公开/未取得,https://inst.xmu.edu.cn/smrc/zh_CN/article/1158484/content/2008.htm,2026-10-08,未核清/有缺口,剔除,已剔除·范围不符
M099,资助金额,8—18万元,https://inst.xmu.edu.cn/smrc/zh_CN/article/1158484/content/2008.htm,2026-10-08,已复读已取得证据,剔除,已剔除·范围不符
M099,申请资格,"官方明确｜申请人需认真对照研究方向内容及相关要求提交申请材料。
2026年度中心开放课题拟资助课题数为8项，根据申请人提交的研究方案优选4~5个课题资助，资助额度为8-18万元/项，中心所资助的课题，结题时须满足以下要求，方可验收通过。
已获得资助且未结题者不得申报。
申请人应具备以下条件： 1. 具有良好的职业道德和学术操守；
2. 中级职称以上（含中级职称）的国内教学科研人员、博士后研究人员、在读博士研究生以及在生产应用部门的科技工作者；
5. 不具备中级专业技术职称的申请人，必须提供至少两名具有高级专业技术职称同行专家的推荐意见。","https://inst.xmu.edu.cn/smrc/zh_CN/article/1158484/content/2008.htm
https://inst.xmu.edu.cn/system/resource/tsites/download.jsp?ap=jswzfj&fl=M3Q7BrVN7n6j&uid=45702&fid=10CB86E5F7AC4547B8B072565F4A7BAD",2026-10-08,已复读已取得证据,剔除,已剔除·范围不符
M099,合作及访问,官方明确｜获得资助的开放课题负责人需定期参与中心组织的课题交流汇报，并于课题立项当年的12月10日前报送课题第一阶段报告，于次年的6月10日前报送课题中期报告。,"https://inst.xmu.edu.cn/smrc/zh_CN/article/1158484/content/2008.htm
https://inst.xmu.edu.cn/system/resource/tsites/download.jsp?ap=jswzfj&fl=M3Q7BrVN7n6j&uid=45702&fid=10CB86E5F7AC4547B8B072565F4A7BAD",2026-10-08,已复读已取得证据,剔除,已剔除·范围不符
M099,经费使用及外拨,"官方明确｜为贯彻落实厦门大学信息学院超智医疗创新研究中心“开放、联合、竞争”的方针，加强学术交流与合作，推动人工智能与医学研究深度融合，促进医工交叉协同创新，依据《厦门大学信息学院超智医疗创新研究中心经费管理办法（试行）》，厦门大学信息学院超智医疗创新研究中心（以下简称“中心”）设立2026年度开放课题，向国内广大科技工作者发布，并为相关科学研究提供资助。
2. 课题结束后，中心组织专家对课题完成情况、经费使用情况进行验收并评议，课题负责人须到现场陈述并答辩。","https://inst.xmu.edu.cn/smrc/zh_CN/article/1158484/content/2008.htm
https://inst.xmu.edu.cn/system/resource/tsites/download.jsp?ap=jswzfj&fl=M3Q7BrVN7n6j&uid=45702&fid=10CB86E5F7AC4547B8B072565F4A7BAD",2026-10-08,已复读已取得证据,剔除,已剔除·范围不符
M099,研究周期,公开资料未载明｜已取得公开资料未载明研究周期的完整条款。,"https://inst.xmu.edu.cn/smrc/zh_CN/article/1158484/content/2008.htm
https://inst.xmu.edu.cn/system/resource/tsites/download.jsp?ap=jswzfj&fl=M3Q7BrVN7n6j&uid=45702&fid=10CB86E5F7AC4547B8B072565F4A7BAD",2026-10-08,未核清/有缺口,剔除,已剔除·范围不符
M099,成果数量及署名,"官方明确｜2026年度中心开放课题拟资助课题数为8项，根据申请人提交的研究方案优选4~5个课题资助，资助额度为8-18万元/项，中心所资助的课题，结题时须满足以下要求，方可验收通过。
1.开放课题需按指南方向的考核指标要求提交成果，形成的有关论文、著作、报告、专利等成果，在列出作者所在单位的同时，需署名厦门大学信息学院超智医疗创新研究中心（英文：Super Intelligent Medical Innovation Research Center, School of Informatics, Xiamen University）为完成单位之一，或注明项目资助。
2.提交的课题成果中至少包含下列1~2项成果，具体要求如下： （1）期刊论文指中文核心（含）以上期刊或CCF A期刊或JCR一区（影响因子大于等于5）（含）以上期刊，成果结题时必须提供已发表的论文/录用证明。
（1）期刊论文指中文核心（含）以上期刊或CCF A期刊或JCR一区（影响因子大于等于5）（含）以上期刊，成果结题时必须提供已发表的论文/录用证明。
（2）会议论文指CCF A类会议论文，成果结题时必须提供已发表的论文/录用证明。
（4）数据类成果主要指制图产品、数据集、数据库等，须提供知识产权归中心所有的授权书或承诺书。
1. 资助课题结题当年的6月下旬，中心将通知课题负责人按要求提交如下结题材料:
（4）已发表及已正式录用的符合中心署名要求的专利、学术论文、学术专著等；
2. 课题结束后，中心组织专家对课题完成情况、经费使用情况进行验收并评议，课题负责人须到现场陈述并答辩。
3. 针对无故拖延完成期限、提交成果不满足合同要求的，直接判定为不通过。
申请书不得涉及国家秘密，开放课题不得剽窃他人科学研究成果或者在科学研究中有弄虚作假等行为，一经发现，中心将作出终止基金资助项目实施的决定，并将有关情况通报至项目负责人所在单位。
具体目标：围绕数字健康干预工具（Digital Health Intervention, DHI）的评价与效能优化需求，整合应用市场架构元数据、软件功能特征谱系、非结构化用户评论文本及领域专家德尔菲判据等多源异质数据，从供给-需求耦合的整合性视角，建构兼具理论饱和度与市场区分度的 DHI 综合评价指标体系，并以睡眠健康管理类移动应用作为典型范例开展中美市场比较研究。
3. 预期成果：说明预期形成的模型、平台、论文、专利、案例报告或其他代表性成果；","https://inst.xmu.edu.cn/smrc/zh_CN/article/1158484/content/2008.htm
https://inst.xmu.edu.cn/system/resource/tsites/download.jsp?ap=jswzfj&fl=M3Q7BrVN7n6j&uid=45702&fid=10CB86E5F7AC4547B8B072565F4A7BAD",2026-10-08,已复读已取得证据,剔除,已剔除·范围不符
M099,知识产权,官方明确｜（4）数据类成果主要指制图产品、数据集、数据库等，须提供知识产权归中心所有的授权书或承诺书。,"https://inst.xmu.edu.cn/smrc/zh_CN/article/1158484/content/2008.htm
https://inst.xmu.edu.cn/system/resource/tsites/download.jsp?ap=jswzfj&fl=M3Q7BrVN7n6j&uid=45702&fid=10CB86E5F7AC4547B8B072565F4A7BAD",2026-10-08,已复读已取得证据,剔除,已剔除·范围不符
M099,材料及提交方式,官方明确｜申请人应在截止日期前将申请书及相关材料（申请人及课题组成员签名，依托单位签字盖章）以电子文档（word和pdf格式各一份）发送到以下邮箱：xlwang@xmu.edu.cn。,"https://inst.xmu.edu.cn/smrc/zh_CN/article/1158484/content/2008.htm
https://inst.xmu.edu.cn/system/resource/tsites/download.jsp?ap=jswzfj&fl=M3Q7BrVN7n6j&uid=45702&fid=10CB86E5F7AC4547B8B072565F4A7BAD",2026-10-08,已复读已取得证据,剔除,已剔除·范围不符
M087,实际任务筛选,待核｜数据科学、机器视觉和智能决策未明确机器人验证对象；须核实原指南具体任务。,https://www.fzfu.com/bigdata/info/1171/4977.htm,2026-10-08,未核清/有缺口,待核,方向待核·已截止
M087,正式公告/指南,正式开放课题公告｜已复读原官方公告；附件缺口见条款列,https://www.fzfu.com/bigdata/info/1171/4977.htm,2026-10-08,已复读已取得证据,待核,方向待核·已截止
M087,截止日期,2026-05-25；北京时间时点：未公开/未取得,https://www.fzfu.com/bigdata/info/1171/4977.htm,2026-10-08,未核清/有缺口,待核,方向待核·已截止
M087,资助金额,0.5—2万元,https://www.fzfu.com/bigdata/info/1171/4977.htm,2026-10-08,已复读已取得证据,待核,方向待核·已截止
M087,申请资格,"官方明确｜申请人须按本指南要求，如实填写《福州外语外贸学院数据科学与智能计算重点实验室开放课题申请书》（见附件），一式三份，A4纸双面打印，经所在单位主管部门审核同意并加盖公章后，寄送至本重点实验室。
申请人原则上应具有中级及以上专业技术职称，或已获得硕士及以上学位并在高等院校、科研机构从事科研、教学或技术工作。",https://www.fzfu.com/bigdata/info/1171/4977.htm,2026-10-08,已复读已取得证据,待核,方向待核·已截止
M087,合作及访问,"官方明确｜外单位合作者可按福州外语外贸学院相关经费管理规定执行报账支出。
重点实验室也欢迎研究人员自带课题与经费，利用本实验室仪器设备开展研究或进行科研合作。",https://www.fzfu.com/bigdata/info/1171/4977.htm,2026-10-08,已复读已取得证据,待核,方向待核·已截止
M087,经费使用及外拨,已核条款（仍有缺口）｜经费原则上限福州外语外贸学院财务制度范围使用；外单位合作者按该校规定报账；24个月后结余收回。公开指南未明确外拨。,https://www.fzfu.com/bigdata/info/1171/4977.htm,2026-10-08,未核清/有缺口,待核,方向待核·已截止
M087,研究周期,官方明确｜开放课题研究周期一般不超过两年。,https://www.fzfu.com/bigdata/info/1171/4977.htm,2026-10-08,已复读已取得证据,待核,方向待核·已截止
M087,成果数量及署名,"官方明确｜开放课题成果由重点实验室与课题负责人所在单位共享。
每项课题应在核心或以上级别学术刊物发表论文至少1篇，或获得授权发明专利1项。
所有成果发表或申报时，须以第一署名单位标注“福州外语外贸学院数据科学与智能计算重点实验室”（Key Laboratory of Data Science and Intelligent Computing,Fuzhou University of International Studies and Trade）。
成果鉴定、报奖、专利申请及经济效益转化等应及时告知重点实验室，并报送相应材料备存。",https://www.fzfu.com/bigdata/info/1171/4977.htm,2026-10-08,已复读已取得证据,待核,方向待核·已截止
M087,知识产权,官方明确｜开放课题成果由重点实验室与课题负责人所在单位共享。,https://www.fzfu.com/bigdata/info/1171/4977.htm,2026-10-08,已复读已取得证据,待核,方向待核·已截止
M087,材料及提交方式,"官方明确｜申请人须按本指南要求，如实填写《福州外语外贸学院数据科学与智能计算重点实验室开放课题申请书》（见附件），一式三份，A4纸双面打印，经所在单位主管部门审核同意并加盖公章后，寄送至本重点实验室。
电子版申请书（含盖章页扫描件）请同步发送至指定邮箱。
电子邮箱：2636672386@qq.com",https://www.fzfu.com/bigdata/info/1171/4977.htm,2026-10-08,已复读已取得证据,待核,方向待核·已截止
M088,实际任务筛选,待核｜信息处理与智能控制公告缺少已核实的机器人具体任务；须核实完整附件。,https://www.mju.edu.cn/imlab/2026/0724/c2194a223109/page.htm,2026-10-08,未核清/有缺口,待核,方向待核·已截止
M088,正式公告/指南,正式开放课题公告｜已复读原官方公告；附件缺口见条款列,https://www.mju.edu.cn/imlab/2026/0724/c2194a223109/page.htm,2026-10-08,已复读已取得证据,待核,方向待核·已截止
M088,截止日期,2026-08-15；北京时间时点：未公开/未取得,https://www.mju.edu.cn/imlab/2026/0724/c2194a223109/page.htm,2026-10-08,未核清/有缺口,待核,方向待核·已截止
M088,资助金额,此次开放基金拟资助5项课题，1万元,https://www.mju.edu.cn/imlab/2026/0724/c2194a223109/page.htm,2026-10-08,已复读已取得证据,待核,方向待核·已截止
M088,申请资格,资料未取得｜申请资格；相关指南/管理资料访问受限或未取得。,https://www.mju.edu.cn/imlab/2026/0724/c2194a223109/page.htm,2026-10-08,未核清/有缺口,待核,方向待核·已截止
M088,合作及访问,官方明确｜为更好地贯彻重点实验室“开放、流动、联合、竞争”的运行机制，促进重点实验室的基础研究、技术创新和人才培养工作，充分发挥实验室工作条件，开展高层次、高水平的理论和技术创新，取得高水平的创新成果，促进实验室的对外开放与交流，提升重点实验室学术水平，现实验室面向国内高校和科研院所发布2026年度开放基金申请指南，资助科研工作者参与实验室的研究工作。,https://www.mju.edu.cn/imlab/2026/0724/c2194a223109/page.htm,2026-10-08,已复读已取得证据,待核,方向待核·已截止
M088,经费使用及外拨,资料未取得｜经费使用及外拨；相关指南/管理资料访问受限或未取得。,https://www.mju.edu.cn/imlab/2026/0724/c2194a223109/page.htm,2026-10-08,未核清/有缺口,待核,方向待核·已截止
M088,研究周期,资料未取得｜研究周期；相关指南/管理资料访问受限或未取得。,https://www.mju.edu.cn/imlab/2026/0724/c2194a223109/page.htm,2026-10-08,未核清/有缺口,待核,方向待核·已截止
M088,成果数量及署名,资料未取得｜成果数量及署名；相关指南/管理资料访问受限或未取得。,https://www.mju.edu.cn/imlab/2026/0724/c2194a223109/page.htm,2026-10-08,未核清/有缺口,待核,方向待核·已截止
M088,知识产权,资料未取得｜知识产权；相关指南/管理资料访问受限或未取得。,https://www.mju.edu.cn/imlab/2026/0724/c2194a223109/page.htm,2026-10-08,未核清/有缺口,待核,方向待核·已截止
M088,材料及提交方式,资料未取得｜材料及提交方式；相关指南/管理资料访问受限或未取得。,https://www.mju.edu.cn/imlab/2026/0724/c2194a223109/page.htm,2026-10-08,未核清/有缺口,待核,方向待核·已截止
M120,实际任务筛选,保留｜重载机器人减速器、直驱电机及关键部件,https://www.midea.com.cn/zh/about-midea/news/0326,2026-10-08,已复读已取得证据,保留,已截止
M120,正式公告/指南,正式开放课题公告｜已复读原官方公告；附件缺口见条款列,https://www.midea.com.cn/zh/about-midea/news/0326,2026-10-08,已复读已取得证据,保留,已截止
M120,截止日期,2025-02-28；北京时间时点：未公开/未取得,https://www.midea.com.cn/zh/about-midea/news/0326,2026-10-08,未核清/有缺口,保留,已截止
M120,资助金额,待核,https://www.midea.com.cn/zh/about-midea/news/0326,2026-10-08,未核清/有缺口,保留,已截止
M120,申请资格,公开资料未载明｜已取得公开资料未载明申请资格的完整条款。,https://www.midea.com.cn/zh/about-midea/news/0326,2026-10-08,未核清/有缺口,保留,已截止
M120,合作及访问,官方明确｜为贯彻全国重点实验室“开放、流动、联合、竞争”的方针，支持科技工作者开展我国重载机器人技术的研究工作，本实验室特设立开放课题研究基金，鼓励本领域的科技人员开展研究工作。,https://www.midea.com.cn/zh/about-midea/news/0326,2026-10-08,已复读已取得证据,保留,已截止
M120,经费使用及外拨,公开资料未载明｜已取得公开资料未载明经费使用及外拨的完整条款。,https://www.midea.com.cn/zh/about-midea/news/0326,2026-10-08,未核清/有缺口,保留,已截止
M120,研究周期,公开资料未载明｜已取得公开资料未载明研究周期的完整条款。,https://www.midea.com.cn/zh/about-midea/news/0326,2026-10-08,未核清/有缺口,保留,已截止
M120,成果数量及署名,公开资料未载明｜已取得公开资料未载明成果数量及署名的完整条款。,https://www.midea.com.cn/zh/about-midea/news/0326,2026-10-08,未核清/有缺口,保留,已截止
M120,知识产权,公开资料未载明｜已取得公开资料未载明知识产权的完整条款。,https://www.midea.com.cn/zh/about-midea/news/0326,2026-10-08,未核清/有缺口,保留,已截止
M120,材料及提交方式,"官方明确｜2025年2月28日 申报截止，请申报者在此时间之前将电子盖章版申请书和电子版原版申请书发送到如下联系人邮箱
Email：operation.hhr@midea.com",https://www.midea.com.cn/zh/about-midea/news/0326,2026-10-08,已复读已取得证据,保留,已截止
M186,实际任务筛选,保留｜穿戴、工业、软体及康复机器人,https://znfs.siat.ac.cn/index.php?category_id=0&id=280&r=page%2Fshow&type=5,2026-10-08,已复读已取得证据,保留,已截止
M186,正式公告/指南,正式开放课题公告｜已复读原官方公告；附件缺口见条款列,https://znfs.siat.ac.cn/index.php?category_id=0&id=280&r=page%2Fshow&type=5,2026-10-08,已复读已取得证据,保留,已截止
M186,截止日期,2023-10-15；北京时间时点：未公开/未取得,https://znfs.siat.ac.cn/index.php?category_id=0&id=280&r=page%2Fshow&type=5,2026-10-08,未核清/有缺口,保留,已截止
M186,资助金额,5—10万元,https://znfs.siat.ac.cn/index.php?category_id=0&id=280&r=page%2Fshow&type=5,2026-10-08,已复读已取得证据,保留,已截止
M186,申请资格,"官方明确｜1、重点实验室开放课题面向国内外科研机构和高等院校开放，凡具有中级技术职称或博士学位，年龄原则上不超过60周岁，研究方向与本重点实验室一致的研究人员均可申请开放课题。
1、申请者请下载《开放课题基金申请书》（见附件）按要求填写相关信息。
2、申请者需准备好身份及职称证明材料、专家推荐意见书（可选）。
3、申请者自行选择的合作对象需准备近三年的研究成果及相关单位责任人意见书。",https://znfs.siat.ac.cn/index.php?category_id=0&id=280&r=page%2Fshow&type=5,2026-10-08,已复读已取得证据,保留,已截止
M186,合作及访问,"官方明确｜为推动和扩大重点实验室与国内外科研机构的学术交流与合作，增加重点实验室科学研究的开放度，提高重点实验室的科研水平，结合本实验室实际特设立以下开放课题基金题目方向：
2、申请的开放课题应符合本申请指南所列的题目方向，优先资助与本重点实验室固定研究人员合作申请的开放课题。
3、开放课题合作对象可由本重点实验室指定，申请者亦可自行选择合作对象，申请者自行选择的合作对象需经本重点实验室审核。",https://znfs.siat.ac.cn/index.php?category_id=0&id=280&r=page%2Fshow&type=5,2026-10-08,已复读已取得证据,保留,已截止
M186,经费使用及外拨,官方明确｜1、开放课题基金一般为5-10万元，一次性拨付，研究期限为1-2年；,https://znfs.siat.ac.cn/index.php?category_id=0&id=280&r=page%2Fshow&type=5,2026-10-08,已复读已取得证据,保留,已截止
M186,研究周期,官方明确｜1、开放课题基金一般为5-10万元，一次性拨付，研究期限为1-2年；,https://znfs.siat.ac.cn/index.php?category_id=0&id=280&r=page%2Fshow&type=5,2026-10-08,已复读已取得证据,保留,已截止
M186,成果数量及署名,"官方明确｜2、研究工作结束后三个月内，开放课题负责人应向本重点实验室书面报告工作总结，与开放课题相关的论文发表后应向本重点实验室寄交论文的电子档。
3、获批的开放课题的研究成果为研究者所在单位和本重点实验室共有，发表的论文或研究成果署名/致谢必须包括本重点实验室，详见《管理办法》。
3、申请者自行选择的合作对象需准备近三年的研究成果及相关单位责任人意见书。",https://znfs.siat.ac.cn/index.php?category_id=0&id=280&r=page%2Fshow&type=5,2026-10-08,已复读已取得证据,保留,已截止
M186,知识产权,官方明确｜3、获批的开放课题的研究成果为研究者所在单位和本重点实验室共有，发表的论文或研究成果署名/致谢必须包括本重点实验室，详见《管理办法》。,https://znfs.siat.ac.cn/index.php?category_id=0&id=280&r=page%2Fshow&type=5,2026-10-08,已复读已取得证据,保留,已截止
M186,材料及提交方式,"官方明确｜申请书经所在单位负责人同意并签署意见后一式三份和其它相关证明一起报送，同时提交与纸质申请书一致的电子版申请书，请自行留底，申请后实验室概不退还。
联系人：陈春杰 电话：0755-86392143 E-mail:cj.chen@siat.ac.cn",https://znfs.siat.ac.cn/index.php?category_id=0&id=280&r=page%2Fshow&type=5,2026-10-08,已复读已取得证据,保留,已截止
M020,实际任务筛选,待核｜医学成像技术与系统公告没有明确机器人任务；须核实机器人图像引导或装备控制的具体方向。,https://medimaging.siat.ac.cn/cxqjzx/2026-02/13/article_2026021316251621975.html,2026-10-08,未核清/有缺口,待核,方向待核·已截止
M020,正式公告/指南,正式开放课题公告｜已复读原官方公告；附件缺口见条款列,https://medimaging.siat.ac.cn/cxqjzx/2026-02/13/article_2026021316251621975.html,2026-10-08,已复读已取得证据,待核,方向待核·已截止
M020,截止日期,2026-03-15；北京时间时点：未公开/未取得,https://medimaging.siat.ac.cn/cxqjzx/2026-02/13/article_2026021316251621975.html,2026-10-08,未核清/有缺口,待核,方向待核·已截止
M020,资助金额,一般10万元/项；企业≤100万元/项,https://medimaging.siat.ac.cn/cxqjzx/2026-02/13/article_2026021316251621975.html,2026-10-08,已复读已取得证据,待核,方向待核·已截止
M020,申请资格,"官方明确｜2026指南：实验室外博士或副高级及以上；
本实验室人员不申请；
同一申请人只能承担1项；
既往未按期结题者不受理。
通用办法另写副高以下须2名高级职称专家推荐，应与实验室确认博士但无副高者是否需推荐。",https://medimaging.siat.ac.cn/cxqjzx/2026-02/13/article_2026021316251621975.html,2026-10-08,已复读已取得证据,待核,方向待核·已截止
M020,合作及访问,"官方明确｜必须与实验室固定成员合作；
未填写合作者由实验室指定。",https://medimaging.siat.ac.cn/cxqjzx/2026-02/13/article_2026021316251621975.html,2026-10-08,已复读已取得证据,待核,方向待核·已截止
M020,经费使用及外拨,"已核条款（仍有缺口）｜通用办法：第一年拨付50%，中期通过再拨50%；
当年须完成支出额度，结余没收。
允许仪器使用、材料加工、差旅住宿、发表及学术活动费用；
未明确是否外拨，须确认。",https://medimaging.siat.ac.cn/cxqjzx/2026-02/13/article_2026021316251621975.html,2026-10-08,未核清/有缺口,待核,方向待核·已截止
M020,研究周期,官方明确｜一般、企业课题均2年。,https://medimaging.siat.ac.cn/cxqjzx/2026-02/13/article_2026021316251621975.html,2026-10-08,已复读已取得证据,待核,方向待核·已截止
M020,成果数量及署名,"已核条款（仍有缺口）｜年度进展、结题报告及成果文件；
考核指标以任务书为准，指南未公布统一论文数量。
论文须署名医学成像科学与技术系统全国重点实验室。",https://medimaging.siat.ac.cn/cxqjzx/2026-02/13/article_2026021316251621975.html,2026-10-08,未核清/有缺口,待核,方向待核·已截止
M020,知识产权,官方明确｜基金成果由实验室与申请人原单位共同所有。,https://medimaging.siat.ac.cn/cxqjzx/2026-02/13/article_2026021316251621975.html,2026-10-08,已复读已取得证据,待核,方向待核·已截止
M020,材料及提交方式,官方明确｜2026-03-15前，将单位盖章申请材料电子版发送guozhong_lab@siat.ac.cn。,https://medimaging.siat.ac.cn/cxqjzx/2026-02/13/article_2026021316251621975.html,2026-10-08,已复读已取得证据,待核,方向待核·已截止
M108,实际任务筛选,保留｜机器人运动控制、柔性操作及现代自动化装备,https://intelligence.hitsz.edu.cn/currency.jsp?urltype=news.NewsContentUrl&wbnewsid=1661&wbtreeid=1259,2026-10-08,已复读已取得证据,保留,已截止
M108,正式公告/指南,正式开放课题公告｜已复读原官方公告；附件缺口见条款列,https://intelligence.hitsz.edu.cn/currency.jsp?urltype=news.NewsContentUrl&wbnewsid=1661&wbtreeid=1259,2026-10-08,已复读已取得证据,保留,已截止
M108,截止日期,2026-01-05；北京时间时点：未公开/未取得,https://intelligence.hitsz.edu.cn/currency.jsp?urltype=news.NewsContentUrl&wbnewsid=1661&wbtreeid=1259,2026-10-08,未核清/有缺口,保留,已截止
M108,资助金额,5—10万元,https://intelligence.hitsz.edu.cn/currency.jsp?urltype=news.NewsContentUrl&wbnewsid=1661&wbtreeid=1259,2026-10-08,已复读已取得证据,保留,已截止
M108,申请资格,"官方明确｜1．凡具有中级专业技术职称或已取得博士学位，从事运动控制技术与系统方面的研究人员均可申请本开放基金，优先支持40岁以下的青年学者；
申请人资格：具有博士学位或中级及以上职称的科研人员；
每位申请人限报1项，已承担本实验室开放课题未结题者不得申报。",https://intelligence.hitsz.edu.cn/currency.jsp?urltype=news.NewsContentUrl&wbnewsid=1661&wbtreeid=1259,2026-10-08,已复读已取得证据,保留,已截止
M108,合作及访问,"官方明确｜3．实验室开放课题实行合作制，凡在重点实验室申请的开放课题，需有1名实验室固定人员作为合作者，合作者的研究方向与开放课题相近。
为促进学术交流与合作，本实验室设立开放课题基金，面向国内外高等院校、科研机构及企业研发团队，支持创新性基础研究和应用基础研究，推动运动控制技术与自动化装备的跨学科融合发展。",https://intelligence.hitsz.edu.cn/currency.jsp?urltype=news.NewsContentUrl&wbnewsid=1661&wbtreeid=1259,2026-10-08,已复读已取得证据,保留,已截止
M108,经费使用及外拨,"官方明确｜开放课题经费严格按《先进运动控制技术与现代自动化装备重点实验室专项经费管理办法》执行，主要用于材料费、测试费、差旅费等；
报销范围、规则按哈尔滨工业大学（深圳）财务规定执行。",https://intelligence.hitsz.edu.cn/currency.jsp?urltype=news.NewsContentUrl&wbnewsid=1661&wbtreeid=1259,2026-10-08,已复读已取得证据,保留,已截止
M108,研究周期,官方明确｜2．研究周期：2026年1月1日-2027年12月31日。,https://intelligence.hitsz.edu.cn/currency.jsp?urltype=news.NewsContentUrl&wbnewsid=1661&wbtreeid=1259,2026-10-08,已复读已取得证据,保留,已截止
M108,成果数量及署名,"官方明确｜课题负责人在完成其研究课题期间发表的学术成果（包括学术论文、成果鉴定证书、科技奖项等），应署上实验室名称“先进运动控制技术与现代自动化装备重点实验室”（英文：“Shenzhen Key Lab for Advanced Motion Control and Modern Automation Equipments”）。
（1）在论文作者单位的位置上应标注实验室名称(不限完成单位排序)。
八、过程管理及结题要求 1．执行期的第一年底需提交年度进展报告；
包括但不限于：验收报告、技术报告、财务报告（预算执行情况），相关的软件、硬件及设计图纸等，课题发表的论文首页、专利复印件、获奖复印件和专著复印件等成果。",https://intelligence.hitsz.edu.cn/currency.jsp?urltype=news.NewsContentUrl&wbnewsid=1661&wbtreeid=1259,2026-10-08,已复读已取得证据,保留,已截止
M108,知识产权,公开资料未载明｜已取得公开资料未载明知识产权的完整条款。,https://intelligence.hitsz.edu.cn/currency.jsp?urltype=news.NewsContentUrl&wbnewsid=1661&wbtreeid=1259,2026-10-08,未核清/有缺口,保留,已截止
M108,材料及提交方式,"官方明确｜2．申请者发送带有签字和所在二级单位盖章的完整版申请书扫描件至实验室邮箱zhangjinmin@hit.edu.cn，邮件以“所在单位+姓名”命名。
E-mail：zhangjinmin@hit.edu.cn",https://intelligence.hitsz.edu.cn/currency.jsp?urltype=news.NewsContentUrl&wbnewsid=1661&wbtreeid=1259,2026-10-08,已复读已取得证据,保留,已截止
M096,实际任务筛选,剔除｜本批任务为脂肪肝及心脏超声临床技术与验证；未列超声机器人任务。,https://www.nmed.org.cn/Content/xwzx/gg/2026-04/147314_1.html,2026-10-08,已复读已取得证据,剔除,已剔除·范围不符
M096,正式公告/指南,正式开放课题公告｜已复读原官方公告；附件缺口见条款列,https://www.nmed.org.cn/Content/xwzx/gg/2026-04/147314_1.html,2026-10-08,已复读已取得证据,剔除,已剔除·范围不符
M096,截止日期,2026-05-17；北京时间时点：未公开/未取得,https://www.nmed.org.cn/Content/xwzx/gg/2026-04/147314_1.html,2026-10-08,未核清/有缺口,剔除,已剔除·范围不符
M096,资助金额,具体课题上限5、10或20万元,https://www.nmed.org.cn/Content/xwzx/gg/2026-04/147314_1.html,2026-10-08,已复读已取得证据,剔除,已剔除·范围不符
M096,申请资格,"官方明确｜（一）申请人需为具有博士学位或副高以上技术职称的海内外学者，尤其鼓励临床医学的优秀学者申报。
（三）申请人所在单位对申请人的能力、水平以及申请的内容进行审查，提出推荐意见，承诺对申请人的时间和条件给予支持与保证，并加盖单位公章；
（三）提供项目申请人资格证明（学历学位证书、职称证书、发表论文首页）、查新报告、检测报告、获奖证书、国家省市立项计划文件等证明材料复印件；
具有博士学位或副高及以上技术职称的国内外临床、科研人员，均可在《指南》范围内提出资助申请。
对于申请人不具备申请条件、研究主题不符合资助范围、立论依据不充分或技术路线不清晰以及申请手续不完备的课题，将不提交通讯评审。","https://www.nmed.org.cn/Content/xwzx/gg/2026-04/147314_1.html
https://www.nmed.org.cn/files/AttFile/2026-04/202604171741215557.docx",2026-10-08,已复读已取得证据,剔除,已剔除·范围不符
M096,合作及访问,官方明确｜原则上课题负责人至少到国创中心做 1 次学术交流报告，课题负责人及其团队成员在课题资助期限内每年在国创中心累计合作科研时间应不少于 1 个月。,"https://www.nmed.org.cn/files/AttFile/2026-04/202604211921263079.docx
https://www.nmed.org.cn/files/AttFile/2026-04/202604171742219618.pdf",2026-10-08,已复读已取得证据,剔除,已剔除·范围不符
M096,经费使用及外拨,"官方明确｜对于不报送进展报告、工作无进展、经费使用不当的课题，国创中心将发函督促。
第四章 经费使用与管理第二十二条 课题经费从国创中心“开放基金”专项预算中支出，专款专用。
第二十六条 经费按课题分别进行核算，课题经费分为一次性拨付和分批次拨付，一次性拨付为课题批准后一个月内，下拨100%课题经费，分批次拨付为课题经费分两次下拨，首次下拨时间为课题批准后一个月内，为总额的 50%。",https://www.nmed.org.cn/files/AttFile/2026-04/202604171742219618.pdf,2026-10-08,已复读已取得证据,剔除,已剔除·范围不符
M096,研究周期,"官方明确｜四、项目实施年限：不超过2年
四、项目实施期限：不超过2年
立论依据充分、研究目标明确、研究内容翔实、研究方法和技术路线合理可行，且有望在课题资助期间取得进展。
原则上课题负责人至少到国创中心做 1 次学术交流报告，课题负责人及其团队成员在课题资助期限内每年在国创中心累计合作科研时间应不少于 1 个月。
第十七条 研究计划实施中，鼓励课题组在研究工作中的创新，但涉及降低预定目标、减少研究内容、中止计划实施、提前结题或延长年限等变动时，课题负责人必须提出申请报告，并报国创中心审批。","https://www.nmed.org.cn/files/AttFile/2026-04/202604171741215557.docx
https://www.nmed.org.cn/files/AttFile/2026-04/202604211921263079.docx",2026-10-08,已复读已取得证据,剔除,已剔除·范围不符
M096,成果数量及署名,"官方明确｜（六）课题研究所获得的成果所取得的论文、专利和奖励等研究成果归国创中心和研究人员所在单位共有，成果鉴定和报奖由国创中心与研究人员所在单位协商办理；
（一）学术指标：发表学术论文≥1篇。
（四）完成标准化影像采集与数据标注流程，验证模型稳定性和临床适用性，形成完整技术报告。
（一）学术指标：发表学术论文≥1篇，申请专利或软件著作≥1项。
第三章 课题实施及验收第十四条 课题负责人应于收到批准书 20 日内将《国家高性能医疗器械创新中心开放基金课题合同书》纸质版（一式 4 份）报送国创中心科研部。
第十七条 研究计划实施中，鼓励课题组在研究工作中的创新，但涉及降低预定目标、减少研究内容、中止计划实施、提前结题或延长年限等变动时，课题负责人必须提出申请报告，并报国创中心审批。
第二十条 课题完成后，课题负责人填写《国家高性能医疗器械创新中心开放基金课题结题报告》并提交相关材料，由国创中心归档。
对符合结题要求的，准予结题并书面通知课题负责人及其依托单位。
第五章 课题成果及评价第二十七条 基金资助课题所取得的论文、专利和奖励等研究成果归国创中心和研究人员所在单位共有，成果鉴定和报奖由国创中心与研究人员所在单位共同协商办理。","https://www.nmed.org.cn/files/AttFile/2026-04/202604171741215557.docx
https://www.nmed.org.cn/files/AttFile/2026-04/202604211921263079.docx",2026-10-08,已复读已取得证据,剔除,已剔除·范围不符
M096,知识产权,"官方明确｜（六）课题研究所获得的成果所取得的论文、专利和奖励等研究成果归国创中心和研究人员所在单位共有，成果鉴定和报奖由国创中心与研究人员所在单位协商办理；
第五章 课题成果及评价第二十七条 基金资助课题所取得的论文、专利和奖励等研究成果归国创中心和研究人员所在单位共有，成果鉴定和报奖由国创中心与研究人员所在单位共同协商办理。","https://www.nmed.org.cn/Content/xwzx/gg/2026-04/147314_1.html
https://www.nmed.org.cn/files/AttFile/2026-04/202604171741215557.docx",2026-10-08,已复读已取得证据,剔除,已剔除·范围不符
M096,材料及提交方式,"官方明确｜申请人应于指南发布截止期限内，将纸质申请材料（须签字盖章）一式三份报送国创中心科研任务部，同时递交相应电子文档至ke.li@nmed.org.cn;
纸质材料邮寄地址：广东省深圳市龙华区民治街道汇德大厦41层国家高性能医疗器械创新中心－科研部（李老师：13510019066）；
项目申请截止日期：2026年4月17日－2026年5月17日（注：受理时间截止后，不再受理新提交项目的申请，请妥善安排好时间，提前发送电子版进行审核，审核通过后，请在截止时间前寄送书面材料）；
李老师：13510019066，ke.li@nmed.org.cn
（二）申请人应于指南发布截止期限内将申请书（先递交相应电子文档至邮箱，经形审后再将签字盖章后的纸质材料一式三份）报送国创中心科研任务部；
（一）国家高性能医疗器械创新中心开放基金申请书纸质文件原件，并加盖单位公章；
（三）纸质材料邮寄地址：广东省深圳市龙华区民治街道汇德大厦41层国家高性能医疗器械创新中心－科研任务部
邮箱： HYPERLINK ""mailto:ke.li@nmed.org.cn"" ke.li@nmed.org.cn
申请书要求：纸质申请材料一式三份，A4纸正反面打印/复印，封面加盖单位公章及骑缝章，按照本指南申请材料的排列次序对非空白页（含封面）需连续编写页码，胶装成册。
第八条 申请者必须按照规定的格式填写《国家高性能医疗器械创新中心开放基金课题申请书》，需经所在单位同意，在指定时间内将申请书纸质版（一式 3 份）报送至国创中心科研任务部。
为保证课题申请顺利开展及后续工作顺利进行，国创中心根据项目情况可配备和申请人相对接的人员为联系人，每一年度联系人对接联系的开放课题申请数量不得超过 2 项。
第三章 课题实施及验收第十四条 课题负责人应于收到批准书 20 日内将《国家高性能医疗器械创新中心开放基金课题合同书》纸质版（一式 4 份）报送国创中心科研部。","https://www.nmed.org.cn/Content/xwzx/gg/2026-04/147314_1.html
https://www.nmed.org.cn/files/AttFile/2026-04/202604171741215557.docx",2026-10-08,已复读已取得证据,剔除,已剔除·范围不符
M095,实际任务筛选,剔除｜本批任务为医学影像及临床诊断、预后验证；未列机器人感知、导航或控制任务。,https://www.nmed.org.cn/Content/xwzx/gg/2026-07/147362_1.html,2026-10-08,已复读已取得证据,剔除,已剔除·范围不符
M095,正式公告/指南,正式开放课题公告｜已复读原官方公告；附件缺口见条款列,https://www.nmed.org.cn/Content/xwzx/gg/2026-07/147362_1.html,2026-10-08,已复读已取得证据,剔除,已剔除·范围不符
M095,截止日期,2026-08-14；北京时间时点：未公开/未取得,https://www.nmed.org.cn/Content/xwzx/gg/2026-07/147362_1.html,2026-10-08,未核清/有缺口,剔除,已剔除·范围不符
M095,资助金额,具体课题上限10、15、20、30或50万元,https://www.nmed.org.cn/Content/xwzx/gg/2026-07/147362_1.html,2026-10-08,已复读已取得证据,剔除,已剔除·范围不符
M095,申请资格,官方明确｜海内外博士或副高以上学者；单位审查、推荐并盖章；鼓励临床医学学者。,"https://www.nmed.org.cn/Content/xwzx/gg/2026-07/147362_1.html
https://www.nmed.org.cn/files/AttFile/2026-07/202607140954275440.docx
https://www.nmed.org.cn/files/AttFile/2026-07/202607140955070902.pdf",2026-10-08,已复读已取得证据,剔除,已剔除·范围不符
M095,合作及访问,"官方明确｜4.项目执行期内至少参加年度成果交流会≥1次。
原则上课题负责人至少到国创中心做 1 次学术交流报告，课题负责人及其团队成员在课题资助期限内每年在国创中心累计合作科研时间应不少于 1 个月。","https://www.nmed.org.cn/files/AttFile/2026-07/202607140954275440.docx
https://www.nmed.org.cn/files/AttFile/2026-07/202607140955070902.pdf",2026-10-08,已复读已取得证据,剔除,已剔除·范围不符
M095,经费使用及外拨,"官方明确｜对于不报送进展报告、工作无进展、经费使用不当的课题，国创中心将发函督促。
第四章 经费使用与管理第二十二条 课题经费从国创中心“开放基金”专项预算中支出，专款专用。
第二十六条 经费按课题分别进行核算，课题经费分为一次国家高性能医疗器械创新中心-科研管理制度NMED—XZ—001(2025 版)性拨付和分批次拨付，一次性拨付为课题批准后一个月内，下拨100%课题经费，分批次拨付为课题经费分两次下拨，首次下拨时间为课题批准后一个月内，为总额的 50%。","https://www.nmed.org.cn/files/AttFile/2026-07/202607140954275440.docx
https://www.nmed.org.cn/files/AttFile/2026-07/202607140955070902.pdf",2026-10-08,已复读已取得证据,剔除,已剔除·范围不符
M095,研究周期,"官方明确｜四、项目实施年限：不超过2年
四、项目实施年限：不超过3年
四、项目实施年限：3年
立论依据充分、研究目标明确、研究内容翔实、研究方法和技术路线合理可行，且有望在课题资助期间取得进展。
原则上课题负责人至少到国创中心做 1 次学术交流报告，课题负责人及其团队成员在课题资助期限内每年在国创中心累计合作科研时间应不少于 1 个月。
国家高性能医疗器械创新中心-科研管理制度NMED—XZ—001(2025 版)第十七条 研究计划实施中，鼓励课题组在研究工作中的创新，但涉及降低预定目标、减少研究内容、中止计划实施、提前结题或延长年限等变动时，课题负责人必须提出申请报告，并报国创中心审批。","https://www.nmed.org.cn/files/AttFile/2026-07/202607140954275440.docx
https://www.nmed.org.cn/files/AttFile/2026-07/202607140953407342.docx",2026-10-08,已复读已取得证据,剔除,已剔除·范围不符
M095,成果数量及署名,"官方明确｜4.发表高质量学术论文≥1篇，形成预测模型应用规范与临床案例集≥1份。
4.发表高质量学术论文≥1篇；
5.形成融合分析流程或预测模型及评价报告≥1份，发表相关论文≥1篇或申请专利或软件著作权≥1项；
4.发表相关论文≥1篇或申请专利或软件著作权≥1项；
3.发表相关论文≥1篇或申请发明专利或软件著作权≥1项；
4.发表相关论文≥1篇；
5.发表相关论文≥1篇或申请专利或软件著作权≥1项；
3.发表与课题相关的高质量研究论文≥1篇或申请专利≥1项；
3.发表相关高水平学术论文≥2篇，或申请发明专利、计算机软件著作权≥2项；
4.发表高水平学术论文≥1篇，申请专利或软件著作权≥1项。
2.发表相关论文≥1篇或申请专利/软件著作权≥1项；
一、真实可靠、可追溯、可复盘，满足科研核查及后续成果转化应用要求。
3.发表相关论文≥1篇或申请专利≥1项；
第三章 课题实施及验收第十四条 课题负责人应于收到批准书 20 日内将《国家高性能医疗器械创新中心开放基金课题合同书》纸质版（一式 4 份）报送国创中心科研部。
国家高性能医疗器械创新中心-科研管理制度NMED—XZ—001(2025 版)第十七条 研究计划实施中，鼓励课题组在研究工作中的创新，但涉及降低预定目标、减少研究内容、中止计划实施、提前结题或延长年限等变动时，课题负责人必须提出申请报告，并报国创中心审批。
第二十条 课题完成后，课题负责人填写《国家高性能医疗器械创新中心开放基金课题结题报告》并提交相关材料，由国创中心归档。
对符合结题要求的，准予结题并书面通知课题负责人及其依托单位。
第五章 课题成果及评价第二十七条 基金资助课题所取得的论文、专利和奖励等研究成果归国创中心和研究人员所在单位共有，成果鉴定和报奖由国创中心与研究人员所在单位共同协商办理。
（六）课题研究所获得的成果所取得的论文、专利和奖励等研究成果归国创中心和研究人员所在单位共有，成果鉴定和报奖由国创中心与研究人员所在单位协商办理；","https://www.nmed.org.cn/files/AttFile/2026-07/202607140954275440.docx
https://www.nmed.org.cn/files/AttFile/2026-07/202607140955070902.pdf",2026-10-08,已复读已取得证据,剔除,已剔除·范围不符
M095,知识产权,"官方明确｜第五章 课题成果及评价第二十七条 基金资助课题所取得的论文、专利和奖励等研究成果归国创中心和研究人员所在单位共有，成果鉴定和报奖由国创中心与研究人员所在单位共同协商办理。
（六）课题研究所获得的成果所取得的论文、专利和奖励等研究成果归国创中心和研究人员所在单位共有，成果鉴定和报奖由国创中心与研究人员所在单位协商办理；","https://www.nmed.org.cn/Content/xwzx/gg/2026-07/147362_1.html
https://www.nmed.org.cn/files/AttFile/2026-07/202607140955070902.pdf",2026-10-08,已复读已取得证据,剔除,已剔除·范围不符
M095,材料及提交方式,官方明确｜2026-08-14 18:00截止；签字盖章纸质3份及电子文档；提交资格证明、相关伦理/科技安全批准或备案、知识产权声明和科研诚信承诺。李老师13510019066，ke.li@nmed.org.cn。,"https://www.nmed.org.cn/Content/xwzx/gg/2026-07/147362_1.html
https://www.nmed.org.cn/files/AttFile/2026-07/202607140954275440.docx",2026-10-08,已复读已取得证据,剔除,已剔除·范围不符
M098,实际任务筛选,保留｜医疗机器人、内窥镜感知与导航,https://airs.cuhk.edu.cn/article/1429,2026-10-08,已复读已取得证据,保留,已截止
M098,正式公告/指南,正式开放课题公告｜已复读原官方公告；附件缺口见条款列,https://airs.cuhk.edu.cn/article/1429,2026-10-08,已复读已取得证据,保留,已截止
M098,截止日期,2026-08-15；北京时间时点：未公开/未取得,https://airs.cuhk.edu.cn/article/1429,2026-10-08,未核清/有缺口,保留,已截止
M098,资助金额,原则10万元,https://airs.cuhk.edu.cn/article/1429,2026-10-08,已复读已取得证据,保留,已截止
M098,申请资格,"官方明确｜国内高校、科研院所、医疗机构、企业等相关人员；
一般博士或副高，突出工程/临床/转化能力可放宽；
同一人同年度1项；
既往未完成阶段任务或结题原则不重复资助。","https://airs.cuhk.edu.cn/article/1429
https://airs.cuhk.edu.cn/sites/default/files/2026-07/%E9%99%84%E4%BB%B61%E3%80%81%E6%B7%B1%E5%9C%B3%E5%B8%82%E4%BA%BA%E5%B7%A5%E6%99%BA%E8%83%BD%E4%B8%8E%E6%9C%BA%E5%99%A8%E4%BA%BA%E7%A0%94%E7%A9%B6%E9%99%A2%E5%8C%BB%E7%96%97%E6%9C%BA%E5%99%A8%E4%BA%BA%E6%96%B9%E5%90%91%E5%BC%80%E6%94%BE%E8%AF%BE%E9%A2%98%E5%AE%9E%E6%96%BD%E5%8A%9E%E6%B3%95%EF%BC%88%E8%AF%95%E8%A1%8C%EF%BC%89.docx",2026-10-08,已复读已取得证据,保留,已截止
M098,合作及访问,官方明确｜鼓励与AIRS团队实质合作及医工联合申报，正文未规定必须联合固定人员。,"https://airs.cuhk.edu.cn/article/1429
https://airs.cuhk.edu.cn/sites/default/files/2026-07/%E9%99%84%E4%BB%B61%E3%80%81%E6%B7%B1%E5%9C%B3%E5%B8%82%E4%BA%BA%E5%B7%A5%E6%99%BA%E8%83%BD%E4%B8%8E%E6%9C%BA%E5%99%A8%E4%BA%BA%E7%A0%94%E7%A9%B6%E9%99%A2%E5%8C%BB%E7%96%97%E6%9C%BA%E5%99%A8%E4%BA%BA%E6%96%B9%E5%90%91%E5%BC%80%E6%94%BE%E8%AF%BE%E9%A2%98%E5%AE%9E%E6%96%BD%E5%8A%9E%E6%B3%95%EF%BC%88%E8%AF%95%E8%A1%8C%EF%BC%89.docx",2026-10-08,已复读已取得证据,保留,已截止
M098,经费使用及外拨,"官方明确｜前资助，立项后一次性拨付；
允许材料、测试加工、差旅、会议、出版知识产权、咨询、劳务等，按承担单位及AIRS规定执行。","https://airs.cuhk.edu.cn/article/1429
https://airs.cuhk.edu.cn/sites/default/files/2026-07/%E9%99%84%E4%BB%B61%E3%80%81%E6%B7%B1%E5%9C%B3%E5%B8%82%E4%BA%BA%E5%B7%A5%E6%99%BA%E8%83%BD%E4%B8%8E%E6%9C%BA%E5%99%A8%E4%BA%BA%E7%A0%94%E7%A9%B6%E9%99%A2%E5%8C%BB%E7%96%97%E6%9C%BA%E5%99%A8%E4%BA%BA%E6%96%B9%E5%90%91%E5%BC%80%E6%94%BE%E8%AF%BE%E9%A2%98%E5%AE%9E%E6%96%BD%E5%8A%9E%E6%B3%95%EF%BC%88%E8%AF%95%E8%A1%8C%EF%BC%89.docx",2026-10-08,已复读已取得证据,保留,已截止
M098,研究周期,官方明确｜原则1年。,"https://airs.cuhk.edu.cn/article/1429
https://airs.cuhk.edu.cn/sites/default/files/2026-07/%E9%99%84%E4%BB%B61%E3%80%81%E6%B7%B1%E5%9C%B3%E5%B8%82%E4%BA%BA%E5%B7%A5%E6%99%BA%E8%83%BD%E4%B8%8E%E6%9C%BA%E5%99%A8%E4%BA%BA%E7%A0%94%E7%A9%B6%E9%99%A2%E5%8C%BB%E7%96%97%E6%9C%BA%E5%99%A8%E4%BA%BA%E6%96%B9%E5%90%91%E5%BC%80%E6%94%BE%E8%AF%BE%E9%A2%98%E5%AE%9E%E6%96%BD%E5%8A%9E%E6%B3%95%EF%BC%88%E8%AF%95%E8%A1%8C%EF%BC%89.docx",2026-10-08,已复读已取得证据,保留,已截止
M098,成果数量及署名,"官方明确｜须交中期报告、结题总结、成果清单、经费说明和证明；
成果可以论文、算法模型、样机、临床研究/伦理/数据等，不公布统一论文数；
发表和宣传按协议标注AIRS。","https://airs.cuhk.edu.cn/article/1429
https://airs.cuhk.edu.cn/sites/default/files/2026-07/%E9%99%84%E4%BB%B61%E3%80%81%E6%B7%B1%E5%9C%B3%E5%B8%82%E4%BA%BA%E5%B7%A5%E6%99%BA%E8%83%BD%E4%B8%8E%E6%9C%BA%E5%99%A8%E4%BA%BA%E7%A0%94%E7%A9%B6%E9%99%A2%E5%8C%BB%E7%96%97%E6%9C%BA%E5%99%A8%E4%BA%BA%E6%96%B9%E5%90%91%E5%BC%80%E6%94%BE%E8%AF%BE%E9%A2%98%E5%AE%9E%E6%96%BD%E5%8A%9E%E6%B3%95%EF%BC%88%E8%AF%95%E8%A1%8C%EF%BC%89.docx",2026-10-08,已复读已取得证据,保留,已截止
M098,知识产权,"官方明确｜通常不得将开放课题成果用于申请专利；
确需申请，专利权人须为研究院；
转化收益另约，其他成果按AIRS与承担单位协议。","https://airs.cuhk.edu.cn/article/1429
https://airs.cuhk.edu.cn/sites/default/files/2026-07/%E9%99%84%E4%BB%B61%E3%80%81%E6%B7%B1%E5%9C%B3%E5%B8%82%E4%BA%BA%E5%B7%A5%E6%99%BA%E8%83%BD%E4%B8%8E%E6%9C%BA%E5%99%A8%E4%BA%BA%E7%A0%94%E7%A9%B6%E9%99%A2%E5%8C%BB%E7%96%97%E6%9C%BA%E5%99%A8%E4%BA%BA%E6%96%B9%E5%90%91%E5%BC%80%E6%94%BE%E8%AF%BE%E9%A2%98%E5%AE%9E%E6%96%BD%E5%8A%9E%E6%B3%95%EF%BC%88%E8%AF%95%E8%A1%8C%EF%BC%89.docx",2026-10-08,已复读已取得证据,保留,已截止
M098,材料及提交方式,"官方明确｜单位审核盖章PDF；
申请书、诚信伦理承诺、人员简历、近5年成果；
涉人体/动物/临床影像等补伦理、合规或安全材料。
2026-08-15截止；
jiangxiaolei@cuhk.edu.cn，姜晓磊13810411418。","https://airs.cuhk.edu.cn/article/1429
https://airs.cuhk.edu.cn/sites/default/files/2026-07/%E9%99%84%E4%BB%B61%E3%80%81%E6%B7%B1%E5%9C%B3%E5%B8%82%E4%BA%BA%E5%B7%A5%E6%99%BA%E8%83%BD%E4%B8%8E%E6%9C%BA%E5%99%A8%E4%BA%BA%E7%A0%94%E7%A9%B6%E9%99%A2%E5%8C%BB%E7%96%97%E6%9C%BA%E5%99%A8%E4%BA%BA%E6%96%B9%E5%90%91%E5%BC%80%E6%94%BE%E8%AF%BE%E9%A2%98%E5%AE%9E%E6%96%BD%E5%8A%9E%E6%B3%95%EF%BC%88%E8%AF%95%E8%A1%8C%EF%BC%89.docx",2026-10-08,已复读已取得证据,保留,已截止
M097,实际任务筛选,保留｜面向具身任务的世界模型、三维/四维交互与验证,https://www.gml.ac.cn/xxgs/973.html,2026-10-08,已复读已取得证据,保留,已截止
M097,正式公告/指南,正式开放课题公告｜已复读原官方公告；附件缺口见条款列,https://www.gml.ac.cn/xxgs/973.html,2026-10-08,已复读已取得证据,保留,已截止
M097,截止日期,2026-08-24；北京时间时点：未公开/未取得,https://www.gml.ac.cn/xxgs/973.html,2026-10-08,未核清/有缺口,保留,已截止
M097,资助金额,一般60万元、重大100万元、开放30万元,https://www.gml.ac.cn/xxgs/973.html,2026-10-08,已复读已取得证据,保留,已截止
M097,申请资格,"官方明确｜（2）项目负责人原则上应为申请单位全职人员，课题申请人必须是各单位的正式在职员工，一般应具有中级以上职称或已获得博士学位的科研人员，特别鼓励具有交叉学科背景的优秀青年科研人员申请开放课题。
（2）不得委托中介机构申报。
（3）同一项目不得多投和重复申报。",https://www.gml.ac.cn/xxgs/973.html,2026-10-08,已复读已取得证据,保留,已截止
M097,合作及访问,"官方明确｜（一）重大研究类课题：单课题资助总额不超过100万元，申报单位须联合实验室及共建单位协同开展研究；
（二）一般研究类课题：单课题资助总额不超过60万元，申报单位须联合实验室及共建单位协同开展研究；
（三）在开放课题资助下产生的发明专利、实用新型专利、软件著作权等知识产权成果，课题负责人须与光明实验室进行联合申请，并将实验室列为共同申请人（权利人）；",https://www.gml.ac.cn/xxgs/973.html,2026-10-08,已复读已取得证据,保留,已截止
M097,经费使用及外拨,"官方明确｜（一）开放课题经费采取一次核定、分批拨款的方式拨付至课题依托单位。
（二）开放课题批准后，课题经费拨付至课题依托单位，原则上由课题负责人在开放基金课题范围内按预算科目开支。
（三）课题资助经费一般分三次拨付，课题签订合同后先行拨付课题总预算的30%作为课题启动资金；
通过中期考核（执行过半后）的课题根据课题绩效目标完成情况拨付50%；
有合作单位的，申请单位应当与合作单位签订研究合作协议书，合作协议书应当包括合作方式、双方责任和义务、知识产权归属、经费分配、合作期限等内容，合作协议书作为申报材料一并提交，牵头单位资金分配比例不少于单个合作单位的分配比例。
项目申报→申报材料形式初审→专家评审→拟立项名单通过实验室主任办公会审定→社会公示与意见征集→签订开放合作研究课题合同书→开具经费发票→分批次拨付课题资助经费。",https://www.gml.ac.cn/xxgs/973.html,2026-10-08,已复读已取得证据,保留,已截止
M097,研究周期,"官方明确｜以上项目执行期限皆为一年，自合同签订当月起。
每位项目负责人在单个项目执行周期内，仅限申报1项光明实验室开放课题。",https://www.gml.ac.cn/xxgs/973.html,2026-10-08,已复读已取得证据,保留,已截止
M097,成果数量及署名,"官方明确｜（二）学术论文成果：发表CCF A类期刊 / 会议论文、中国科学院1区期刊论文。
（一）依托本开放课题资助形成的全部成果（含论文、专著、专利、软件著作权、算法、模型、源代码、软件系统、数据集、技术报告等），知识产权由人工智能与数字经济广东省实验室（深圳）与项目负责人所属单位按 50%:50%比例共同拥有。
（二）论文、专著、研究报告等学术成果，须将人工智能与数字经济广东省实验室（深圳）列为第一作者或通讯作者第一单位，且不得低于全文第二单位；
（三）在开放课题资助下产生的发明专利、实用新型专利、软件著作权等知识产权成果，课题负责人须与光明实验室进行联合申请，并将实验室列为共同申请人（权利人）；
（四）在开放课题资助下产生的代码、算子、软件、系统等形式的成果，在公开发布（如开源）或提交验收时，须在显著位置（如源代码文件头部、文档首页、登录界面等）明确标注本实验室的名称及资助信息。
所有受本课题资助的论文、专著，须标注资助信息： 本文由人工智能与数字经济广东省实验室（深圳）开放课题资助（课题编号：GML-KF-26-XX）",https://www.gml.ac.cn/xxgs/973.html,2026-10-08,已复读已取得证据,保留,已截止
M097,知识产权,"官方明确｜有合作单位的，申请单位应当与合作单位签订研究合作协议书，合作协议书应当包括合作方式、双方责任和义务、知识产权归属、经费分配、合作期限等内容，合作协议书作为申报材料一并提交，牵头单位资金分配比例不少于单个合作单位的分配比例。
（一）依托本开放课题资助形成的全部成果（含论文、专著、专利、软件著作权、算法、模型、源代码、软件系统、数据集、技术报告等），知识产权由人工智能与数字经济广东省实验室（深圳）与项目负责人所属单位按 50%:50%比例共同拥有。",https://www.gml.ac.cn/xxgs/973.html,2026-10-08,已复读已取得证据,保留,已截止
M097,材料及提交方式,"官方明确｜电子材料：牵头单位将全套申报材料清晰扫描件发送至指定邮箱：lihaipeng@gml.ac.cn
纸质材料：全套材料一式两份申请书加盖申报单位公章 / 合同专用章后邮寄至：广东省深圳市光明区玉塘街道科润大厦B栋光明实验室 李海鹏 18924592983
项目立项公示结束后，按实验室通知要求报送正式纸质版材料并提交经费发票。
咨询邮箱：lihaipeng@gml.ac.cn",https://www.gml.ac.cn/xxgs/973.html,2026-10-08,已复读已取得证据,保留,已截止
M127,实际任务筛选,待核｜类脑计算和人工智能领域尚未取得具体机器人或智能装备任务依据。,https://ailab.gznc.edu.cn/info/1262/1091.htm,2026-10-08,未核清/有缺口,待核,方向待核·已截止
M127,正式公告/指南,正式开放课题公告｜已复读原官方公告；附件缺口见条款列,https://ailab.gznc.edu.cn/info/1262/1091.htm,2026-10-08,已复读已取得证据,待核,方向待核·已截止
M127,截止日期,2025-01-12；北京时间时点：未公开/未取得,https://ailab.gznc.edu.cn/info/1262/1091.htm,2026-10-08,未核清/有缺口,待核,方向待核·已截止
M127,资助金额,2万元,https://ailab.gznc.edu.cn/info/1262/1091.htm,2026-10-08,已复读已取得证据,待核,方向待核·已截止
M127,申请资格,资料未取得｜申请资格；相关指南/管理资料访问受限或未取得。,https://ailab.gznc.edu.cn/info/1262/1091.htm,2026-10-08,未核清/有缺口,待核,方向待核·已截止
M127,合作及访问,"官方明确｜1. 课题负责人在原学科具有研究实力，所在单位同意申报本实验室课题项目，所列课题组成员必须征得成员本人同意。
2. 为了增强实验室研究成员对外交流与合作的广度与深度，课题团队成员须包含贵州师范学院实验室成员1名作为合作研究人员，且每位申报者最多牵头申报1项、参与2项开放课题项目。",https://ailab.gznc.edu.cn/info/1262/1091.htm,2026-10-08,已复读已取得证据,待核,方向待核·已截止
M127,经费使用及外拨,资料未取得｜经费使用及外拨；相关指南/管理资料访问受限或未取得。,https://ailab.gznc.edu.cn/info/1262/1091.htm,2026-10-08,未核清/有缺口,待核,方向待核·已截止
M127,研究周期,官方明确｜四、 项目研究期限及资助额度： 立项课题资助经费2万元，项目完成时限为1-2年。,https://ailab.gznc.edu.cn/info/1262/1091.htm,2026-10-08,已复读已取得证据,待核,方向待核·已截止
M127,成果数量及署名,"官方明确｜1. 开放课题经费资助项目所取得的论文等成果归实验室和研究者所在单位共有。
2. 项目完成后须提交结题报告和项目研究成果，进行项目验收。
申请人作为第一作者（或学生为第一作者，申请人为第二作者，或者学生与申请人共同一作）发表SSCI/SCI二区以上论文1篇，或三区论文2篇，或C刊2篇。
（1）结题论文署名单位应包含实验室。
（2）发表的论文等研究成果，应注明研究成果系本实验室开放课题资助和课题编号。",https://ailab.gznc.edu.cn/info/1262/1091.htm,2026-10-08,已复读已取得证据,待核,方向待核·已截止
M127,知识产权,官方明确｜1. 开放课题经费资助项目所取得的论文等成果归实验室和研究者所在单位共有。,https://ailab.gznc.edu.cn/info/1262/1091.htm,2026-10-08,已复读已取得证据,待核,方向待核·已截止
M127,材料及提交方式,"官方明确｜课题申请团队在申报截止日前下载并填写《贵州省人工智能与类脑计算全省重点实验室开放课题申报表》及《贵州省人工智能与类脑计算全省重点实验室开放课题汇总表》，并将申报表电子版发送至实验室科研管理部邮箱：aibcky@gznc.edu.cn。
获批课题待立项公示结束之后，申请人须提交所在单位审核盖章后申请表原件一式两份，快递至实验室。
邮寄地址：贵州省贵阳市乌当区高新路115号贵州师范学院贵州省人工智能与类脑计算全省重点实验室；",https://ailab.gznc.edu.cn/info/1262/1091.htm,2026-10-08,已复读已取得证据,待核,方向待核·已截止
M031,实际任务筛选,保留｜医疗、柔性与协作机器人；机器人感知、学习及控制,https://www.sia.ac.cn/xwzx/tzgg/202507/t20250711_7884994.html,2026-10-08,已复读已取得证据,保留,已截止
M031,正式公告/指南,正式开放课题公告｜已复读原官方公告；附件缺口见条款列,https://www.sia.ac.cn/xwzx/tzgg/202507/t20250711_7884994.html,2026-10-08,已复读已取得证据,保留,已截止
M031,截止日期,2025-08-10；北京时间时点：未公开/未取得,https://www.sia.ac.cn/xwzx/tzgg/202507/t20250711_7884994.html,2026-10-08,未核清/有缺口,保留,已截止
M031,资助金额,5—10万元/项,https://www.sia.ac.cn/xwzx/tzgg/202507/t20250711_7884994.html,2026-10-08,已复读已取得证据,保留,已截止
M031,申请资格,"官方明确｜沈阳自动化所以外科研人员；
博士或中级及以上；
鼓励一般≤40岁的青年；
在研未结题不能重复",https://www.sia.ac.cn/xwzx/tzgg/202507/t20250711_7884994.html,2026-10-08,已复读已取得证据,保留,已截止
M031,合作及访问,官方明确｜须联合实验室固定研究人员,https://www.sia.ac.cn/xwzx/tzgg/202507/t20250711_7884994.html,2026-10-08,已复读已取得证据,保留,已截止
M031,经费使用及外拨,官方明确｜开放课题经费严格按《国家重点实验室专项经费管理办法》执行，主要用于设备费、业务费和劳务费。,https://www.sia.ac.cn/xwzx/tzgg/202507/t20250711_7884994.html,2026-10-08,已复读已取得证据,保留,已截止
M031,研究周期,官方明确｜2025-09-01—2027-08-31,https://www.sia.ac.cn/xwzx/tzgg/202507/t20250711_7884994.html,2026-10-08,已复读已取得证据,保留,已截止
M031,成果数量及署名,"官方明确｜合作发表1—2篇SCI论文；
论文第一作者或通讯作者单位标实验室（不限制单位顺序）；
共享相关程序接口/数据集，标基金编号",https://www.sia.ac.cn/xwzx/tzgg/202507/t20250711_7884994.html,2026-10-08,已复读已取得证据,保留,已截止
M031,知识产权,公开资料未载明｜已取得公开资料未载明知识产权的完整条款。,https://www.sia.ac.cn/xwzx/tzgg/202507/t20250711_7884994.html,2026-10-08,未核清/有缺口,保留,已截止
M031,材料及提交方式,"官方明确｜电子申请书签章扫描+≤8分钟PPT录音汇报等至zhangchan@sia.cn，纸质1份；
沈阳市南塔街114号",https://www.sia.ac.cn/xwzx/tzgg/202507/t20250711_7884994.html,2026-10-08,已复读已取得证据,保留,已截止
M032,实际任务筛选,保留｜机械臂—底座耦合振动、末端自适应定位（依托机构尚待确认）,https://keyanchu.syuct.edu.cn/info/1028/1957.htm,2026-10-08,未核清/有缺口,保留,已截止
M032,正式公告/指南,正式开放课题公告｜已复读原官方公告；附件缺口见条款列,https://keyanchu.syuct.edu.cn/info/1028/1957.htm,2026-10-08,已复读已取得证据,保留,已截止
M032,截止日期,2026-05-06；北京时间时点：未公开/未取得,https://keyanchu.syuct.edu.cn/info/1028/1957.htm,2026-10-08,未核清/有缺口,保留,已截止
M032,资助金额,重点45–65万元；一般15–25万元,https://keyanchu.syuct.edu.cn/info/1028/1957.htm,2026-10-08,已复读已取得证据,保留,已截止
M032,申请资格,"官方明确｜2.项目申请人所在单位应具有独立法人资格，具备良好的研发基础条件和运行机制，有可靠的技术基础和经济依托。
3.项目申请人原则上应具备博士学位或副高级以上专业技术职称，年龄在45周岁以下，且具有承担或参与省部级以上科技项目经历。
3.申请人所在单位对申请人的能力与水平以及申请的内容进行审查，提出审查意见，承诺对申请人的时间和条件给予支持，并加盖单位公章。
4.项目申请人有科研严重失信行为记录、相关社会领域信用“黑名单”记录、违规使用各类财政资金记录、违背科研诚信和伦理道德等情况的，不得申请。
6.项目申请人下载并按要求填写“煤炭智能开采与岩层控制全国重点实验室开放基金项目申请书”（见附件1）。",https://keyanchu.syuct.edu.cn/info/1028/1957.htm,2026-10-08,已复读已取得证据,保留,已截止
M032,合作及访问,公开资料未载明｜已取得公开资料未载明合作及访问的完整条款。,https://keyanchu.syuct.edu.cn/info/1028/1957.htm,2026-10-08,未核清/有缺口,保留,已截止
M032,经费使用及外拨,公开资料未载明｜已取得公开资料未载明经费使用及外拨的完整条款。,https://keyanchu.syuct.edu.cn/info/1028/1957.htm,2026-10-08,未核清/有缺口,保留,已截止
M032,研究周期,官方明确｜项目研究周期原则上不超过2年。,https://keyanchu.syuct.edu.cn/info/1028/1957.htm,2026-10-08,已复读已取得证据,保留,已截止
M032,成果数量及署名,已核转载指南方向4｜机械臂末端位置误差≤1mm，角度误差≤0.5°；末端负载≥10kg，防护等级≥IP65；SCI/EI论文2篇。不得混入其他方向的论文、专利或数据集指标。公开成果第一完成单位须为煤炭智能开采与岩层控制全国重点实验室，并标基金编号；未正确标注的不计入验收。依托机构仍待核。,https://keyanchu.syuct.edu.cn/info/1028/1957.htm,2026-10-08,未核清/有缺口,保留,已截止
M032,知识产权,官方明确｜5.项目研究工作产生的知识产权（论文、专著、专利、软件著作权等）原则上归属实验室依托单位所有，发明人及所在单位享有在科研和教学活动中免费使用该知识产权的权利。,https://keyanchu.syuct.edu.cn/info/1028/1957.htm,2026-10-08,已复读已取得证据,保留,已截止
M032,材料及提交方式,已核转载指南｜方向4技术联系人陈老师13260126003。截止前签字盖章纸质申请书1份寄北京市朝阳区煤科院小区实验室，司老师19713044256；Word及签章PDF发sklicmsc@163.com，主题及文件名：方向编码+项目名+姓名。原始官方公告与依托机构尚待确认。,https://keyanchu.syuct.edu.cn/info/1028/1957.htm,2026-10-08,未核清/有缺口,保留,已截止
M036,实际任务筛选,剔除｜任务对象为能源化工过程与过程优化控制；没有机器人任务。,https://smecp-lab.ecust.edu.cn/2024/1112/c9813a172788/page.htm,2026-10-08,已复读已取得证据,剔除,已剔除·范围不符
M036,正式公告/指南,历史正式开放课题公告｜已复读原官方公告；附件缺口见条款列,https://smecp-lab.ecust.edu.cn/2024/1112/c9813a172788/page.htm,2026-10-08,已复读已取得证据,剔除,已剔除·范围不符
M036,截止日期,2022-12-31；北京时间时点：未公开/未取得,https://smecp-lab.ecust.edu.cn/2024/1112/c9813a172788/page.htm,2026-10-08,未核清/有缺口,剔除,已剔除·范围不符
M036,资助金额,2—4万元,https://smecp-lab.ecust.edu.cn/2024/1112/c9813a172788/page.htm,2026-10-08,已复读已取得证据,剔除,已剔除·范围不符
M036,申请资格,官方明确｜非本室高校、科研机构研究人员；高级、在站博士后或控制优化领域研究人员可申报；中级人员需1名高级同行推荐。,"https://smecp-lab.ecust.edu.cn/2024/1112/c9813a172788/page.htm
https://smecp-lab.ecust.edu.cn/3749/list.htm",2026-10-08,已复读已取得证据,剔除,已剔除·范围不符
M036,合作及访问,公开资料未载明｜已取得公开资料未载明合作及访问的完整条款。,"https://smecp-lab.ecust.edu.cn/2024/1112/c9813a172788/page.htm
https://smecp-lab.ecust.edu.cn/3749/list.htm",2026-10-08,未核清/有缺口,剔除,已剔除·范围不符
M036,经费使用及外拨,已核条款（仍有缺口）｜每项2—4万元，按年度拨款、单独核算；仅文献、材料、测试、差旅、版面等，不得提取劳务酬金；外拨对象未载明。,https://smecp-lab.ecust.edu.cn/2024/1112/c9813a172788/page.htm,2026-10-08,未核清/有缺口,剔除,已剔除·范围不符
M036,研究周期,官方明确｜一般2年。,"https://smecp-lab.ecust.edu.cn/2024/1112/c9813a172788/page.htm
https://smecp-lab.ecust.edu.cn/3749/list.htm",2026-10-08,已复读已取得证据,剔除,已剔除·范围不符
M036,成果数量及署名,官方明确｜实验室第一或第二完成单位，标注资助。,"https://smecp-lab.ecust.edu.cn/2024/1112/c9813a172788/page.htm
https://smecp-lab.ecust.edu.cn/3749/list.htm",2026-10-08,已复读已取得证据,剔除,已剔除·范围不符
M036,知识产权,公开资料未载明｜已取得公开资料未载明知识产权的完整条款。,https://smecp-lab.ecust.edu.cn/2024/1112/c9813a172788/page.htm,2026-10-08,未核清/有缺口,剔除,已剔除·范围不符
M036,材料及提交方式,官方明确｜2023年度申报2022-11-01至2022-12-31；纸质3份并发acocp-lab@ecust.edu.cn。,"https://smecp-lab.ecust.edu.cn/2024/1112/c9813a172788/page.htm
https://smecp-lab.ecust.edu.cn/3749/list.htm",2026-10-08,已复读已取得证据,剔除,已剔除·范围不符
M115,实际任务筛选,保留｜自主智能无人系统与机器人感知、决策、控制,https://skl-ais.tongji.edu.cn/77/69/c32347a358249/page.htm,2026-10-08,已复读已取得证据,保留,已截止
M115,正式公告/指南,正式开放课题公告｜已复读原官方公告；附件缺口见条款列,https://skl-ais.tongji.edu.cn/77/69/c32347a358249/page.htm,2026-10-08,已复读已取得证据,保留,已截止
M115,截止日期,2025-09-20；北京时间时点：未公开/未取得,https://skl-ais.tongji.edu.cn/77/69/c32347a358249/page.htm,2026-10-08,未核清/有缺口,保留,已截止
M115,资助金额,一般5—10万元、重点20—30万元,https://skl-ais.tongji.edu.cn/77/69/c32347a358249/page.htm,2026-10-08,已复读已取得证据,保留,已截止
M115,申请资格,"官方明确｜本校/本实验室固定人员以外；
博士或高级职称；
中级需2名高级推荐；
退休、兼职、研究生、博士后不能作负责人",https://skl-ais.tongji.edu.cn/77/69/c32347a358249/page.htm,2026-10-08,已复读已取得证据,保留,已截止
M115,合作及访问,公开资料未载明｜已取得公开资料未载明合作及访问的完整条款。,https://skl-ais.tongji.edu.cn/77/69/c32347a358249/page.htm,2026-10-08,未核清/有缺口,保留,已截止
M115,经费使用及外拨,公开资料未载明｜已取得公开资料未载明经费使用及外拨的完整条款。,https://skl-ais.tongji.edu.cn/77/69/c32347a358249/page.htm,2026-10-08,未核清/有缺口,保留,已截止
M115,研究周期,"官方明确｜一般1年；
重点2年",https://skl-ais.tongji.edu.cn/77/69/c32347a358249/page.htm,2026-10-08,已复读已取得证据,保留,已截止
M115,成果数量及署名,公开资料未载明｜已取得公开资料未载明成果数量及署名的完整条款。,https://skl-ais.tongji.edu.cn/77/69/c32347a358249/page.htm,2026-10-08,未核清/有缺口,保留,已截止
M115,知识产权,公开资料未载明｜已取得公开资料未载明知识产权的完整条款。,https://skl-ais.tongji.edu.cn/77/69/c32347a358249/page.htm,2026-10-08,未核清/有缺口,保留,已截止
M115,材料及提交方式,"官方明确｜签章电子申请pingama@yeah.net；
截止2025-09-20 17:00",https://skl-ais.tongji.edu.cn/77/69/c32347a358249/page.htm,2026-10-08,已复读已取得证据,保留,已截止
M001,实际任务筛选,保留｜机器人设计、自主学习与神经接口,https://msv.sjtu.edu.cn/notice/156.html,2026-10-08,已复读已取得证据,保留,已截止
M001,正式公告/指南,正式开放课题公告｜已复读原官方公告；附件缺口见条款列,https://msv.sjtu.edu.cn/notice/156.html,2026-10-08,已复读已取得证据,保留,已截止
M001,截止日期,2025-11-14；北京时间时点：未公开/未取得,https://msv.sjtu.edu.cn/notice/156.html,2026-10-08,未核清/有缺口,保留,已截止
M001,资助金额,10—15万元,https://msv.sjtu.edu.cn/notice/156.html,2026-10-08,已复读已取得证据,保留,已截止
M001,申请资格,"官方明确｜2. 具有博士学位或副高以上职称；
4. 申请人同年只能申请1项开放基金项目，作为项目负责人，原则上仅能获得1次资助。",https://msv.sjtu.edu.cn/notice/156.html,2026-10-08,已复读已取得证据,保留,已截止
M001,合作及访问,"官方明确｜为服务科教兴国、人才强国、创新驱动发展战略，贯彻全国重点实验室“开放、流动、联合、竞争”的方针，吸引、凝聚国内外优秀学者，共同研究、联合攻关，促进高水平成果产出，机械系统与振动全国重点实验室根据国家科技部《国家重点实验室专项经费管理办法》和《机械系统与振动国家重点实验室开放基金管理办法》的有关规定，现公开发布2026年度开放基金申请指南。
3. 优先资助上海交通大学校外的青年学者，鼓励和支持申请人来本实验室开展合作研究；
鼓励与重点实验室固定人员联合发表论文。",https://msv.sjtu.edu.cn/notice/156.html,2026-10-08,已复读已取得证据,保留,已截止
M001,经费使用及外拨,官方明确｜为服务科教兴国、人才强国、创新驱动发展战略，贯彻全国重点实验室“开放、流动、联合、竞争”的方针，吸引、凝聚国内外优秀学者，共同研究、联合攻关，促进高水平成果产出，机械系统与振动全国重点实验室根据国家科技部《国家重点实验室专项经费管理办法》和《机械系统与振动国家重点实验室开放基金管理办法》的有关规定，现公开发布2026年度开放基金申请指南。,https://msv.sjtu.edu.cn/notice/156.html,2026-10-08,已复读已取得证据,保留,已截止
M001,研究周期,官方明确｜4. 2026年度开放基金每项资助额度为10—15万元，申请书的起始时间一律填写2026年1月1日-2027年12月31日。,https://msv.sjtu.edu.cn/notice/156.html,2026-10-08,已复读已取得证据,保留,已截止
M001,成果数量及署名,"官方明确｜课题负责人需按要求向重点实验室提交课题中期及结题报告。
5. 课题资助完成的成果和论文须标注“机械系统与振动全国重点实验室开放基金课题资助”，英文论文应标注“Supported by the State Key Laboratory of Mechanical System and Vibration (Grant no. xxxx)”。",https://msv.sjtu.edu.cn/notice/156.html,2026-10-08,已复读已取得证据,保留,已截止
M001,知识产权,公开资料未载明｜已取得公开资料未载明知识产权的完整条款。,https://msv.sjtu.edu.cn/notice/156.html,2026-10-08,未核清/有缺口,保留,已截止
M001,材料及提交方式,"官方明确｜2. 申请人可访问本实验室网站（http://msv.sjtu.edu.cn/）下载《机械系统与振动全国重点实验室开放基金课题申请书模板》，按照模板的格式填写并将申请书电子版和课题简述发送到wudi2021@sjtu.edu.cn。
邮件主题为：姓名-单位-机械系统与振动全国重点实验室2026年度开放课题申请。
本实验室开放课题已经全面实现无纸化申请，申请阶段无需提交纸质版申请书，请申请人对材料的真实性负责。
待项目获批后，申请人再按照实验室通知将签字盖章的纸质申请书和任务书一起提交。
联系人：武迪、李淑慧 电子信箱：wudi2021@sjtu.edu.cn",https://msv.sjtu.edu.cn/notice/156.html,2026-10-08,已复读已取得证据,保留,已截止
M037,实际任务筛选,待核｜计算神经科学与类脑算法尚未明确机器人应用或验证任务。,https://cnbi.fudan.edu.cn/info/1046/2720.htm,2026-10-08,未核清/有缺口,待核,方向待核·已截止
M037,正式公告/指南,正式开放课题公告｜已复读原官方公告；附件缺口见条款列,https://cnbi.fudan.edu.cn/info/1046/2720.htm,2026-10-08,已复读已取得证据,待核,方向待核·已截止
M037,截止日期,2026-04-10；北京时间时点：未公开/未取得,https://cnbi.fudan.edu.cn/info/1046/2720.htm,2026-10-08,未核清/有缺口,待核,方向待核·已截止
M037,资助金额,2—3万元,https://cnbi.fudan.edu.cn/info/1046/2720.htm,2026-10-08,已复读已取得证据,待核,方向待核·已截止
M037,申请资格,官方明确｜生物医学、计算机、数学、系统科学、神经生物学等专业背景；年龄不超过40岁；每人仅申报1项、成员不能同时参加两个以上项目申请；须所在单位同意盖章。,"https://cnbi.fudan.edu.cn/info/1046/2720.htm
https://cnbi.fudan.edu.cn/system/_content/download.jsp?urltype=news.DownloadAttachUrl&owner=1578396200&wbfileid=A006A65443C26CBAC600356BA0383843",2026-10-08,已复读已取得证据,待核,方向待核·已截止
M037,合作及访问,"官方明确｜鼓励申请人联合本实验室成员共同制定研究计划，开展合作研究。
发表论文时应共同署名本实验室，不能仅在脚注中加以致谢。",https://cnbi.fudan.edu.cn/info/1046/2720.htm,2026-10-08,已复读已取得证据,待核,方向待核·已截止
M037,经费使用及外拨,公开资料未载明｜已取得公开资料未载明经费使用及外拨的完整条款。,"https://cnbi.fudan.edu.cn/info/1046/2720.htm
https://cnbi.fudan.edu.cn/system/_content/download.jsp?urltype=news.DownloadAttachUrl&owner=1578396200&wbfileid=A006A65443C26CBAC600356BA0383843",2026-10-08,未核清/有缺口,待核,方向待核·已截止
M037,研究周期,"官方明确｜实验室开放课题研究周期为2年，接受国内外高等院校、科研机构的科研人员申请，计划本年度审批开放课题项目5项左右，每项支持强度2-3万元。
2.资助经费及研究周期
资助经费为2-3万元，研究周期为2年。
6. 研究成果要求：获得开放课题经费资助的申请人需在开放课题期限内发表至少一篇JCR2区及以上的SCI检索论文。",https://cnbi.fudan.edu.cn/info/1046/2720.htm,2026-10-08,已复读已取得证据,待核,方向待核·已截止
M037,成果数量及署名,"官方明确｜5. 课题结束后，应向实验室提交研究工作总结、学术论文、研究报告以及相关的原始材料。
发表论文时应共同署名本实验室，不能仅在脚注中加以致谢。
署名单位为：“计算神经科学与类脑智能教育部重点实验室（复旦大学）”，英文为“Key Laboratory of Computational Neuroscience and Brain-Inspired Intelligence (Fudan University), Ministry of Education”。",https://cnbi.fudan.edu.cn/info/1046/2720.htm,2026-10-08,已复读已取得证据,待核,方向待核·已截止
M037,知识产权,公开资料未载明｜已取得公开资料未载明知识产权的完整条款。,https://cnbi.fudan.edu.cn/info/1046/2720.htm,2026-10-08,未核清/有缺口,待核,方向待核·已截止
M037,材料及提交方式,"官方明确｜《申请书》需申请者所在单位加盖单位公章后，将电子版通过邮件发送至实验室联系人。
邮箱：lcnbi@fudan.edu.cn
电话：（021）65642069 邮箱：lcnbi@fudan.edu.cn","https://cnbi.fudan.edu.cn/info/1046/2720.htm
https://cnbi.fudan.edu.cn/system/_content/download.jsp?urltype=news.DownloadAttachUrl&owner=1578396200&wbfileid=A006A65443C26CBAC600356BA0383843",2026-10-08,已复读已取得证据,待核,方向待核·已截止
M004,实际任务筛选,保留｜具身智能传感、闭环感知与人机交互意图识别,https://www.sim.cas.cn/xwzx2016/tzgg2016/202606/t20260624_8232527.html,2026-10-08,已复读已取得证据,保留,已截止
M004,正式公告/指南,正式开放课题公告｜已复读原官方公告；附件缺口见条款列,https://www.sim.cas.cn/xwzx2016/tzgg2016/202606/t20260624_8232527.html,2026-10-08,已复读已取得证据,保留,已截止
M004,截止日期,2026-07-19；北京时间时点：未公开/未取得,https://www.sim.cas.cn/xwzx2016/tzgg2016/202606/t20260624_8232527.html,2026-10-08,未核清/有缺口,保留,已截止
M004,资助金额,10万元,https://www.sim.cas.cn/xwzx2016/tzgg2016/202606/t20260624_8232527.html,2026-10-08,已复读已取得证据,保留,已截止
M004,申请资格,"官方明确｜申请人一般应具有博士学位或副高级（含）以上专业技术职称。
如申请人为博士后，需提供覆盖项目周期的工作合同或延期承诺书。
申请人一般应具有博士学位或副高级（含）以上专业技术职称，可根据实验室发布的《传感器技术全国重点实验室开放课题申请指南》规定的范围提出资助申请。
申请人按照要求编制《开放课题申请书》，提供课题申请书电子版（申请人签字并加盖单位公章扫描件）至实验室办公室，待正式立项后提交纸质版原件。","https://www.sim.cas.cn/xwzx2016/tzgg2016/202606/t20260624_8232527.html
https://www.sim.cas.cn/xwzx2016/tzgg2016/202606/P020260624326162974755.pdf",2026-10-08,已复读已取得证据,保留,已截止
M004,合作及访问,"官方明确｜实验室鼓励与固定人员合作开展研究，实验室所属平台对开放课题研究内容提供优先支持。
课题经费可以用来支付与课题工作直接相关的材料费、 测试化验加工费、 差旅费、 会议费、国际合作交流费、出版/文献/信息传播/知识产权事物费、劳务费、专家咨询费、客座研究人员来室工作期间的津贴、交通及住宿费用等。","https://www.sim.cas.cn/xwzx2016/tzgg2016/202606/t20260624_8232527.html
https://www.sim.cas.cn/xwzx2016/tzgg2016/202606/P020260624326162974755.pdf",2026-10-08,已复读已取得证据,保留,已截止
M004,经费使用及外拨,官方明确｜首期60%拨至承担单位。中期合格拨40%；优秀在第二期不低于40%基础上可用首期总资助20%的奖励资金增资，重大成果另议。不合格暂停拨款，收到结果1个月内改报，复审合格后确定比例，逾期或复审不合格终止第二期；违规或进展不良可取消资助。按国家纵向科研经费管理；范围包括材料、测试加工、差旅会议及国际交流、出版文献与知识产权、劳务和专家咨询、到室访问津贴交通住宿。提交财务拨付资料及到款证明，报告年度进展、成果和经费使用。,"https://www.sim.cas.cn/xwzx2016/tzgg2016/202606/t20260624_8232527.html
https://www.sim.cas.cn/xwzx2016/tzgg2016/202606/P020260624326162974755.pdf",2026-10-08,已复读已取得证据,保留,已截止
M004,研究周期,"官方明确｜如申请人为博士后，需提供覆盖项目周期的工作合同或延期承诺书。
如遇特殊情况需要变动， 必须由课题负责人在课题研究期限的一半时间前（一般为执行期的第一年）提出申请，报实验室主任审批。","https://www.sim.cas.cn/xwzx2016/tzgg2016/202606/t20260624_8232527.html
https://www.sim.cas.cn/xwzx2016/tzgg2016/202606/P020260624326162974755.pdf",2026-10-08,已复读已取得证据,保留,已截止
M004,成果数量及署名,官方明确｜一般要求高质量论文≥2篇（有国际影响的国内期刊、业界公认国际顶级或重要期刊、国际顶级会议报告论文）。负责人须第一或通讯作者；署传感器技术全国重点实验室及相应依托院所，单位排名不限，并在首页下方或致谢标基金号。专利仅认定负责人排名第一的发明专利，须声明本课题财政资助。研究期满2个月内交总结、成果电子版及单位盖章纸质1份；不提交会影响所在单位后续申请。,"https://www.sim.cas.cn/xwzx2016/tzgg2016/202606/t20260624_8232527.html
https://www.sim.cas.cn/xwzx2016/tzgg2016/202606/P020260624326162974755.pdf",2026-10-08,已复读已取得证据,保留,已截止
M004,知识产权,官方明确｜开放课题的产出成果归实验室和课题负责人所在单位共享。,https://www.sim.cas.cn/xwzx2016/tzgg2016/202606/P020260624326162974755.pdf,2026-10-08,已复读已取得证据,保留,已截止
M004,材料及提交方式,"官方明确｜4、参照《中国科学院上海微系统与信息技术研究所关于进一步加强科研诚信建设的管理办法》，课题申请人在提交申请书时需同时签署《项目诚信承诺书》。
1、填写《传感器技术全国重点实验室开放课题申请书》，完成签字和盖章，同时签署《项目诚信承诺书》，提供电子版扫描件发送至邮箱：shao_wenlan@mail.sim.ac.cn。
3、联系人：邵老师
申请人按照要求编制《开放课题申请书》，提供课题申请书电子版（申请人签字并加盖单位公章扫描件）至实验室办公室，待正式立项后提交纸质版原件。
第十三条 开放课题研究期满， 须在2 个月内提交 《开放课题总结报告》 并附相关的研究成果证明电子版和一份加盖所在单位公章的纸质材料到实验室办公室。
课题负责人在提交申请书时签署《项目诚信承诺书》，并对课题执行过程中的行为承担直接责任。","https://www.sim.cas.cn/xwzx2016/tzgg2016/202606/t20260624_8232527.html
https://www.sim.cas.cn/xwzx2016/tzgg2016/202606/P020260624326162974755.pdf",2026-10-08,已复读已取得证据,保留,已截止
M101,实际任务筛选,保留｜自主无人系统及机器人研究,https://csicdgz.bit.edu.cn/tzgg/6e35c0a49e1740b79cd16785597940ff.htm,2026-10-08,已复读已取得证据,保留,已截止
M101,正式公告/指南,正式开放课题公告｜已复读原官方公告；附件缺口见条款列,https://csicdgz.bit.edu.cn/tzgg/6e35c0a49e1740b79cd16785597940ff.htm,2026-10-08,已复读已取得证据,保留,已截止
M101,截止日期,2026-08-20；北京时间时点：未公开/未取得,https://csicdgz.bit.edu.cn/tzgg/6e35c0a49e1740b79cd16785597940ff.htm,2026-10-08,未核清/有缺口,保留,已截止
M101,资助金额,一般5—10万元、重点10—20万元,https://csicdgz.bit.edu.cn/tzgg/6e35c0a49e1740b79cd16785597940ff.htm,2026-10-08,已复读已取得证据,保留,已截止
M101,申请资格,"官方明确｜（3）原则上应具有高级专业技术职称或博士学位；
（4）中级专业技术人员申请需要2名本领域高级专业技术职称专家推荐；
（5）下列人员不得作为课题负责人提出申请，但可以作为成员参与研究： ①已离退休科研人员；",https://csicdgz.bit.edu.cn/tzgg/6e35c0a49e1740b79cd16785597940ff.htm,2026-10-08,已复读已取得证据,保留,已截止
M101,合作及访问,公开资料未载明｜已取得公开资料未载明合作及访问的完整条款。,https://csicdgz.bit.edu.cn/tzgg/6e35c0a49e1740b79cd16785597940ff.htm,2026-10-08,未核清/有缺口,保留,已截止
M101,经费使用及外拨,公开资料未载明｜已取得公开资料未载明经费使用及外拨的完整条款。,https://csicdgz.bit.edu.cn/tzgg/6e35c0a49e1740b79cd16785597940ff.htm,2026-10-08,未核清/有缺口,保留,已截止
M101,研究周期,官方明确｜每位申请者可申报1项开放课题，开放课题重点项目资助经费为10-20万元/项，项目研究周期2年，开放课题一般项目资助经费为5-10万元/项，项目研究周期1年，以签订合同为准。,https://csicdgz.bit.edu.cn/tzgg/6e35c0a49e1740b79cd16785597940ff.htm,2026-10-08,已复读已取得证据,保留,已截止
M101,成果数量及署名,"官方明确｜（2）结题时，应提交知识产权成果与申报书中保持一致。
（3）发表由开放课题资助的论文、论著等研究成果时，应注明研究成果系本实验室开放课题资助。",https://csicdgz.bit.edu.cn/tzgg/6e35c0a49e1740b79cd16785597940ff.htm,2026-10-08,已复读已取得证据,保留,已截止
M101,知识产权,公开资料未载明｜已取得公开资料未载明知识产权的完整条款。,https://csicdgz.bit.edu.cn/tzgg/6e35c0a49e1740b79cd16785597940ff.htm,2026-10-08,未核清/有缺口,保留,已截止
M101,材料及提交方式,官方明确｜（2）申请书采用网上申报，由申请人所在单位审查签署盖章后，在申报截止日期内，将电子版发送到pingama@yeah.net，电子版及邮件命名方式：研究方向编号-课题名称-申请人-所在单位。,https://csicdgz.bit.edu.cn/tzgg/6e35c0a49e1740b79cd16785597940ff.htm,2026-10-08,已复读已取得证据,保留,已截止
M002,实际任务筛选,保留｜人机交互与共融医疗器械（限指南明确交互任务）,https://www.shanghaitech.edu.cn/2026/0724/c1482a1125781/page.htm,2026-10-08,已复读已取得证据,保留,已截止
M002,正式公告/指南,正式开放课题公告｜已复读原官方公告；附件缺口见条款列,https://www.shanghaitech.edu.cn/2026/0724/c1482a1125781/page.htm,2026-10-08,已复读已取得证据,保留,已截止
M002,截止日期,2026-08-21；北京时间时点：未公开/未取得,https://www.shanghaitech.edu.cn/2026/0724/c1482a1125781/page.htm,2026-10-08,未核清/有缺口,保留,已截止
M002,资助金额,5万元,https://www.shanghaitech.edu.cn/2026/0724/c1482a1125781/page.htm,2026-10-08,已复读已取得证据,保留,已截止
M002,申请资格,官方明确｜应有固定工作单位及一定前期基础；本公告未明示统一学历、职称或年龄门槛，不能自行补充。,https://www.shanghaitech.edu.cn/2026/0724/c1482a1125781/page.htm,2026-10-08,已复读已取得证据,保留,已截止
M002,合作及访问,官方明确｜鼓励与本全重实验室固定成员合作申请，可优先支持青年科学家。,https://www.shanghaitech.edu.cn/2026/0724/c1482a1125781/page.htm,2026-10-08,已复读已取得证据,保留,已截止
M002,经费使用及外拨,公开资料未载明｜已取得公开资料未载明经费使用及外拨的完整条款。,https://www.shanghaitech.edu.cn/2026/0724/c1482a1125781/page.htm,2026-10-08,未核清/有缺口,保留,已截止
M002,研究周期,官方明确｜本年度计划资助一般开放类课题5项，每项课题拟资助5万元/项，每项课题研究期限为12个月（起始日期2026年6月1日）。,https://www.shanghaitech.edu.cn/2026/0724/c1482a1125781/page.htm,2026-10-08,已复读已取得证据,保留,已截止
M002,成果数量及署名,官方明确｜2. 开放课题形成的研究成果归实验室和申报者单位共有，并应标注实验室署名（中英文）“先进医用材料与医疗器械全国重点实验室”（Supported by State Key Laboratory of Advanced Medical Materials and Devices）。,https://www.shanghaitech.edu.cn/2026/0724/c1482a1125781/page.htm,2026-10-08,已复读已取得证据,保留,已截止
M002,知识产权,官方明确｜2. 开放课题形成的研究成果归实验室和申报者单位共有，并应标注实验室署名（中英文）“先进医用材料与医疗器械全国重点实验室”（Supported by State Key Laboratory of Advanced Medical Materials and Devices）。,https://www.shanghaitech.edu.cn/2026/0724/c1482a1125781/page.htm,2026-10-08,已复读已取得证据,保留,已截止
M002,材料及提交方式,"官方明确｜3．申请人须认真填写《先进医用材料与医疗器械全国重点实验室开放课题申请书》，于2026年8月21日18:00之前将电子版申请书（经所在单位同意签字盖章）以PDF格式发送至邮箱research.bme@shanghaitech.edu.cn，邮件主题格式统一为：“2026年度一般开放课题申请-姓名-单位”。
4.申请相关事宜请联系人员如下
E-mail: zhangjf4@shanghaitech.edu.cn",https://www.shanghaitech.edu.cn/2026/0724/c1482a1125781/page.htm,2026-10-08,已复读已取得证据,保留,已截止
M176,实际任务筛选,剔除｜实际指南为纤维、复合材料及绿色加工；产线智能化措辞没有形成机器人任务依据。,https://xxgk.dhu.edu.cn/2026/0727/c1482a379171/page.htm,2026-10-08,已复读已取得证据,剔除,已剔除·范围不符
M176,正式公告/指南,正式开放课题公告｜已复读原官方公告；附件缺口见条款列,https://xxgk.dhu.edu.cn/2026/0727/c1482a379171/page.htm,2026-10-08,已复读已取得证据,剔除,已剔除·范围不符
M176,截止日期,2026-08-30；北京时间时点：未公开/未取得,https://xxgk.dhu.edu.cn/2026/0727/c1482a379171/page.htm,2026-10-08,未核清/有缺口,剔除,已剔除·范围不符
M176,资助金额,5—10万元,https://xxgk.dhu.edu.cn/2026/0727/c1482a379171/page.htm,2026-10-08,已复读已取得证据,剔除,已剔除·范围不符
M176,申请资格,"官方明确｜1.开放课题基金主要资助对象应具有副高职称及以上或博士学位，并在国内外知名高等院校、科研机构、产业部门中获得一定工作经验的教学、科研及工程技术人员。
1.The applicant of the open research fund should atleast hold an associate professor position or Ph.D. degree and have certain teaching, research or engineering experiences in domestic or foreign well-known universities, research institutions or companies. In order to improve the growth of young scientists, SKLAFM preferentially supports applicants under the age of 45. We encourage technicians whose research interests are relevant to SKLAFM and who are able to advance the development of SKLAFM to submit applications for this funding. Successful applicants are expected to establish substantive collaborations with our research group and carry out joint research upon receiving the grant from SKLAFM.
The applicant of the open research fund should at least hold an associate professor position or Ph.D. degree and have certain teaching, research or engineering experiences in domestic or foreign well-known universities, research institutions or companies. In order to improve the growth of young scientists, SKLAFM preferentially supports applicants under the age of 45. We encourage technicians whose research interests are relevant to SKLAFM and who are able to advance the development of SKLAFM to submit applications for this funding. Successful applicants are expected to establish substantive collaborations with our research group and carry out joint research upon receiving the grant from SKLAFM.
开放课题基金主要资助对象应具有副高职称及以上或博士学位，并在国内外知名高等院校、科研机构、产业部门中获得一定工作经验的教学、科研及工程技术人员。","https://xxgk.dhu.edu.cn/2026/0727/c1482a379171/page.htm
https://xxgk.dhu.edu.cn/_upload/article/files/5c/8a/06f50a284a31a3710154d41409c9/f4949e67-f89b-4296-bca0-2e869ce5a0c3.doc",2026-10-08,已复读已取得证据,剔除,已剔除·范围不符
M176,合作及访问,官方明确｜申请人应以实验室固定人员的研究组为依托，受到资助后与依托课题组合作开展实质性研究工作。,"https://xxgk.dhu.edu.cn/2026/0727/c1482a379171/page.htm
https://xxgk.dhu.edu.cn/_upload/article/files/5c/8a/06f50a284a31a3710154d41409c9/4a99f53f-7675-4cc8-b201-0aae1cdfaf02.doc",2026-10-08,已复读已取得证据,剔除,已剔除·范围不符
M176,经费使用及外拨,"官方明确｜Fund books should be set up and the funds should be used exclusively for the specific project by the applicant according to the Financial Regulations of “Measures for the Administration of State Key Laboratories”, “Donghua University on Government Sponsored Research Funds”. The research funds will be allocated twice. The first 80% of the total funds will be disbursed once the project has been approved, while the rest will be issued when the applicant pass the acceptance of project. The rest of the funds can be used in the next year of the research period, but cannot be used for other purpose. The remaining funds should be returned to SKLAFM when the project is finished. If the project is supported by other sponsors instead of SKLAFM, the remaining funds should be returned to the original sponsors.
4、开放课题经费拨付
根据《全国重点实验室管理办法》和《东华大学纵向项目科研经费的相关管理办法》，开放课题经费专款专用，由项目负责人掌握使用，经费分为两次下拨，首次下拨总资助经费的80%，剩余部分于结题合格后予以拨付。
对于按期结题的开放课题项目，实验室拨付剩余的20%经费；","https://xxgk.dhu.edu.cn/2026/0727/c1482a379171/page.htm
https://xxgk.dhu.edu.cn/_upload/article/files/5c/8a/06f50a284a31a3710154d41409c9/4a99f53f-7675-4cc8-b201-0aae1cdfaf02.doc",2026-10-08,已复读已取得证据,剔除,已剔除·范围不符
M176,研究周期,"官方明确｜2.每项开放课题资助经费为5-10万元，研究期限为两年。
( Own funds Applied financial support Duration From to Appl-
SKLAFM will appropriate the rest 20% of funds for the applicants who finish the projects in time. The applicant who has the outstanding completion of the project will be sustained funded after he (she) applies for fund and gets the approval from SKLAFM. The duration of sustained research project normally ranges from one to two years. When the project ends, the obtained related papers, patents, appraisal or review, the economic benefits of this project should be timely informed to SKLAFM.
建议研究期限为2年。","https://xxgk.dhu.edu.cn/2026/0727/c1482a379171/page.htm
https://xxgk.dhu.edu.cn/_upload/article/files/5c/8a/06f50a284a31a3710154d41409c9/4a99f53f-7675-4cc8-b201-0aae1cdfaf02.doc",2026-10-08,已复读已取得证据,剔除,已剔除·范围不符
M176,成果数量及署名,已核管理条款｜中期提交论文、报告及阶段小结；结题交结题报告和论文、专利等成果证明，按合同指标验收，由主任办公会审定。成果类型含论文、联合奖励、国家或省部项目、著作、专利及转化等，不能将经费数字当作成果数量。成果归实验室与研究单位共享；发表、专利转让须实验室同意，自带经费成果署双方名称须双方同意。,"https://xxgk.dhu.edu.cn/_upload/article/files/5c/8a/06f50a284a31a3710154d41409c9/4a99f53f-7675-4cc8-b201-0aae1cdfaf02.doc
https://xxgk.dhu.edu.cn/_upload/article/files/5c/8a/06f50a284a31a3710154d41409c9/f4949e67-f89b-4296-bca0-2e869ce5a0c3.doc",2026-10-08,已复读已取得证据,剔除,已剔除·范围不符
M176,知识产权,"官方明确｜7、项目成果归属和转让须知
项目的研究成果归实验室及研究者所在单位共享，由实验室研究基金资助的课题，论文发表或专利转让需取得实验室同意。","https://xxgk.dhu.edu.cn/_upload/article/files/5c/8a/06f50a284a31a3710154d41409c9/4a99f53f-7675-4cc8-b201-0aae1cdfaf02.doc
https://xxgk.dhu.edu.cn/_upload/article/files/5c/8a/06f50a284a31a3710154d41409c9/fa814ce5-ce52-4f6d-99dc-02893021e7c3.doc",2026-10-08,已复读已取得证据,剔除,已剔除·范围不符
M176,材料及提交方式,"官方明确｜1.申请人须认真填写《先进纤维材料全国重点实验室开放课题申请书》，纸质版申请书一式两份，须由申请人和单位负责人签字，并加盖公章；
同时电子版申请书请通过电子邮件发送（盖章页请扫描后附上）,邮件主题请标明：姓名+2027开放课题申请。
3．联系人：王老师
电子邮箱： sklafm@dhu.edu.cn
通信地址：上海市松江区人民北路2999号复材楼B350室，
1. The applicant shall complete “The Open Project Application Form of State Key Laboratory of Advanced Fiber Materials (Donghua University)” in duplicate, bearing the signatures of the applicant and institutional representative and the official institutional seal. Submit the electronic version toSKLAFM@dhu.edu.cnwith the subject line [Your Name] - 2027 Open Project Application. Attach the scanned page bearing signatures and the institutional seal.
E-mail Address: SKLAFM@dhu.edu.cn
Email:  HYPERLINK ""mailto:sklafm@dhu.edu.cn"" \t ""https://yiyan.baidu.com/chat/_blank"" sklafm@dhu.edu.cn
In accordance with the research directions of SKLAFM (refer to Section 4 of this guide), please fill in “The Open Project Application Form of State Key Laboratory of Advanced Fiber Materials，Donghua University”, and submit two (2) original hardcopies with institutional seal, plus one sealed PDF scan to  HYPERLINK ""mailto:sklafm@dhu.edu.cn"" \t ""https://yiyan.baidu.com/chat/_blank"" SKLAFM@dhu.edu.cn. The application form should be approved and sealed by the applicant’s institute before submitting the proposal to SKLAFM. The project should be closely correlated with the present research directions of SKLAFM, which contains preceding, pioneering, feasible technical route and original research contents. Each project usually lasts two years.
根据资助的主要研究方向（见本指南第四部分）填写“东华大学先进纤维材料全国重点实验室课题申请书”一式两份（同时提交电子版）。
经所在单位同意盖章后，向实验室提出申请。","https://xxgk.dhu.edu.cn/2026/0727/c1482a379171/page.htm
https://xxgk.dhu.edu.cn/_upload/article/files/5c/8a/06f50a284a31a3710154d41409c9/4a99f53f-7675-4cc8-b201-0aae1cdfaf02.doc",2026-10-08,已复读已取得证据,剔除,已剔除·范围不符
M132,实际任务筛选,保留｜共融机器人控制、复杂智能体系统协同与控制,https://fzxt.ahut.edu.cn/info/1017/1276.htm,2026-10-08,已复读已取得证据,保留,已截止
M132,正式公告/指南,历史正式开放课题公告｜已复读原官方公告；附件缺口见条款列,https://fzxt.ahut.edu.cn/info/1017/1276.htm,2026-10-08,已复读已取得证据,保留,已截止
M132,截止日期,2025-04-30；北京时间时点：未公开/未取得,https://fzxt.ahut.edu.cn/info/1017/1276.htm,2026-10-08,未核清/有缺口,保留,已截止
M132,资助金额,评审确定,https://fzxt.ahut.edu.cn/info/1017/1276.htm,2026-10-08,已复读已取得证据,保留,已截止
M132,申请资格,官方明确｜具有硕士学位或中级以上职称的国内外科研人员；正在主持一、二、三类纵向项目2项及以上者不得申报；同一内容不得重复申报纵向项目。,"https://fzxt.ahut.edu.cn/info/1017/1276.htm
https://fzxt.ahut.edu.cn/system/_content/download.jsp?urltype=news.DownloadAttachUrl&owner=725121769&wbfileid=16034810",2026-10-08,已复读已取得证据,保留,已截止
M132,合作及访问,官方明确｜鼓励与实验室内部人员联合申请，属于鼓励条件；未规定全部校外申请必须联合。,"https://fzxt.ahut.edu.cn/info/1017/1276.htm
https://fzxt.ahut.edu.cn/system/_content/download.jsp?urltype=news.DownloadAttachUrl&owner=725121769&wbfileid=16034810",2026-10-08,已复读已取得证据,保留,已截止
M132,经费使用及外拨,官方明确｜按安徽工业大学财务审批报销，开票安徽工业大学；具体外拨未规定。,https://fzxt.ahut.edu.cn/system/_content/download.jsp?urltype=news.DownloadAttachUrl&owner=725121769&wbfileid=16034810,2026-10-08,已复读已取得证据,保留,已截止
M132,研究周期,官方明确｜重点2—3年；一般2年。,"https://fzxt.ahut.edu.cn/info/1017/1276.htm
https://fzxt.ahut.edu.cn/system/_content/download.jsp?urltype=news.DownloadAttachUrl&owner=725121769&wbfileid=16034810",2026-10-08,已复读已取得证据,保留,已截止
M132,成果数量及署名,官方明确｜重点至少2篇、一般至少1篇二类以上期刊论文；实验室署名并标基金。全额资助项目实验室第一单位。,"https://fzxt.ahut.edu.cn/info/1017/1276.htm
https://fzxt.ahut.edu.cn/system/_content/download.jsp?urltype=news.DownloadAttachUrl&owner=725121769&wbfileid=16034810",2026-10-08,已复读已取得证据,保留,已截止
M132,知识产权,官方明确｜实验室全额资助成果归实验室；自带经费合作成果共有。,https://fzxt.ahut.edu.cn/system/_content/download.jsp?urltype=news.DownloadAttachUrl&owner=725121769&wbfileid=16034810,2026-10-08,已复读已取得证据,保留,已截止
M132,材料及提交方式,官方明确｜2025-04-30截止；纸质3份，电子发chenbinahut@163.com；陈老师0555-2315107。,"https://fzxt.ahut.edu.cn/info/1017/1276.htm
https://fzxt.ahut.edu.cn/system/_content/download.jsp?urltype=news.DownloadAttachUrl&owner=725121769&wbfileid=16034810",2026-10-08,已复读已取得证据,保留,已截止
M061,实际任务筛选,保留｜特种重载机器人、机器视觉、多源信息融合与控制,https://robotlab.ahut.edu.cn/info/1549/1412.htm,2026-10-08,已复读已取得证据,保留,已截止
M061,正式公告/指南,正式开放课题公告｜已复读原官方公告；附件缺口见条款列,https://robotlab.ahut.edu.cn/info/1549/1412.htm,2026-10-08,已复读已取得证据,保留,已截止
M061,截止日期,2025-11-30；北京时间时点：未公开/未取得,https://robotlab.ahut.edu.cn/info/1549/1412.htm,2026-10-08,未核清/有缺口,保留,已截止
M061,资助金额,不超过3万元,https://robotlab.ahut.edu.cn/info/1549/1412.htm,2026-10-08,已复读已取得证据,保留,已截止
M061,申请资格,"官方明确｜1． 申请人具有博士学位或中级以上职称，校外申请人应联合本实验室研究人员合作申报；
已获得本实验室开放基金资助的研究人员在课题结题之前，不得再次申请开放基金；",https://robotlab.ahut.edu.cn/info/1549/1412.htm,2026-10-08,已复读已取得证据,保留,已截止
M061,合作及访问,官方明确｜1． 申请人具有博士学位或中级以上职称，校外申请人应联合本实验室研究人员合作申报；,https://robotlab.ahut.edu.cn/info/1549/1412.htm,2026-10-08,已复读已取得证据,保留,已截止
M061,经费使用及外拨,公开资料未载明｜已取得公开资料未载明经费使用及外拨的完整条款。,https://robotlab.ahut.edu.cn/info/1549/1412.htm,2026-10-08,未核清/有缺口,保留,已截止
M061,研究周期,官方明确｜4． 项目的研究周期一般为两年，执行时间以下达时为准，为规范项目管理，申报书中项目起止时间应填：2026年01月01日至2027年12月31日；,https://robotlab.ahut.edu.cn/info/1549/1412.htm,2026-10-08,已复读已取得证据,保留,已截止
M061,成果数量及署名,"官方明确｜5． 获批课题负责人项目中期需提交中期报告，结题需提交结题报告，同时至少满足以下成果要求中的一项：（1）在SCI/EI收录的期刊上发表与课题研究相关论文2篇；
获授权发明专利的专利权人应为安徽工业大学。
论文发表时，本实验室为第一完成单位，成果的中、英文署名分别为“安徽省特种重载机器人重点实验室”和“Anhui Province Key Laboratory of Special Heavy Load Robot , Maanshan,243032” 。
论文应标注“安徽省特种重载机器人重点实验室开放基金资助项目”（英文：supported by the Open Project of Anhui Province Key Laboratory of Special Heavy Load Robot）和项目编号。",https://robotlab.ahut.edu.cn/info/1549/1412.htm,2026-10-08,已复读已取得证据,保留,已截止
M061,知识产权,官方明确｜6． 由本实验室资助的开放基金课题，其研究成果归本实验室。,https://robotlab.ahut.edu.cn/info/1549/1412.htm,2026-10-08,已复读已取得证据,保留,已截止
M061,材料及提交方式,"官方明确｜2． 申请人需填写《安徽省特种重载机器人重点实验室开放基金申请书》(见附件)，于2025年11月30日前将电子版发送至指定的电子信箱。
邮件主题为姓名-单位-安徽省特种重载机器人重点实验室2026年度开放课题申请。
本实验室开放课题已经全面实现无纸化申请，申请阶段无需提交纸质版申请书，请申请人对材料的真实性负责。
待项目获批后，申请人再按照实验室通知将签字盖章的纸质申请书和任务书（一式两份）一起提交。
E-mail：tzjqr@ahut.edu.cn",https://robotlab.ahut.edu.cn/info/1549/1412.htm,2026-10-08,已复读已取得证据,保留,已截止
M062,实际任务筛选,待核｜公告列电力电子、新能源和运动控制，但未明确机器人或具体运动装备任务；不得仅凭运动控制词保留。,https://www.ahut.edu.cn/info/1022/27329.htm,2026-10-08,未核清/有缺口,待核,方向待核·已截止
M062,正式公告/指南,正式开放课题公告｜已复读原官方公告；附件缺口见条款列,https://www.ahut.edu.cn/info/1022/27329.htm,2026-10-08,已复读已取得证据,待核,方向待核·已截止
M062,截止日期,2025-11-30；北京时间时点：未公开/未取得,https://www.ahut.edu.cn/info/1022/27329.htm,2026-10-08,未核清/有缺口,待核,方向待核·已截止
M062,资助金额,一般1–2万元,https://www.ahut.edu.cn/info/1022/27329.htm,2026-10-08,已复读已取得证据,待核,方向待核·已截止
M062,申请资格,"官方明确｜1．具有博士学位或具有硕士学位及中级以上专业技术职称的国内外科技工作者，均可在本实验室规定的范围内提出资助申请。
具有硕士学位但不具有中级专业技术职称的申请者，原则上需要具有高级专业职称的同行专家推荐。
3、申请者一般应具有博士学位或具有硕士学位及中级以上专业技术职称。
4、主持重点实验室开放基金项目尚未结题的人员不得申报。
1、申请人按要求填写《电力电子与运动控制安徽普通高校重点实验室开放研究基金项目申请书》，将电子版发送至指定邮箱。","https://www.ahut.edu.cn/info/1022/27329.htm
https://www.ahut.edu.cn/system/_content/download.jsp?urltype=news.DownloadAttachUrl&owner=1674998025&wbfileid=16074881",2026-10-08,已复读已取得证据,待核,方向待核·已截止
M062,合作及访问,官方明确｜2．凡申请本实验室开放基金资助的研究课题，必须符合本实验室的研究方向，对具有重大意义、处于学科前沿的研究课题、国际合作研究课题及优秀青年科技工作者，本实验室将优先予以资助。,https://www.ahut.edu.cn/info/1022/27329.htm,2026-10-08,已复读已取得证据,待核,方向待核·已截止
M062,经费使用及外拨,"官方明确｜对不报送进展报告、工作无进展、经费使用不当的项目，项目负责人如不能纠正、补报，重点实验室有权终止资助。
2、经费开支的范围：资助经费主要用于与项目相关的科研业务费（包括实验材料、设备、测试、差旅、会议、出版、文献、信息传播、知识产权事务等费用），按项目计划任务书中经费预算合理使用。
5、项目验收完成后，如果存在结余经费，重点实验室参照安徽省教育厅相关科研项目结余经费管理办法进行处理。",https://www.ahut.edu.cn/system/_content/download.jsp?urltype=news.DownloadAttachUrl&owner=1674998025&wbfileid=16074881,2026-10-08,已复读已取得证据,待核,方向待核·已截止
M062,研究周期,"官方明确｜本次开放基金课题研究周期一般为2年，执行时间以下达时为准，为规范管理，申请书中项目起止时间应填2026年01月01日至2027年12月31日。
6、基金项目的研究年限一般为2年。
2、研究计划实施中，涉及到预定目标、研究内容、计划实施等的改变、以及提前结题或延长年限等变动，项目负责人须提出报告，经所在单位审查签署意见后，报重点实验室审批。","https://www.ahut.edu.cn/info/1022/27329.htm
https://www.ahut.edu.cn/system/_content/download.jsp?urltype=news.DownloadAttachUrl&owner=1674998025&wbfileid=16074881",2026-10-08,已复读已取得证据,待核,方向待核·已截止
M062,成果数量及署名,官方明确｜结题一类期刊论文≥1篇或二类以上期刊≥2篇；第一作者和通讯作者完成单位须标实验室，并标基金，否则不计。成果、论文、专利由实验室与研究者单位共有。结束3个月内报总结、论文及资料；结题报告一式3份，单位签署盖章；验收提交经财务审核盖章的决算。目标、内容、计划或期限变更须报告、单位审查并经实验室审批；不能按时验收须申请延期，最长1年。,"https://www.ahut.edu.cn/info/1022/27329.htm
https://www.ahut.edu.cn/system/_content/download.jsp?urltype=news.DownloadAttachUrl&owner=1674998025&wbfileid=16074881",2026-10-08,已复读已取得证据,待核,方向待核·已截止
M062,知识产权,"官方明确｜由本实验室资助的开放基金课题，其研究成果归本实验室所有。
1、开放基金资助项目所取得的论文、成果和专利，归重点实验室和研究者所在单位共有，第一作者和责任作者（通讯作者）的完成单位必须标注重点实验室。","https://www.ahut.edu.cn/info/1022/27329.htm
https://www.ahut.edu.cn/system/_content/download.jsp?urltype=news.DownloadAttachUrl&owner=1674998025&wbfileid=16074881",2026-10-08,已复读已取得证据,待核,方向待核·已截止
M062,材料及提交方式,"官方明确｜1．符合申请对象的研究人员提交开放基金课题申请书电子文档发送至指定电子邮箱，以“课题申报(申请者单位+申请者姓名)”作为电子版文件名。
凡申请者请认真阅读《电力电子与运动控制安徽普通高校重点实验室开放基金开放基金申请和管理办法》，填写《电力电子与运动控制安徽普通高校重点实验室开放基金开放基金申请书》，将申请书WORD和PDF电子档发到指定的电子邮箱。
申请受理邮箱：286833231@qq.com；
1、申请人按要求填写《电力电子与运动控制安徽普通高校重点实验室开放研究基金项目申请书》，将电子版发送至指定邮箱。
4、公示无异议后，通知申请人填写《电力电子与运动控制安徽普通高校重点实验室开放研究基金项目计划任务书》，将电子版发送至指定邮箱，接受审核。
5、申请人打印《电力电子与运动控制安徽普通高校重点实验室开放研究基金项目申请书》、《电力电子与运动控制安徽普通高校重点实验室开放研究基金项目计划任务书》各一式三份，经项目组成员签字、申请人所在单位审核，签署意见，加盖公章后报送实验室。","https://www.ahut.edu.cn/info/1022/27329.htm
https://www.ahut.edu.cn/system/_content/download.jsp?urltype=news.DownloadAttachUrl&owner=1674998025&wbfileid=16074881",2026-10-08,已复读已取得证据,待核,方向待核·已截止
M042,实际任务筛选,保留｜工业机器人控制与智能制造；无人机飞控与低空智联,https://cee.ahpu.edu.cn/lapic/2025/0827/c7174a253666/page.htm,2026-10-08,已复读已取得证据,保留,已截止
M042,正式公告/指南,正式开放课题公告｜已复读原官方公告；附件缺口见条款列,https://cee.ahpu.edu.cn/lapic/2025/0827/c7174a253666/page.htm,2026-10-08,已复读已取得证据,保留,已截止
M042,截止日期,2025-09-03；北京时间时点：未公开/未取得,https://cee.ahpu.edu.cn/lapic/2025/0827/c7174a253666/page.htm,2026-10-08,未核清/有缺口,保留,已截止
M042,资助金额,5万元,https://cee.ahpu.edu.cn/lapic/2025/0827/c7174a253666/page.htm,2026-10-08,已复读已取得证据,保留,已截止
M042,申请资格,"官方明确｜1、申请人应具备博士学位或副教授以上职称（或相当职称）。
1、课题获批资助后，项目申请人按要求提交项目计划任务书并开展课题研究。",https://cee.ahpu.edu.cn/lapic/2025/0827/c7174a253666/page.htm,2026-10-08,已复读已取得证据,保留,已截止
M042,合作及访问,"官方明确｜3、2025年度开放课题优先资助校外申请人，每个课题须有实验室和中心固定研究人员作为课题合作人。
课题合作人由实验室和中心指定，协助校外申请人开展研究并代理完成课题材料提交等工作。
（3）申请人与课题合作人推动实验室和中心参与国家级科研平台共建。",https://cee.ahpu.edu.cn/lapic/2025/0827/c7174a253666/page.htm,2026-10-08,已复读已取得证据,保留,已截止
M042,经费使用及外拨,"官方明确｜2、课题经费分两次拨付至申请人所在单位，项目获批后拨付60%资助经费，项目结题后拨付40%资助经费。
3、资助经费主要用于与项目相关的科研业务费，按项目计划任务书中经费预算合理使用。",https://cee.ahpu.edu.cn/lapic/2025/0827/c7174a253666/page.htm,2026-10-08,已复读已取得证据,保留,已截止
M042,研究周期,"官方明确｜获批资助的课题负责人根据批准经费、研究期限和评审意见，认真填写《项目计划任务书》，经所在单位审核盖章后，报送实验室与中心，作为拨款和考核依据。
开放课题研究期限为两年，起止时间为2025年10月1日至2027年9月30日。",https://cee.ahpu.edu.cn/lapic/2025/0827/c7174a253666/page.htm,2026-10-08,已复读已取得证据,保留,已截止
M042,成果数量及署名,官方明确｜2025年度优先资助以下预期成果之一：①申请人与合作人共同获得省部科技奖或一级学会科技奖二等奖以上1项，合作人一等奖前5或二等奖前3、安徽工程大学一等奖前3或二等奖前2；②联合申请国家级科技奖或国家级教学成果奖1项；③推动实验室和中心参与国家级科研平台共建。具体考核按任务书。成果规范标注相应实验室或中心，论文要求实验室或中心第一单位。,https://cee.ahpu.edu.cn/lapic/2025/0827/c7174a253666/page.htm,2026-10-08,已复读已取得证据,保留,已截止
M042,知识产权,"官方明确｜皖江高端装备制造协同创新中心（以下简称“中心”）以安徽省重大需求和皖江区域经济社会发展为导向，通过机制体制改革创新，形成创新资源和要素的集聚体，建立系统化、整体性协同创新的科研组织与管理模式，推进资源合理配置与成果共享，实现跨单位、跨学科的联合攻关，提升核心创新能力。
八、研究成果的标注及归属
1、开放基金资助课题取得的成果，归实验室与中心和课题研究人员所在单位共有，成果鉴定和报奖由实验室与中心和课题研究人员所在单位共同办理。",https://cee.ahpu.edu.cn/lapic/2025/0827/c7174a253666/page.htm,2026-10-08,已复读已取得证据,保留,已截止
M042,材料及提交方式,"官方明确｜1、申请开放课题必须按规定填写《2025年度开放课题基金申请书》（附件2），经申请人所在单位签署意见并加盖公章后，将签字盖章后的申请书彩色扫描件（PDF格式）和Word电子版提交至实验室指定邮箱（详见联系方式），申请书纸质版由申请人妥善保管，待项目立项后与计划任务书纸质版共同提交。
获批资助的课题负责人根据批准经费、研究期限和评审意见，认真填写《项目计划任务书》，经所在单位审核盖章后，报送实验室与中心，作为拨款和考核依据。
电子邮箱：yunuo@ahpu.edu.cn",https://cee.ahpu.edu.cn/lapic/2025/0827/c7174a253666/page.htm,2026-10-08,已复读已取得证据,保留,已截止
M063,实际任务筛选,保留｜智能机器人信息感知、多源融合与控制,https://iiam.ahnu.edu.cn/info/1281/4171.htm,2026-10-08,已复读已取得证据,保留,已截止
M063,正式公告/指南,正式开放课题公告｜已复读原官方公告；附件缺口见条款列,https://iiam.ahnu.edu.cn/info/1281/4171.htm,2026-10-08,已复读已取得证据,保留,已截止
M063,截止日期,2026-08-14；北京时间时点：未公开/未取得,https://iiam.ahnu.edu.cn/info/1281/4171.htm,2026-10-08,未核清/有缺口,保留,已截止
M063,资助金额,约2万元,https://iiam.ahnu.edu.cn/info/1281/4171.htm,2026-10-08,已复读已取得证据,保留,已截止
M063,申请资格,公开资料未载明｜已取得公开资料未载明申请资格的完整条款。,https://iiam.ahnu.edu.cn/info/1281/4171.htm,2026-10-08,未核清/有缺口,保留,已截止
M063,合作及访问,公开资料未载明｜已取得公开资料未载明合作及访问的完整条款。,https://iiam.ahnu.edu.cn/info/1281/4171.htm,2026-10-08,未核清/有缺口,保留,已截止
M063,经费使用及外拨,官方明确｜2.2026年度，工程研究中心拟根据研究方向设立开放基金课题，平均资助额度约2万元，获批立项划拨立项经费的50%，正常结题划拨立项经费的其余50%。,https://iiam.ahnu.edu.cn/info/1281/4171.htm,2026-10-08,已复读已取得证据,保留,已截止
M063,研究周期,"官方明确｜研究期限一般为2年，本年度项目执行期为2026.09.01-2028.08.31。
1.获开放基金资助的课题，课题负责人应按批准金额、研究年限和评审意见，在一个月内编写研究工作计划，并签订课题研究合同。",https://iiam.ahnu.edu.cn/info/1281/4171.htm,2026-10-08,已复读已取得证据,保留,已截止
M063,成果数量及署名,"官方明确｜3.课题受资助的研究成果，由工程研究中心和研究者单位共享。
研究成果或论文发表时，必须注明受“安徽省智能机器人信息融合与控制工程研究中心（英文名：Anhui Engineering Research Center on Information Fusion and Control of Intelligent Robot）”资助。",https://iiam.ahnu.edu.cn/info/1281/4171.htm,2026-10-08,已复读已取得证据,保留,已截止
M063,知识产权,官方明确｜3.课题受资助的研究成果，由工程研究中心和研究者单位共享。,https://iiam.ahnu.edu.cn/info/1281/4171.htm,2026-10-08,已复读已取得证据,保留,已截止
M063,材料及提交方式,官方明确｜申请人请于2026年8月14日前将纸质申请书一式二份交至安徽师范大学智能信息与先进制造学院科研办公室，并将电子申请书发送至邮箱gaof1988@126.com。,https://iiam.ahnu.edu.cn/info/1281/4171.htm,2026-10-08,已复读已取得证据,保留,已截止
M082,实际任务筛选,剔除｜实际任务为医疗多模态数据、大模型与健康决策应用；未列物理机器人任务。,https://rizt.zju.edu.cn/2026/0122/c44789a3130666/page.htm,2026-10-08,已复读已取得证据,剔除,已剔除·范围不符
M082,正式公告/指南,正式开放课题公告｜已复读原官方公告；附件缺口见条款列,https://rizt.zju.edu.cn/2026/0122/c44789a3130666/page.htm,2026-10-08,已复读已取得证据,剔除,已剔除·范围不符
M082,截止日期,2026-02-28；北京时间时点：未公开/未取得,https://rizt.zju.edu.cn/2026/0122/c44789a3130666/page.htm,2026-10-08,未核清/有缺口,剔除,已剔除·范围不符
M082,资助金额,一般5—10万元、重点20—30万元,https://rizt.zju.edu.cn/2026/0122/c44789a3130666/page.htm,2026-10-08,已复读已取得证据,剔除,已剔除·范围不符
M082,申请资格,官方明确｜资助额度一般为20-30万元/项，研究周期不超过2年，申请人应具有副高及以上职称或博士学位，承担过国家或省部级医疗人工智能相关方向科研项目的研究人员、课题成果包含医疗器械注册证及相应成果转化的项目优先支持。,https://rizt.zju.edu.cn/2026/0122/c44789a3130666/page.htm,2026-10-08,已复读已取得证据,剔除,已剔除·范围不符
M082,合作及访问,公开资料未载明｜已取得公开资料未载明合作及访问的完整条款。,"https://rizt.zju.edu.cn/2026/0122/c44789a3130666/page.htm
https://rizt.zju.edu.cn/44780/list.htm",2026-10-08,未核清/有缺口,剔除,已剔除·范围不符
M082,经费使用及外拨,官方明确｜具体立项数量和资助额度将根据年度经费预算及课题申报和评审情况统筹确定，经费将不进行外拨。,https://rizt.zju.edu.cn/2026/0122/c44789a3130666/page.htm,2026-10-08,已复读已取得证据,剔除,已剔除·范围不符
M082,研究周期,"官方明确｜资助额度一般为20-30万元/项，研究周期不超过2年，申请人应具有副高及以上职称或博士学位，承担过国家或省部级医疗人工智能相关方向科研项目的研究人员、课题成果包含医疗器械注册证及相应成果转化的项目优先支持。
资助额度一般为5-10万元/项，研究周期不超过2年，申请人应具有硕士以上学历，参加过申报医疗人工智能相关方向的项目并发表有相应的核心期刊论文，有独立研究的能力。",https://rizt.zju.edu.cn/2026/0122/c44789a3130666/page.htm,2026-10-08,已复读已取得证据,剔除,已剔除·范围不符
M082,成果数量及署名,官方明确｜资助额度一般为20-30万元/项，研究周期不超过2年，申请人应具有副高及以上职称或博士学位，承担过国家或省部级医疗人工智能相关方向科研项目的研究人员、课题成果包含医疗器械注册证及相应成果转化的项目优先支持。,https://rizt.zju.edu.cn/2026/0122/c44789a3130666/page.htm,2026-10-08,已复读已取得证据,剔除,已剔除·范围不符
M082,知识产权,公开资料未载明｜已取得公开资料未载明知识产权的完整条款。,https://rizt.zju.edu.cn/2026/0122/c44789a3130666/page.htm,2026-10-08,未核清/有缺口,剔除,已剔除·范围不符
M082,材料及提交方式,"官方明确｜拟申请实验室开放课题的申请人，请认真填写《全省医疗智能决策重点实验室开放课题申请书》（附件1），并于2026年2月28日中午12:00前，将电子版申请书发送至实验室指定邮箱：imds@tzizju.cn
（以邮件发送时间为准，邮件主题请注明“开放课题申请+申请人姓名”）。",https://rizt.zju.edu.cn/2026/0122/c44789a3130666/page.htm,2026-10-08,已复读已取得证据,剔除,已剔除·范围不符
M024,实际任务筛选,保留｜交叉前沿中的智能无人系统；工艺、设备与控制一体化,https://sklict.zju.edu.cn/2025/0311/c85587a3136919/page.htm,2026-10-08,已复读已取得证据,保留,已截止
M024,正式公告/指南,正式开放课题公告｜已复读原官方公告；附件缺口见条款列,https://sklict.zju.edu.cn/2025/0311/c85587a3136919/page.htm,2026-10-08,已复读已取得证据,保留,已截止
M024,截止日期,2026-03-20；北京时间时点：未公开/未取得,https://sklict.zju.edu.cn/2025/0311/c85587a3136919/page.htm,2026-10-08,未核清/有缺口,保留,已截止
M024,资助金额,单项不超过10万元,https://sklict.zju.edu.cn/2025/0311/c85587a3136919/page.htm,2026-10-08,已复读已取得证据,保留,已截止
M024,申请资格,公开资料未载明｜已取得公开资料未载明申请资格的完整条款。,https://sklict.zju.edu.cn/_upload/article/files/5d/0a/a43000ae4b8a8628f03f2bdc8307/be490fc1-e1fe-45ae-b0ec-33ac7019d56f.pdf,2026-10-08,未核清/有缺口,保留,已截止
M024,合作及访问,"官方明确｜全重固定成员查询链接：https://sklict.zju.edu.cn/90387/list.htm
应有至少一位实验室固定人员参与课题的合作研究。
与其合作的实验室固定人员应积极配合，提供办公场地、仪器设备、信息渠道等条件，开展实质性合作，确保课题目标的实现。
6. 实验室为获批的开放课题设立经费专项，与其合作的实验室固定人员为经费专项的执行负责人。",https://sklict.zju.edu.cn/_upload/article/files/5d/0a/a43000ae4b8a8628f03f2bdc8307/be490fc1-e1fe-45ae-b0ec-33ac7019d56f.pdf,2026-10-08,已复读已取得证据,保留,已截止
M024,经费使用及外拨,官方明确｜开放课题经费可用于：开放课题负责人和课题主要参与者访问实验室发生的差旅费、论文/专利等知识产权费用、以实验室流动人员名义出席国内外学术和技术会议发生的费用、研究生助研津贴、业务费等。,https://sklict.zju.edu.cn/_upload/article/files/5d/0a/a43000ae4b8a8628f03f2bdc8307/be490fc1-e1fe-45ae-b0ec-33ac7019d56f.pdf,2026-10-08,已复读已取得证据,保留,已截止
M024,研究周期,官方明确｜开放课题执行期限为 1-2 年，经费资助不超过 10 万。,https://sklict.zju.edu.cn/_upload/article/files/5d/0a/a43000ae4b8a8628f03f2bdc8307/be490fc1-e1fe-45ae-b0ec-33ac7019d56f.pdf,2026-10-08,已复读已取得证据,保留,已截止
M024,成果数量及署名,"官方明确｜实验室形成了“基础研究-技术创新-成果转化-应用辐射”的全链条发展模式，是我国现代工业高端控制装备及系统的技术策源地，创建了工业控制领域自主可控、安全可信的技术体系、装备体系和高度覆盖的产业体系，作出了重大历史性贡献。
科研成果的具体形式包括并不限于：期刊论文、会议报告、开源软件、发明专利、技术标准等。
论文成果应标注：受工业控制技术全国重点实验室开放课题资助(项目编号 ICTxxxx)，或 Supported by the OpenResearch Project of the State Key Laboratory of Industrial ControlTechnology, China (Grant No. ICTxxxx)，专利权人应包含浙江大学。
8. 开放课题在执行期间应提供中期进展报告，并在课题结束 1 个月内提交结题报告。",https://sklict.zju.edu.cn/_upload/article/files/5d/0a/a43000ae4b8a8628f03f2bdc8307/be490fc1-e1fe-45ae-b0ec-33ac7019d56f.pdf,2026-10-08,已复读已取得证据,保留,已截止
M024,知识产权,公开资料未载明｜已取得公开资料未载明知识产权的完整条款。,https://sklict.zju.edu.cn/2025/0311/c85587a3136919/page.htm,2026-10-08,未核清/有缺口,保留,已截止
M024,材料及提交方式,官方明确｜吴老师 0571-87953813 sklict@zju.edu.cn,https://sklict.zju.edu.cn/_upload/article/files/5d/0a/a43000ae4b8a8628f03f2bdc8307/be490fc1-e1fe-45ae-b0ec-33ac7019d56f.pdf,2026-10-08,已复读已取得证据,保留,已截止
M025,实际任务筛选,保留｜自主协同智能控制装备与智能无人系统（湖控专项）,https://sklict.zju.edu.cn/2025/0311/c85587a3147856/page.htm,2026-10-08,已复读已取得证据,保留,已截止
M025,正式公告/指南,正式开放课题公告｜已复读原官方公告；附件缺口见条款列,https://sklict.zju.edu.cn/2025/0311/c85587a3147856/page.htm,2026-10-08,已复读已取得证据,保留,已截止
M025,截止日期,2026-04-20；北京时间时点：未公开/未取得,https://sklict.zju.edu.cn/2025/0311/c85587a3147856/page.htm,2026-10-08,未核清/有缺口,保留,已截止
M025,资助金额,≤10万元,https://sklict.zju.edu.cn/2025/0311/c85587a3147856/page.htm,2026-10-08,已复读已取得证据,保留,已截止
M025,申请资格,"官方明确｜湖州市本地高校、企业与工控全重团队合作；
本年度指南未规定统一学历/职称门槛。",https://sklict.zju.edu.cn/2025/0311/c85587a3147856/page.htm,2026-10-08,已复读已取得证据,保留,已截止
M025,合作及访问,"官方明确｜2、开放课题经费主要用于课题负责人和参与人员在实验室访问工作期间发生的研究费用，包括专用设备费、业务费、劳务费，由课题负责人或合作研究人员提出申请，由工控全重合作人员负责办理报销；
4、开放课题负责人在实验室工作期间所需要的相关设备等由工控全重的合作人员配置，访问结束后归还工控全重；",https://sklict.zju.edu.cn/_upload/article/files/78/0c/0e0b7cb64212855ad4d1fb5eaeb6/cffa0197-6de0-47f3-bf87-72beb7a06283.pdf,2026-10-08,已复读已取得证据,保留,已截止
M025,经费使用及外拨,"官方明确｜资金由工控全重统筹；
专用设备、业务、劳务等由校内合作人员办理报销，不能据此写可外拨。",https://sklict.zju.edu.cn/_upload/article/files/78/0c/0e0b7cb64212855ad4d1fb5eaeb6/cffa0197-6de0-47f3-bf87-72beb7a06283.pdf,2026-10-08,已复读已取得证据,保留,已截止
M025,研究周期,"官方明确｜一般1年；
拟2026年11月中期验收、2027年4月底结题评估。",https://sklict.zju.edu.cn/2025/0311/c85587a3147856/page.htm,2026-10-08,已复读已取得证据,保留,已截止
M025,成果数量及署名,公开资料未载明｜已取得公开资料未载明成果数量及署名的完整条款。,https://sklict.zju.edu.cn/_upload/article/files/78/0c/0e0b7cb64212855ad4d1fb5eaeb6/cffa0197-6de0-47f3-bf87-72beb7a06283.pdf,2026-10-08,未核清/有缺口,保留,已截止
M025,知识产权,公开资料未载明｜已取得公开资料未载明知识产权的完整条款。,https://sklict.zju.edu.cn/2025/0311/c85587a3147856/page.htm,2026-10-08,未核清/有缺口,保留,已截止
M025,材料及提交方式,"官方明确｜2026-04-20前在线提交https://jinshuju.com/f/o008NA；
赵泽斌13216521390/zhaozebin@hiict.org.cn；
吴朦晨0571-87953813/sklict@zju.edu.cn。",https://sklict.zju.edu.cn/2025/0311/c85587a3147856/page.htm,2026-10-08,已复读已取得证据,保留,已截止
M081,实际任务筛选,保留｜人形机器人空间交互、地面多智能体协同与无人机群智能交互,https://idt.eitech.edu.cn/2411.html,2026-10-08,已复读已取得证据,保留,已截止
M081,正式公告/指南,正式开放课题公告｜已复读原官方公告；附件缺口见条款列,https://idt.eitech.edu.cn/2411.html,2026-10-08,已复读已取得证据,保留,已截止
M081,截止日期,2026-04-20；北京时间时点：未公开/未取得,https://idt.eitech.edu.cn/2411.html,2026-10-08,未核清/有缺口,保留,已截止
M081,资助金额,5万元,https://idt.eitech.edu.cn/2411.html,2026-10-08,已复读已取得证据,保留,已截止
M081,申请资格,"官方明确｜1、国内高等院校、科研院所、企业等单位的科研人员，具备博士学位或副高级及以上职称；
2、申请人要求为非本重点实验室固定成员，且至少需要一名本重点实验室固定成员作为课题主要研究人员。
1、申请者请下载《开放基金申请书》（见附件）按要求填写相关信息，请申请人签字并加盖单位公章, 将电子版文件发至邮箱，并在申请书后面附3篇近三年的SCI/EI收录论文。
冠名重点实验室的论文作者，必须为课题申请人，并且要求为第一作者或者通讯作者。",https://idt.eitech.edu.cn/2411.html,2026-10-08,已复读已取得证据,保留,已截止
M081,合作及访问,官方明确｜2、申请人要求为非本重点实验室固定成员，且至少需要一名本重点实验室固定成员作为课题主要研究人员。,https://idt.eitech.edu.cn/2411.html,2026-10-08,已复读已取得证据,保留,已截止
M081,经费使用及外拨,公开资料未载明｜已取得公开资料未载明经费使用及外拨的完整条款。,https://idt.eitech.edu.cn/2411.html,2026-10-08,未核清/有缺口,保留,已截止
M081,研究周期,官方明确｜2026年6月1日至2027年5月31日。,https://idt.eitech.edu.cn/2411.html,2026-10-08,已复读已取得证据,保留,已截止
M081,成果数量及署名,"官方明确｜2、凡依托本开放课题所发表的论文、论著、研究报告、专利以及获奖、项目推广（转让）或应用等时，研究成果及知识产权为本实验室和研究者所在单位共有，发表相应论文或各种技术文件应在成果中注明“宁波市空间智能与数字衍生重点实验室开放课题基金资助(supported by the Open Research Fund of Ningbo Key Laboratory of Spatial Intelligence and Digital Derivative)”。
冠名重点实验室的论文作者，必须为课题申请人，并且要求为第一作者或者通讯作者。",https://idt.eitech.edu.cn/2411.html,2026-10-08,已复读已取得证据,保留,已截止
M081,知识产权,官方明确｜2、凡依托本开放课题所发表的论文、论著、研究报告、专利以及获奖、项目推广（转让）或应用等时，研究成果及知识产权为本实验室和研究者所在单位共有，发表相应论文或各种技术文件应在成果中注明“宁波市空间智能与数字衍生重点实验室开放课题基金资助(supported by the Open Research Fund of Ningbo Key Laboratory of Spatial Intelligence and Digital Derivative)”。,https://idt.eitech.edu.cn/2411.html,2026-10-08,已复读已取得证据,保留,已截止
M081,材料及提交方式,"官方明确｜1、申请者请下载《开放基金申请书》（见附件）按要求填写相关信息，请申请人签字并加盖单位公章, 将电子版文件发至邮箱，并在申请书后面附3篇近三年的SCI/EI收录论文。
邮箱：xliu1@idt.eitech.edu.cn",https://idt.eitech.edu.cn/2411.html,2026-10-08,已复读已取得证据,保留,已截止
M156,实际任务筛选,保留｜云—边—端协同智能陪伴机器人与人机交互,https://ai.jiangnan.edu.cn/info/1037/1070.htm,2026-10-08,已复读已取得证据,保留,已截止
M156,正式公告/指南,正式开放课题公告｜已复读原官方公告；附件缺口见条款列,https://ai.jiangnan.edu.cn/info/1037/1070.htm,2026-10-08,已复读已取得证据,保留,已截止
M156,截止日期,2024-10-30；北京时间时点：未公开/未取得,https://ai.jiangnan.edu.cn/info/1037/1070.htm,2026-10-08,未核清/有缺口,保留,已截止
M156,资助金额,平均2万元/项,https://ai.jiangnan.edu.cn/info/1037/1070.htm,2026-10-08,已复读已取得证据,保留,已截止
M156,申请资格,"官方明确｜博士或副教授/副研究员及以上或相应水平；
仅校内申请人要求35岁以下",https://ai.jiangnan.edu.cn/info/1037/1070.htm,2026-10-08,已复读已取得证据,保留,已截止
M156,合作及访问,官方明确｜公告未明示必须固定合作者,https://ai.jiangnan.edu.cn/info/1037/1070.htm,2026-10-08,已复读已取得证据,保留,已截止
M156,经费使用及外拨,官方明确｜江南大学运行专项，按校财务制度专款专用，外拨未明示,https://ai.jiangnan.edu.cn/info/1037/1070.htm,2026-10-08,已复读已取得证据,保留,已截止
M156,研究周期,官方明确｜1—2年,https://ai.jiangnan.edu.cn/info/1037/1070.htm,2026-10-08,已复读已取得证据,保留,已截止
M156,成果数量及署名,"官方明确｜理工论文路线1年：中心前2单位，≥1篇SCI三区以上或2篇中文EI或1篇CCF/CAAI C以上会议；
2年专利路线：中心前2申请人授权中国发明/PCT≥1项；
2年标准路线：中心前7起草单位标准≥1项。
具体路线适用须任务书确认",https://ai.jiangnan.edu.cn/info/1037/1070.htm,2026-10-08,已复读已取得证据,保留,已截止
M156,知识产权,官方明确｜工程中心与研究者所在单位共享,https://ai.jiangnan.edu.cn/info/1037/1070.htm,2026-10-08,已复读已取得证据,保留,已截止
M156,材料及提交方式,"官方明确｜签章申请纸质2份+电子qianpjiang@jiangnan.edu.cn；
无锡蠡湖大道1800号人工智能与计算机学院",https://ai.jiangnan.edu.cn/info/1037/1070.htm,2026-10-08,已复读已取得证据,保留,已截止
M075,实际任务筛选,保留｜医院与养老院场景的具身智能多模态融合定位,https://szmih.szcu.edu.cn/4135/list.htm,2026-10-08,已复读已取得证据,保留,已截止
M075,正式公告/指南,正式开放课题公告｜已复读原官方公告；附件缺口见条款列,https://szmih.szcu.edu.cn/4135/list.htm,2026-10-08,已复读已取得证据,保留,已截止
M075,截止日期,2026-02-10；北京时间时点：未公开/未取得,https://szmih.szcu.edu.cn/4135/list.htm,2026-10-08,未核清/有缺口,保留,已截止
M075,资助金额,2—3万元/项,https://szmih.szcu.edu.cn/4135/list.htm,2026-10-08,已复读已取得证据,保留,已截止
M075,申请资格,"官方明确｜欢迎国内外学者，在四类康养指南范围内自拟；
正文未规定统一职称/年龄硬门槛",https://szmih.szcu.edu.cn/4135/list.htm,2026-10-08,已复读已取得证据,保留,已截止
M075,合作及访问,官方明确｜建议与固定人员合作（不是强制）,https://szmih.szcu.edu.cn/4135/list.htm,2026-10-08,已复读已取得证据,保留,已截止
M075,经费使用及外拨,"官方明确｜按苏州城市学院报销规则；
外拨未明示",https://szmih.szcu.edu.cn/4135/list.htm,2026-10-08,已复读已取得证据,保留,已截止
M075,研究周期,官方明确｜2026-03-01—2027-06-30,https://szmih.szcu.edu.cn/4135/list.htm,2026-10-08,已复读已取得证据,保留,已截止
M075,成果数量及署名,公开资料未载明｜已取得公开资料未载明成果数量及署名的完整条款。,https://szmih.szcu.edu.cn/4135/list.htm,2026-10-08,未核清/有缺口,保留,已截止
M075,知识产权,公开资料未载明｜已取得公开资料未载明知识产权的完整条款。,https://szmih.szcu.edu.cn/4135/list.htm,2026-10-08,未核清/有缺口,保留,已截止
M075,材料及提交方式,"官方明确｜签章申请扫描件邮件wx31@szcu.edu.cn；
获批7日内签章合同纸质3份；
王老师0512-66556473",https://szmih.szcu.edu.cn/4135/list.htm,2026-10-08,已复读已取得证据,保留,已截止
M023,实际任务筛选,保留｜工程机械多源感知、智能运动控制及智能制造装备（具体课题指标需逐项遵守）,https://keyanchu.syuct.edu.cn/info/1028/2043.htm,2026-10-08,已复读已取得证据,保留,已截止
M023,正式公告/指南,正式开放课题公告｜已复读原官方公告；附件缺口见条款列,https://keyanchu.syuct.edu.cn/info/1028/2043.htm,2026-10-08,已复读已取得证据,保留,已截止
M023,截止日期,2026-05-22；北京时间时点：未公开/未取得,https://keyanchu.syuct.edu.cn/info/1028/2043.htm,2026-10-08,未核清/有缺口,保留,已截止
M023,资助金额,待核,https://keyanchu.syuct.edu.cn/info/1028/2043.htm,2026-10-08,未核清/有缺口,保留,已截止
M023,申请资格,官方明确｜国内外相关领域具有博士学位或副高以上职称的高校/科研机构的科研人员，并有较好研究积累，具备实施课题研究的能力和条件。,https://keyanchu.syuct.edu.cn/info/1028/2043.htm,2026-10-08,已复读已取得证据,保留,已截止
M023,合作及访问,"官方明确｜（1）每项开放课题获批后需与本实验室一名固定研究人员进行合作，开展实质性研究工作（待签订合同后由实验室指定）。
申请专利的发明人应包括课题申请人、实验室固定成员，第一专利权人原则上为江苏徐工国重实验室科技有限公司。
登记的软件著作权中著作权人应包括课题申请人、实验室固定成员。","https://keyanchu.syuct.edu.cn/info/1028/2043.htm
https://mp.weixin.qq.com/s?__biz=MzkxMjU5NDU3Mw==&mid=2247486287&idx=1&sn=624128c2226e7118bc58e83155ecb0f2&scene=25&sessionid=&key=daf9bdc5abc4e8d095a8f024ce94a32b7a0323e92eb21b1110978d53533c3c4ed1e4c1e18d58d7f936d082e6e72c228b9d619bae980dd8e03b0e912431f4a32b5ac9ba44f863e55196d36d320ac9ac413e5a8628d74cff10991a48a519e18403a7f57ba9c487971c87a11da094a91665a637bbfe3e6746f6c654ff21c728bf96&ascene=0&uin=MjA4MDIxMTA4Mw%3D%3D&devicetype=UnifiedPCWindows&version=f254191e&lang=zh_CN&countrycode=CN&exportkey=n_ChQIAhIQwQK2zbYgO6wZbcDwuwlzbhLoAQIE97dBBAEAAAAAAAI4C689RtcAAAAOpnltbLcz9gKNyK89dVj0Jrawwxw4z5javZyrGtMml%2FV3ZqG2mPb15uDTYrA9KlHF2NWbgB6hwU5iSkTFUyONmIRSDAwg6vTGTtwlzx4428llbS%2B5datRiIi20Cf3NUDmbUkRBi6gW9u4v9LHI%2BxC%2ByczAq42rVc04ADGzYgaiYYOZmHpxtjnsdZK8TCsoGeBr5ehf5hjfKmZqJjawX63ACkF9%2BrtMZymF2uqoJhA6nIivD4U%2FASsNwozGz0TSIBNsRpzaXvxF0bg6SBo%2FhQoVFI%3D&acctmode=0&pass_ticket=MBZ7HHLDg1vseNLaEswtBJdsAcyR9eG%2FSSp5x8sq7qBVCzBS2lsGdubIc5ChvIM1&wx_header=0",2026-10-08,已复读已取得证据,保留,已截止
M023,经费使用及外拨,公开资料未载明｜已取得公开资料未载明经费使用及外拨的完整条款。,https://keyanchu.syuct.edu.cn/info/1028/2043.htm,2026-10-08,未核清/有缺口,保留,已截止
M023,研究周期,官方明确｜（2）课题研究期限为1年至2年，实验室将组织专家进行会议评审后择优资助，具体金额根据研究内容确定。,https://keyanchu.syuct.edu.cn/info/1028/2043.htm,2026-10-08,已复读已取得证据,保留,已截止
M023,成果数量及署名,"官方明确｜（2）受本实验室资助的开放课题，发表论文的第一作者或通讯作者应为本实验室固定人员，且该第一作者或通讯作者单位中需标注“高端工程机械智能制造全国重点实验室，State Key Laboratory of Intelligent Manufacturing of Advanced Construction Machinery”。
申请专利的发明人应包括课题申请人、实验室固定成员，第一专利权人原则上为江苏徐工国重实验室科技有限公司。
鉴定成果应署：“高端工程机械智能制造全国重点实验室”为该项成果的主要完成单位之一。
（1）申请方式：课题申请者应根据本课题申请指南提出的课题名称、主要研究内容、考核指标，填写附件2《高端工程机械智能制造全国重点实验室开放课题申请书》，并由申请者所在单位签字盖章后报送高端工程机械智能制造全国重点实验室，纸质材料胶装一式三份，并将电子版同时发送至邮箱yangyanli@xcmg.com，邮件主题“2026年开放课题申请+课题名称+申请单位+课题负责人”。",https://keyanchu.syuct.edu.cn/info/1028/2043.htm,2026-10-08,已复读已取得证据,保留,已截止
M023,知识产权,官方明确｜（3）研究成果归属与申请者其他已签订合约不发生冲突。,https://keyanchu.syuct.edu.cn/info/1028/2043.htm,2026-10-08,已复读已取得证据,保留,已截止
M023,材料及提交方式,"官方明确｜（1）申请方式：课题申请者应根据本课题申请指南提出的课题名称、主要研究内容、考核指标，填写附件2《高端工程机械智能制造全国重点实验室开放课题申请书》，并由申请者所在单位签字盖章后报送高端工程机械智能制造全国重点实验室，纸质材料胶装一式三份，并将电子版同时发送至邮箱yangyanli@xcmg.com，邮件主题“2026年开放课题申请+课题名称+申请单位+课题负责人”。
（4）邮寄地址：江苏省徐州市经济开发区驮蓝山路26号，高端工程机械智能制造全国重点实验室（邮编：221004）。",https://keyanchu.syuct.edu.cn/info/1028/2043.htm,2026-10-08,已复读已取得证据,保留,已截止
M076,实际任务筛选,保留｜具身智能机器人、医疗机器人与人机交互,https://jdxy.suda.edu.cn/_t1815/be/36/c12042a704054/page.psp,2026-10-08,已复读已取得证据,保留,已截止
M076,正式公告/指南,正式开放课题公告｜已复读原官方公告；附件缺口见条款列,https://jdxy.suda.edu.cn/_t1815/be/36/c12042a704054/page.psp,2026-10-08,已复读已取得证据,保留,已截止
M076,截止日期,2026-07-31；北京时间时点：未公开/未取得,https://jdxy.suda.edu.cn/_t1815/be/36/c12042a704054/page.psp,2026-10-08,未核清/有缺口,保留,已截止
M076,资助金额,1—3万元,https://jdxy.suda.edu.cn/_t1815/be/36/c12042a704054/page.psp,2026-10-08,已复读已取得证据,保留,已截止
M076,申请资格,"官方明确｜2.申请人需具有博士学位或中级以上职称；
4.承担本实验室在研开放课题的科研人员不得重复申报；",https://jdxy.suda.edu.cn/_t1815/be/36/c12042a704054/page.psp,2026-10-08,已复读已取得证据,保留,已截止
M076,合作及访问,"官方明确｜6.申请人需联合本实验室固定研究人员合作申报，以确保研究的可行性和持续性，鼓励高校、企业及国际团队跨单位合作。
课题成果（论文、专利、获奖、横向企业产学研项目合作等）须标注“受江苏省具身智能机器人技术重点实验室资助（课题编号：########）。
1.重点实验室的结题成果主要包括学术论文、授权专利/软著、专著、联合申报的国家/省部级项目等，具体形式及要求以实验室管理办法或课题任务书为准。",https://jdxy.suda.edu.cn/_t1815/be/36/c12042a704054/page.psp,2026-10-08,已复读已取得证据,保留,已截止
M076,经费使用及外拨,官方明确｜开放课题经费严格按苏大财务管理办法执行，主要用于设备费、业务费和劳务费。,https://jdxy.suda.edu.cn/_t1815/be/36/c12042a704054/page.psp,2026-10-08,已复读已取得证据,保留,已截止
M076,研究周期,官方明确｜2.研究周期：不超过12个月,https://jdxy.suda.edu.cn/_t1815/be/36/c12042a704054/page.psp,2026-10-08,已复读已取得证据,保留,已截止
M076,成果数量及署名,"官方明确｜课题成果（论文、专利、获奖、横向企业产学研项目合作等）须标注“受江苏省具身智能机器人技术重点实验室资助（课题编号：########）。
同时在论文第一作者或通讯作者单位的位置上标注实验室名称(不限完成单位排序)。
1.重点实验室的结题成果主要包括学术论文、授权专利/软著、专著、联合申报的国家/省部级项目等，具体形式及要求以实验室管理办法或课题任务书为准。
2.提交结题报告、完成结题验收。",https://jdxy.suda.edu.cn/_t1815/be/36/c12042a704054/page.psp,2026-10-08,已复读已取得证据,保留,已截止
M076,知识产权,公开资料未载明｜已取得公开资料未载明知识产权的完整条款。,https://jdxy.suda.edu.cn/_t1815/be/36/c12042a704054/page.psp,2026-10-08,未核清/有缺口,保留,已截止
M076,材料及提交方式,"官方明确｜请各位申请人于2026年7月31日前下载并填写《江苏省具身智能机器人技术重点实验室开放研究课题申请书》（附件1 申请书.docx），由申请人所在单位签署意见并加盖单位公章、负责人签章。
申请书电子版发送至zhanghongmiao@suda.edu.cn【申请材料命名：课题名称—负责人所在单位—负责人姓名】",https://jdxy.suda.edu.cn/_t1815/be/36/c12042a704054/page.psp,2026-10-08,已复读已取得证据,保留,已截止
M047,实际任务筛选,保留｜机器人辅助医疗装备及医工学技术（采用2022正式指南，不沿用双臂模仿学习概括）,https://amit.hrbust.edu.cn/home/news/100,2026-10-08,已复读已取得证据,保留,已截止
M047,正式公告/指南,正式开放课题公告｜已复读原官方公告；附件缺口见条款列,https://amit.hrbust.edu.cn/home/news/100,2026-10-08,已复读已取得证据,保留,已截止
M047,截止日期,2022-10-30；北京时间时点：未公开/未取得,https://amit.hrbust.edu.cn/home/news/100,2026-10-08,未核清/有缺口,保留,已截止
M047,资助金额,待核,https://amit.hrbust.edu.cn/home/news/100,2026-10-08,未核清/有缺口,保留,已截止
M047,申请资格,"官方明确｜2022历史公告：副高及以上，或中级且有博士学位；
2026条件未核。","https://amit.hrbust.edu.cn/home/news/100
https://amit.hrbust.edu.cn/",2026-10-08,已复读已取得证据,保留,已截止
M047,合作及访问,官方明确｜根据“开放、联合、流动、竞争”的运行机制，实验室依据学科布局和发展规划，特设立开放课题，资助与实验室研究方向有关的研究项目，加强高层次科技人才的联合培养，促进高水平成果产出。,"https://amit.hrbust.edu.cn/home/news/100
https://amit.hrbust.edu.cn/",2026-10-08,已复读已取得证据,保留,已截止
M047,经费使用及外拨,公开资料未载明｜已取得公开资料未载明经费使用及外拨的完整条款。,https://amit.hrbust.edu.cn/home/news/100,2026-10-08,未核清/有缺口,保留,已截止
M047,研究周期,"官方明确｜2022历史公告称2年，起止2022-12-01至2024-11-31（原公告日期有误，11月不存在31日）；
当期未核。","https://amit.hrbust.edu.cn/home/news/100
https://amit.hrbust.edu.cn/",2026-10-08,已复读已取得证据,保留,已截止
M047,成果数量及署名,"官方明确｜历史公告：论文/专利实验室为作者第一单位；
奖项、转让须列实验室主要完成单位。",https://amit.hrbust.edu.cn/home/news/100,2026-10-08,已复读已取得证据,保留,已截止
M047,知识产权,公开资料未载明｜已取得公开资料未载明知识产权的完整条款。,"https://amit.hrbust.edu.cn/home/news/100
https://amit.hrbust.edu.cn/",2026-10-08,未核清/有缺口,保留,已截止
M047,材料及提交方式,"官方明确｜历史公告：签字盖章纸质原件2份+电子版yuecaixu@hrbust.edu.cn；
2026提交要求未核。",https://amit.hrbust.edu.cn/home/news/100,2026-10-08,已复读已取得证据,保留,已截止
M034,实际任务筛选,保留｜机器人技术与系统、机器人学习、感知与控制,https://robot.hit.edu.cn/2025/1015/c277a379743/page.htm,2026-10-08,已复读已取得证据,保留,已截止
M034,正式公告/指南,正式开放课题公告｜已复读原官方公告；附件缺口见条款列,https://robot.hit.edu.cn/2025/1015/c277a379743/page.htm,2026-10-08,已复读已取得证据,保留,已截止
M034,截止日期,2025-10-31；北京时间时点：未公开/未取得,https://robot.hit.edu.cn/2025/1015/c277a379743/page.htm,2026-10-08,未核清/有缺口,保留,已截止
M034,资助金额,部分资助8–10万元,https://robot.hit.edu.cn/2025/1015/c277a379743/page.htm,2026-10-08,已复读已取得证据,保留,已截止
M034,申请资格,官方明确｜1、凡具有高级专业技术职称或已取得博士学位，从事机器人技术与系统方面的研究人员均可申请本开放基金，优先支持40岁以下的青年学者。,https://robot.hit.edu.cn/2025/1015/c277a379743/page.htm,2026-10-08,已复读已取得证据,保留,已截止
M034,合作及访问,官方明确｜3、实验室开放课题实行合作制，凡在重点实验室申请的开放课题，需有1名实验室固定人员作为合作者，合作者的研究方向与开放课题相近。,https://robot.hit.edu.cn/2025/1015/c277a379743/page.htm,2026-10-08,已复读已取得证据,保留,已截止
M034,经费使用及外拨,公开资料未载明｜已取得公开资料未载明经费使用及外拨的完整条款。,https://robot.hit.edu.cn/2025/1015/c277a379743/page.htm,2026-10-08,未核清/有缺口,保留,已截止
M034,研究周期,公开资料未载明｜已取得公开资料未载明研究周期的完整条款。,https://robot.hit.edu.cn/2025/1015/c277a379743/page.htm,2026-10-08,未核清/有缺口,保留,已截止
M034,成果数量及署名,公开资料未载明｜已取得公开资料未载明成果数量及署名的完整条款。,https://robot.hit.edu.cn/2025/1015/c277a379743/page.htm,2026-10-08,未核清/有缺口,保留,已截止
M034,知识产权,公开资料未载明｜已取得公开资料未载明知识产权的完整条款。,https://robot.hit.edu.cn/2025/1015/c277a379743/page.htm,2026-10-08,未核清/有缺口,保留,已截止
M034,材料及提交方式,"官方明确｜2、申请者发送以下材料至实验室邮箱sklrs@hit.edu.cn，邮件以“所在单位+姓名”命名。
（1）带有签字和所在二级单位盖章的完整版申请书扫描件；",https://robot.hit.edu.cn/2025/1015/c277a379743/page.htm,2026-10-08,已复读已取得证据,保留,已截止
M005,实际任务筛选,保留｜具身智能（仅保留正式指南第7项方向）,https://www.cebsit.cas.cn/nrzylnznzdsys/kfkt/202604/t20260407_8182418.html,2026-10-08,已复读已取得证据,保留,已截止
M005,正式公告/指南,正式开放课题公告｜已复读原官方公告；附件缺口见条款列,https://www.cebsit.cas.cn/nrzylnznzdsys/kfkt/202604/t20260407_8182418.html,2026-10-08,已复读已取得证据,保留,已截止
M005,截止日期,2026-05-06；北京时间时点：未公开/未取得,https://www.cebsit.cas.cn/nrzylnznzdsys/kfkt/202604/t20260407_8182418.html,2026-10-08,未核清/有缺口,保留,已截止
M005,资助金额,10—15万元,https://www.cebsit.cas.cn/nrzylnznzdsys/kfkt/202604/t20260407_8182418.html,2026-10-08,已复读已取得证据,保留,已截止
M005,申请资格,"官方明确｜申请人应为国内外相关领域具有副高级及以上职称的研究人员，且具备独立工作能力的非本实验室成员。
已获得本实验室开放课题资助的项目负责人，项目在研期内不得重复申请。",https://www.cebsit.cas.cn/nrzylnznzdsys/kfkt/202604/t20260407_8182418.html,2026-10-08,已复读已取得证据,保留,已截止
M005,合作及访问,"官方明确｜申请人应为国内外相关领域具有副高级及以上职称的研究人员，且具备独立工作能力的非本实验室成员。
申请人应以本实验室的学术骨干所在研究组为依托，受到资助后应与依托的研究组开展实质性合作研究。",https://www.cebsit.cas.cn/nrzylnznzdsys/kfkt/202604/t20260407_8182418.html,2026-10-08,已复读已取得证据,保留,已截止
M005,经费使用及外拨,"官方明确｜开放课题经费不外拨。
经费用于与开放课题相关的设备费和业务费。",https://www.cebsit.cas.cn/nrzylnznzdsys/kfkt/202604/t20260407_8182418.html,2026-10-08,已复读已取得证据,保留,已截止
M005,研究周期,官方明确｜本年度计划支持开放课题3-5项，每项资助经费10-15万元/2年，项目周期2年。,https://www.cebsit.cas.cn/nrzylnznzdsys/kfkt/202604/t20260407_8182418.html,2026-10-08,已复读已取得证据,保留,已截止
M005,成果数量及署名,官方明确｜受实验室开放课题资助的项目，发表学术论文时须按以下格式共同署名，署名排序由申请人和依托研究组负责人根据双方在工作中的实际贡献，依照国际通行的惯例讨论确定。,https://www.cebsit.cas.cn/nrzylnznzdsys/kfkt/202604/t20260407_8182418.html,2026-10-08,已复读已取得证据,保留,已截止
M005,知识产权,公开资料未载明｜已取得公开资料未载明知识产权的完整条款。,https://www.cebsit.cas.cn/nrzylnznzdsys/kfkt/202604/t20260407_8182418.html,2026-10-08,未核清/有缺口,保留,已截止
M005,材料及提交方式,"官方明确｜申请者应认真填写《脑认知与类脑智能全国重点实验室开放课题申请书》，经所在单位同意并加盖公章后，向实验室提交加盖公章的纸质申请材料1份，同时提交与纸质申请材料完全一致的电子版材料1份，电子版材料请抄送合作的学术骨干。
联系人：李老师、肖老师
E-mail: keylab@ion.ac.cn",https://www.cebsit.cas.cn/nrzylnznzdsys/kfkt/202604/t20260407_8182418.html,2026-10-08,已复读已取得证据,保留,已截止
M055,实际任务筛选,剔除｜当期任务为藏文语言、文化生成、舆情、遥感及舞蹈体态分析；未列机器人任务。,https://kjc.qhnu.edu.cn/info/1062/2244.htm,2026-10-08,已复读已取得证据,剔除,已剔除·范围不符
M055,正式公告/指南,正式开放课题公告｜已复读原官方公告；附件缺口见条款列,https://kjc.qhnu.edu.cn/info/1062/2244.htm,2026-10-08,已复读已取得证据,剔除,已剔除·范围不符
M055,截止日期,2026-01-31；北京时间时点：未公开/未取得,https://kjc.qhnu.edu.cn/info/1062/2244.htm,2026-10-08,未核清/有缺口,剔除,已剔除·范围不符
M055,资助金额,3—5万元,https://kjc.qhnu.edu.cn/info/1062/2244.htm,2026-10-08,已复读已取得证据,剔除,已剔除·范围不符
M055,申请资格,"官方明确｜国内外博士或高级职称固定研究人员；
在站博士后、本室在研未结题负责人不能申请；
上次合格结题者两年内不能再任负责人，优秀者可连续。","https://kjc.qhnu.edu.cn/info/1062/2234.htm
https://kjc.qhnu.edu.cn/info/1062/2244.htm",2026-10-08,已复读已取得证据,剔除,已剔除·范围不符
M055,合作及访问,"官方明确｜校外须与本室固定人员实质合作；
无联系人时实验室可推荐。","https://kjc.qhnu.edu.cn/info/1062/2234.htm
https://kjc.qhnu.edu.cn/info/1062/2238.htm",2026-10-08,已复读已取得证据,剔除,已剔除·范围不符
M055,经费使用及外拨,"官方明确｜原则经费在青海师范使用，不外拨，由固定联系人协助。
可报差旅、咨询评审、算力租赁、印刷图书、数据录入等。","https://kjc.qhnu.edu.cn/info/1062/2234.htm
https://kjc.qhnu.edu.cn/info/1062/2238.htm",2026-10-08,已复读已取得证据,剔除,已剔除·范围不符
M055,研究周期,官方明确｜1年：2026年4月—2027年3月。,"https://kjc.qhnu.edu.cn/info/1062/2234.htm
https://kjc.qhnu.edu.cn/info/1062/2238.htm",2026-10-08,已复读已取得证据,剔除,已剔除·范围不符
M055,成果数量及署名,"已核条款（仍有缺口）｜发表成果须与固定联系人协商按方向标注对应实验室；
公告未公布统一论文数或量化结题指标，合同待核。","https://kjc.qhnu.edu.cn/info/1062/2234.htm
https://kjc.qhnu.edu.cn/info/1062/2238.htm",2026-10-08,未核清/有缺口,剔除,已剔除·范围不符
M055,知识产权,已核条款（仍有缺口）｜公告未明确知识产权权属，须合同确认。,https://kjc.qhnu.edu.cn/info/1062/2244.htm,2026-10-08,未核清/有缺口,剔除,已剔除·范围不符
M055,材料及提交方式,"官方明确｜2026-01-31前PDF申请书发zhonglin_ye@foxmail.com，可电子签名；
获批合同须盖章，2026-03-31前交纸质。
联系人冶忠林15003661051。","https://kjc.qhnu.edu.cn/info/1062/2234.htm
https://kjc.qhnu.edu.cn/info/1062/2244.htm",2026-10-08,已复读已取得证据,剔除,已剔除·范围不符
F001,实际任务筛选,待核｜迈瑞专项属其他资助；当前指南资料未核实机器人具体任务，医学器械或超声领域不能直接代替机器人关联。,https://www.cutech.edu.cn/detail/46-839,2026-10-08,未核清/有缺口,待核,方向待核·公告已发布
F001,正式公告/指南,其他资助｜已复读原官方公告；附件缺口见条款列,https://www.cutech.edu.cn/detail/46-839,2026-10-08,已复读已取得证据,待核,方向待核·公告已发布
F001,截止日期,2026-11-06；北京时间时点：未公开/未取得,https://www.cutech.edu.cn/detail/46-839,2026-10-08,未核清/有缺口,待核,方向待核·公告已发布
F001,资助金额,总支持≥10万元；现金≥总支持50%,https://www.cutech.edu.cn/detail/46-839,2026-10-08,已复读已取得证据,待核,方向待核·公告已发布
F001,申请资格,"官方明确｜1.请各课题申请人按要求填写《迈瑞专项申请书》（附件2），并将签字盖章后的PDF扫描文件上传至：http://cxjj.cutech.edu.cn。
1.申请人须仔细阅读申请指南，按照指南详细填写申请书，填写不合要求的课题会按照格式不符合要求处理。
2.请各课题申请人按要求填写申请书（申请书中手机和邮箱必须填写），加盖学校公章及签字后扫描上传至：http://cxjj.cutech.edu.cn；","https://www.cutech.edu.cn/detail/46-839
https://www.cutech.edu.cn/images/20260807/d2b840ebbc4da55fba29bcec.docx",2026-10-08,已复读已取得证据,待核,方向待核·公告已发布
F001,合作及访问,公开资料未载明｜已取得公开资料未载明合作及访问的完整条款。,"https://www.cutech.edu.cn/detail/46-839
https://www.cutech.edu.cn/images/20260807/d2b840ebbc4da55fba29bcec.docx",2026-10-08,未核清/有缺口,待核,方向待核·公告已发布
F001,经费使用及外拨,公开资料未载明｜已取得公开资料未载明经费使用及外拨的完整条款。,"https://www.cutech.edu.cn/detail/46-839
https://www.cutech.edu.cn/images/20260807/d2b840ebbc4da55fba29bcec.docx",2026-10-08,未核清/有缺口,待核,方向待核·公告已发布
F001,研究周期,官方明确｜2027-01-01—2027-12-31,https://www.cutech.edu.cn/detail/46-839,2026-10-08,已复读已取得证据,待核,方向待核·公告已发布
F001,成果数量及署名,"官方明确｜6.优先支持有既往研究数据或明确研究成果的项目，成果有应用价值，课题可复制、可推广，不支持纯理论研究。
在课题申请书中引用他人研究成果时，必须以脚注或其他方式注明出处，引用目的应是介绍、评论与自己的研究相关的成果或说明与自己的研究相关的技术问题。","https://www.cutech.edu.cn/detail/46-839
https://www.cutech.edu.cn/images/20260807/d2b840ebbc4da55fba29bcec.docx",2026-10-08,已复读已取得证据,待核,方向待核·公告已发布
F001,知识产权,官方明确｜资助方与课题承担单位共同所有,"https://www.cutech.edu.cn/detail/46-839
https://www.cutech.edu.cn/images/20260807/d2b840ebbc4da55fba29bcec.docx",2026-10-08,已复读已取得证据,待核,方向待核·公告已发布
F001,材料及提交方式,"官方明确｜签章PDF上传http://cxjj.cutech.edu.cn；
纸质1份寄北京中关村大街35号1005室教育部高等学校科学研究发展中心新技术应用研究处","https://www.cutech.edu.cn/detail/46-839
https://www.cutech.edu.cn/images/20260807/d2b840ebbc4da55fba29bcec.docx",2026-10-08,已复读已取得证据,待核,方向待核·公告已发布
F002,实际任务筛选,保留｜机器人具身测控、边缘测控装备与低空感知系统（其他资助）,https://www.cutech.edu.cn/detail/46-838,2026-10-08,已复读已取得证据,保留,受理中·条件待核
F002,正式公告/指南,其他资助｜已复读原官方公告；附件缺口见条款列,https://www.cutech.edu.cn/detail/46-838,2026-10-08,已复读已取得证据,保留,受理中·条件待核
F002,截止日期,2027-01-15；北京时间时点：未公开/未取得,https://www.cutech.edu.cn/detail/46-838,2026-10-08,未核清/有缺口,保留,受理中·条件待核
F002,资助金额,科研经费5—25/25—100万元（一般/重点）；另有软硬件支持,https://www.cutech.edu.cn/detail/46-838,2026-10-08,已复读已取得证据,保留,受理中·条件待核
F002,申请资格,"官方明确｜面向高校，申请人具备相应研究基础及独立组织研究能力；
团队不少于3人，每人限报1项；
需有可独立支配的基础软硬件条件。
指南未列统一博士/职称/年龄门槛。","https://www.cutech.edu.cn/detail/46-838
https://www.cutech.edu.cn/images/20260806/c8f848f4b632a52755952703.docx",2026-10-08,已复读已取得证据,保留,受理中·条件待核
F002,合作及访问,"官方明确｜未要求联合实验室固定人员；
依托专项企业提供的算力/测控平台。
跨校联合申报须列明任务分工；
无需额外购买配套设备或软件。","https://www.cutech.edu.cn/detail/46-838
https://www.cutech.edu.cn/images/20260806/c8f848f4b632a52755952703.docx",2026-10-08,已复读已取得证据,保留,受理中·条件待核
F002,经费使用及外拨,"已核条款（仍有缺口）｜公告明确区分研究经费与软硬件平台：一般研究经费5—25万元（总支持10—50万元），重点研究经费25—100万元（总支持50—200万元）。
具体现金到款方式、外拨节点和报销约束未公开，须确认，不能把平台价值当现金。
公开资料未载明｜已取得公开资料未载明经费使用及外拨的完整条款。","https://www.cutech.edu.cn/detail/46-838
https://www.cutech.edu.cn/images/20260806/c8f848f4b632a52755952703.docx",2026-10-08,未核清/有缺口,保留,受理中·条件待核
F002,研究周期,"官方明确｜2027年6月1日至2028年12月31日；
可协商延期，最长2年。","https://www.cutech.edu.cn/detail/46-838
https://www.cutech.edu.cn/images/20260806/c8f848f4b632a52755952703.docx",2026-10-08,已复读已取得证据,保留,受理中·条件待核
F002,成果数量及署名,"官方明确｜优先支持可转化、可复制推广成果；
已读公告和指南未规定统一论文篇数、署名次序和具体验收数量，须在获批协议中确认。","https://www.cutech.edu.cn/detail/46-838
https://www.cutech.edu.cn/images/20260806/c8f848f4b632a52755952703.docx",2026-10-08,已复读已取得证据,保留,受理中·条件待核
F002,知识产权,"官方明确｜5. 资助课题获得的知识产权由资助方和课题承担单位共同所有。
10. 资助课题项目获得的知识产权由合作方和课题项目承担单位共同所有；","https://www.cutech.edu.cn/detail/46-838
https://www.cutech.edu.cn/images/20260806/c8f848f4b632a52755952703.docx",2026-10-08,已复读已取得证据,保留,受理中·条件待核
F002,材料及提交方式,"官方明确｜1. 请各课题申请人按要求填写《中国高校产学研创新基金申请书》（附件2），并将签字盖章后的PDF扫描文件上传至：https://cxjj.cutech.edu.cn。
三、联系人及联系方式
1. 教育部高等学校科学研究发展中心联系人： 张 杰 电话：010-62514689
2. 中国仪器仪表学会联系人： 王 海 电话：13810665145
3. 重庆海云捷迅科技有限公司联系人： 冯 辉 电话：13901376040
2. 请各课题申请人按要求填写申请书（申请书中手机和邮箱必须填写），加盖公章及签字后扫描上传至：https://cxjj.cutech.edu.cn；
为方便评审，申请书扫描件请按以下命名规则命名：学校名称+申请人姓名。
3. 申请书书面材料一份，邮寄至：北京市海淀区中关村大街35号803室，教育部高等学校科学研究发展中心信息化研究发展处。
五、联系人及联系方式
教育部高等学校科学研究发展中心联系人： 张 杰 电话：010-62514689
中国仪器仪表学会联系人： 王 海 电话：13810665145
重庆海云捷迅科技有限公司联系人： 冯 辉 电话：13901376040","https://www.cutech.edu.cn/detail/46-838
https://www.cutech.edu.cn/images/20260806/c8f848f4b632a52755952703.docx",2026-10-08,已复读已取得证据,保留,受理中·条件待核
F003,实际任务筛选,待核｜正式指南发布通告已取得，完整机器人联合基金指南须登录GRANTS；截止、金额和资格不得据题名推断。,https://www.nsfc.gov.cn/p1/3381/2824/143111.html,2026-10-08,未核清/有缺口,待核,完整指南/窗口待核
F003,正式公告/指南,其他资助·正式指南发布通告｜完整指南或本期公告未取得/待核,https://www.nsfc.gov.cn/p1/3381/2824/143111.html,2026-10-08,未核清/有缺口,待核,完整指南/窗口待核
F003,截止日期,未取得；北京时间时点：未公开/未取得,https://www.nsfc.gov.cn/p1/3381/2824/143111.html,2026-10-08,未核清/有缺口,待核,完整指南/窗口待核
F003,资助金额,待核,https://www.nsfc.gov.cn/p1/3381/2824/143111.html,2026-10-08,未核清/有缺口,待核,完整指南/窗口待核
F003,申请资格,资料未取得｜正式通告要求登录GRANTS查看完整指南；该字段尚未核清。字段：申请资格,https://www.nsfc.gov.cn/p1/3381/2824/143111.html,2026-10-08,未核清/有缺口,待核,完整指南/窗口待核
F003,合作及访问,资料未取得｜正式通告要求登录GRANTS查看完整指南；该字段尚未核清。字段：合作及访问,"https://www.nsfc.gov.cn/p1/3381/2824/143111.html
https://www.nsfc.gov.cn/p1/3381/2824/zntg.html",2026-10-08,未核清/有缺口,待核,完整指南/窗口待核
F003,经费使用及外拨,资料未取得｜正式通告要求登录GRANTS查看完整指南；该字段尚未核清。字段：经费使用及外拨,https://www.nsfc.gov.cn/p1/3381/2824/143111.html,2026-10-08,未核清/有缺口,待核,完整指南/窗口待核
F003,研究周期,资料未取得｜正式通告要求登录GRANTS查看完整指南；该字段尚未核清。字段：研究周期,https://www.nsfc.gov.cn/p1/3381/2824/143111.html,2026-10-08,未核清/有缺口,待核,完整指南/窗口待核
F003,成果数量及署名,资料未取得｜正式通告要求登录GRANTS查看完整指南；该字段尚未核清。字段：成果数量及署名,https://www.nsfc.gov.cn/p1/3381/2824/zntg.html,2026-10-08,未核清/有缺口,待核,完整指南/窗口待核
F003,知识产权,资料未取得｜正式通告要求登录GRANTS查看完整指南；该字段尚未核清。字段：知识产权,https://www.nsfc.gov.cn/p1/3381/2824/143111.html,2026-10-08,未核清/有缺口,待核,完整指南/窗口待核
F003,材料及提交方式,官方明确｜依托单位和申请人登录https://grants.nsfc.gov.cn，在“项目管理—项目指南”模块查看完整指南，按指南要求申请。具体材料未取得。,https://www.nsfc.gov.cn/p1/3381/2824/143111.html,2026-10-08,未核清/有缺口,待核,完整指南/窗口待核
F004,实际任务筛选,待核｜正式空间智能与世界模型指南发布通告已取得，完整指南须登录GRANTS；机器人具体任务和申报条款仍待核实。,https://www.nsfc.gov.cn/p1/3381/2824/142425.html,2026-10-08,未核清/有缺口,待核,完整指南/窗口待核
F004,正式公告/指南,其他资助·正式指南发布通告｜完整指南或本期公告未取得/待核,https://www.nsfc.gov.cn/p1/3381/2824/142425.html,2026-10-08,未核清/有缺口,待核,完整指南/窗口待核
F004,截止日期,未取得；北京时间时点：未公开/未取得,https://www.nsfc.gov.cn/p1/3381/2824/142425.html,2026-10-08,未核清/有缺口,待核,完整指南/窗口待核
F004,资助金额,待核,https://www.nsfc.gov.cn/p1/3381/2824/142425.html,2026-10-08,未核清/有缺口,待核,完整指南/窗口待核
F004,申请资格,资料未取得｜正式通告要求登录GRANTS查看完整指南；该字段尚未核清。字段：申请资格,https://www.nsfc.gov.cn/p1/3381/2824/142425.html,2026-10-08,未核清/有缺口,待核,完整指南/窗口待核
F004,合作及访问,资料未取得｜正式通告要求登录GRANTS查看完整指南；该字段尚未核清。字段：合作及访问,https://www.nsfc.gov.cn/p1/3381/2824/zntg.html,2026-10-08,未核清/有缺口,待核,完整指南/窗口待核
F004,经费使用及外拨,资料未取得｜正式通告要求登录GRANTS查看完整指南；该字段尚未核清。字段：经费使用及外拨,https://www.nsfc.gov.cn/p1/3381/2824/142425.html,2026-10-08,未核清/有缺口,待核,完整指南/窗口待核
F004,研究周期,资料未取得｜正式通告要求登录GRANTS查看完整指南；该字段尚未核清。字段：研究周期,https://www.nsfc.gov.cn/p1/3381/2824/142425.html,2026-10-08,未核清/有缺口,待核,完整指南/窗口待核
F004,成果数量及署名,资料未取得｜正式通告要求登录GRANTS查看完整指南；该字段尚未核清。字段：成果数量及署名,https://www.nsfc.gov.cn/p1/3381/2824/zntg.html,2026-10-08,未核清/有缺口,待核,完整指南/窗口待核
F004,知识产权,资料未取得｜正式通告要求登录GRANTS查看完整指南；该字段尚未核清。字段：知识产权,https://www.nsfc.gov.cn/p1/3381/2824/142425.html,2026-10-08,未核清/有缺口,待核,完整指南/窗口待核
F004,材料及提交方式,官方明确｜依托单位和申请人登录https://grants.nsfc.gov.cn，在“项目管理—项目指南”模块查看完整指南，按指南要求申请。具体材料未取得。,https://www.nsfc.gov.cn/p1/3381/2824/142425.html,2026-10-08,未核清/有缺口,待核,完整指南/窗口待核
R001,申请资格,官方明确｜年度指南要求副教授以上职称且博士；办法第三条写副高或博士，第七条又写副高且博士，资格措辞冲突须确认。在研本室基金未结题不得新申报；曾获资助须提交既往结题与成果。,"https://raolab.bjtu.edu.cn/news/3521.html
https://raolab.bjtu.edu.cn/wp-content/uploads/2026/09/先进轨道交通自主运行全国重点实验室开放课题管理办法.pdf",2026-10-08,官方正文/附件，缺口分别标记,保留,受理中·条件待核
R001,合作及访问,官方明确｜获批后实验室为每项配一名人员作为合作者；负责人一律为客座研究人员，须保证到室交流时间；每年到室报告进展并交流，具体天数已取得公开资料未载。,"https://raolab.bjtu.edu.cn/news/3521.html
https://raolab.bjtu.edu.cn/wp-content/uploads/2026/09/先进轨道交通自主运行全国重点实验室开放课题管理办法.pdf",2026-10-08,官方正文/附件，缺口分别标记,保留,受理中·条件待核
R001,经费使用及外拨,官方明确（管理办法）｜不允许收取管理费；承担单位不收管理费时允许外拨，不允许向境外单位拨付；否则由室内负责人账户报销。首拨40%，余60%按进展、客座及考核核拨；可用于业务、材料、差旅、论文等，客座生活津贴从基金支出。能否按南信大财务安排外拨须确认。,"https://raolab.bjtu.edu.cn/news/3521.html
https://raolab.bjtu.edu.cn/wp-content/uploads/2026/09/先进轨道交通自主运行全国重点实验室开放课题管理办法.pdf",2026-10-08,官方正文/附件，缺口分别标记,保留,受理中·条件待核
R001,研究周期,冲突待确认｜指南写一般2年，但同时明确2026-11-01—2027-10-31，实际列示1年；两者均保留。,"https://raolab.bjtu.edu.cn/news/3521.html
https://raolab.bjtu.edu.cn/wp-content/uploads/2026/09/先进轨道交通自主运行全国重点实验室开放课题管理办法.pdf",2026-10-08,官方正文/附件，缺口分别标记,保留,受理中·条件待核
R001,成果数量及署名,官方明确｜年度指南二选一：SCI三区及以上论文至少1—2篇（保留原措辞），第一年投稿1篇；或联合发布技术白皮书1部。办法要求论文第一作者为负责人/课题组，责任教授为唯一通讯作者，实验室为第一完成单位；白皮书实验室第一或第二单位，责任教授署名前三。标注实验室基金及项目编号；中期进展，到期2个月内结题，提交成果电子/纸质件。,"https://raolab.bjtu.edu.cn/news/3521.html
https://raolab.bjtu.edu.cn/wp-content/uploads/2026/09/先进轨道交通自主运行全国重点实验室开放课题管理办法.pdf",2026-10-08,官方正文/附件，缺口分别标记,保留,受理中·条件待核
R001,知识产权,官方明确｜成果由实验室与研究者所在单位共享；办法按国家及北京交通大学有关知识产权规定执行。,"https://raolab.bjtu.edu.cn/news/3521.html
https://raolab.bjtu.edu.cn/wp-content/uploads/2026/09/先进轨道交通自主运行全国重点实验室开放课题管理办法.pdf",2026-10-08,官方正文/附件，缺口分别标记,保留,受理中·条件待核
R001,材料及提交方式,官方明确｜Word电子版发hrma@bjtu.edu.cn；年度指南纸质2份，负责人及课题组签字、单位盖章；通用办法写3份，份数待确认。寄北京交通大学实验室，100044。截止2026-10-20，具体时点未公开。马老师010-51684773。,"https://raolab.bjtu.edu.cn/news/3521.html
https://raolab.bjtu.edu.cn/wp-content/uploads/2026/09/先进轨道交通自主运行全国重点实验室开放课题管理办法.pdf",2026-10-08,官方正文/附件，缺口分别标记,保留,受理中·条件待核
R001,年度与受理,2027；截止2026-10-20 ,https://raolab.bjtu.edu.cn/news/3521.html,2026-10-08,正式开放课题公告,保留,受理中·条件待核
R001,任务筛选,具身智能在自主系统中的应用；运载工具协同控制；多模态运行环境感知及跨场景泛化,https://raolab.bjtu.edu.cn/news/3521.html,2026-10-08,正式开放课题公告,保留,受理中·条件待核
R001,金额,4—10万元；约10项,https://raolab.bjtu.edu.cn/news/3521.html,2026-10-08,正式开放课题公告,保留,受理中·条件待核
R001,待手动核验,资格“且/或”、一般2年与所列1年、纸质2/3份存在冲突；访问天数与论文1—2篇具体门槛未明确；外拨须结合双方管理费规则确认。,https://raolab.bjtu.edu.cn/news/3521.html,2026-10-08,正式开放课题公告,保留,受理中·条件待核
R002,申请资格,官方明确｜非实验室固定人员、非支撑院系博士后；博士且中级以上职称，有基础研究经历。限项已取得正文未载。,https://www.ase.tsinghua.edu.cn/notice-center/zhinenglusecheliangyujiaotongquanguozhongdianshiyanshiguanyushenbao2026niandukaifangjijinketidetongzhi,2026-10-08,官方正文/附件，缺口分别标记,保留,已截止
R002,合作及访问,官方明确｜必须有本室固定人员作为合作者；访问时长已取得正文未载。,https://www.ase.tsinghua.edu.cn/notice-center/zhinenglusecheliangyujiaotongquanguozhongdianshiyanshiguanyushenbao2026niandukaifangjijinketidetongzhi,2026-10-08,官方正文/附件，缺口分别标记,保留,已截止
R002,经费使用及外拨,官方未公开（已取得正文未载）；管理附件未取得，待手动填写。,https://www.ase.tsinghua.edu.cn/notice-center/zhinenglusecheliangyujiaotongquanguozhongdianshiyanshiguanyushenbao2026niandukaifangjijinketidetongzhi,2026-10-08,官方正文/附件，缺口分别标记,保留,已截止
R002,研究周期,官方明确｜2年，2026年1月—2027年12月。,https://www.ase.tsinghua.edu.cn/notice-center/zhinenglusecheliangyujiaotongquanguozhongdianshiyanshiguanyushenbao2026niandukaifangjijinketidetongzhi,2026-10-08,官方正文/附件，缺口分别标记,保留,已截止
R002,成果数量及署名,官方明确｜每年进展报告；结束后1个月内提交结题和财务决算；成果须实验室署名、基金编号致谢。统一论文/专利数量已取得正文未载。,https://www.ase.tsinghua.edu.cn/notice-center/zhinenglusecheliangyujiaotongquanguozhongdianshiyanshiguanyushenbao2026niandukaifangjijinketidetongzhi,2026-10-08,官方正文/附件，缺口分别标记,保留,已截止
R002,知识产权,官方明确｜双方共同享有；科技奖励联合申报；成果转让收益共享、比例另议。,https://www.ase.tsinghua.edu.cn/notice-center/zhinenglusecheliangyujiaotongquanguozhongdianshiyanshiguanyushenbao2026niandukaifangjijinketidetongzhi,2026-10-08,官方正文/附件，缺口分别标记,保留,已截止
R002,材料及提交方式,官方明确｜签章PDF与Word各1份发sisijun@mail.tsinghua.edu.cn；国内可盖二级单位章，国外签字即可；文件名单位-姓名-课题名。截止2025-11-30。司驷骏010-62788781，清华汽车研究所201。,https://www.ase.tsinghua.edu.cn/notice-center/zhinenglusecheliangyujiaotongquanguozhongdianshiyanshiguanyushenbao2026niandukaifangjijinketidetongzhi,2026-10-08,官方正文/附件，缺口分别标记,保留,已截止
R002,年度与受理,2026；截止2025-11-30 ,https://www.ase.tsinghua.edu.cn/notice-center/zhinenglusecheliangyujiaotongquanguozhongdianshiyanshiguanyushenbao2026niandukaifangjijinketidetongzhi,2026-10-08,正式开放课题公告,保留,已截止
R002,任务筛选,高可靠线控智能底盘；智能网联汽车安全驾驶脑（不以电池、热电动力方向作为机器人证据）,https://www.ase.tsinghua.edu.cn/notice-center/zhinenglusecheliangyujiaotongquanguozhongdianshiyanshiguanyushenbao2026niandukaifangjijinketidetongzhi,2026-10-08,正式开放课题公告,保留,已截止
R002,金额,重点20万元；一般10万元,https://www.ase.tsinghua.edu.cn/notice-center/zhinenglusecheliangyujiaotongquanguozhongdianshiyanshiguanyushenbao2026niandukaifangjijinketidetongzhi,2026-10-08,正式开放课题公告,保留,已截止
R002,待手动核验,管理条例附件未取得：经费开支、外拨、限项、访问及统一成果数量待手动核验。,https://www.ase.tsinghua.edu.cn/notice-center/zhinenglusecheliangyujiaotongquanguozhongdianshiyanshiguanyushenbao2026niandukaifangjijinketidetongzhi,2026-10-08,正式开放课题公告,保留,已截止
R003,申请资格,官方明确｜在职副高或博士；其他人员需2名副高以上书面推荐，优秀青年申请不受资历限制；单位同意签章。,https://jdis.gdut.edu.cn/wdzweb/newsread.aspx?ctx=D3A2BB5708F1AD9075C1B5B9115100D1E1DF73E63BABD677,2026-10-08,官方正文/附件，缺口分别标记,保留,已截止
R003,合作及访问,官方未公开（已取得正文未载）；管理附件未取得，待手动填写。,https://jdis.gdut.edu.cn/wdzweb/newsread.aspx?ctx=D3A2BB5708F1AD9075C1B5B9115100D1E1DF73E63BABD677,2026-10-08,官方正文/附件，缺口分别标记,保留,已截止
R003,经费使用及外拨,官方未公开（已取得正文未载）；管理附件未取得，待手动填写。,https://jdis.gdut.edu.cn/wdzweb/newsread.aspx?ctx=D3A2BB5708F1AD9075C1B5B9115100D1E1DF73E63BABD677,2026-10-08,官方正文/附件，缺口分别标记,保留,已截止
R003,研究周期,官方明确｜1—2年。,https://jdis.gdut.edu.cn/wdzweb/newsread.aspx?ctx=D3A2BB5708F1AD9075C1B5B9115100D1E1DF73E63BABD677,2026-10-08,官方正文/附件，缺口分别标记,保留,已截止
R003,成果数量及署名,官方明确｜发表或录用至少2篇SCI；实验室为第一或第二完成单位，按公告指定中英文署名。,https://jdis.gdut.edu.cn/wdzweb/newsread.aspx?ctx=D3A2BB5708F1AD9075C1B5B9115100D1E1DF73E63BABD677,2026-10-08,官方正文/附件，缺口分别标记,保留,已截止
R003,知识产权,官方明确｜实验室、研究者所在单位及其他资助单位共享。,https://jdis.gdut.edu.cn/wdzweb/newsread.aspx?ctx=D3A2BB5708F1AD9075C1B5B9115100D1E1DF73E63BABD677,2026-10-08,官方正文/附件，缺口分别标记,保留,已截止
R003,材料及提交方式,官方明确｜按2018模板申报，获批后签合同，单位盖章合同2份寄实验室。截止2018-06-30；申请初始提交份数及电子方式已取得正文未载。卜研020-39322415；43955686@qq.com；广州大学城外环西路100号工学二号馆213，510006。,https://jdis.gdut.edu.cn/wdzweb/newsread.aspx?ctx=D3A2BB5708F1AD9075C1B5B9115100D1E1DF73E63BABD677,2026-10-08,官方正文/附件，缺口分别标记,保留,已截止
R003,年度与受理,2018；截止2018-06-30 ,https://jdis.gdut.edu.cn/wdzweb/newsread.aspx?ctx=D3A2BB5708F1AD9075C1B5B9115100D1E1DF73E63BABD677,2026-10-08,正式开放课题公告,保留,已截止
R003,任务筛选,精密操作机器人机构优化、复杂机电系统精密运动控制、视觉定位、少自由度精密操作机器人,https://jdis.gdut.edu.cn/wdzweb/newsread.aspx?ctx=D3A2BB5708F1AD9075C1B5B9115100D1E1DF73E63BABD677,2026-10-08,正式开放课题公告,保留,已截止
R003,金额,平均2—3万元,https://jdis.gdut.edu.cn/wdzweb/newsread.aspx?ctx=D3A2BB5708F1AD9075C1B5B9115100D1E1DF73E63BABD677,2026-10-08,正式开放课题公告,保留,已截止
R003,待手动核验,历史管理办法未取得：合作、访问、经费外拨与初始申请材料待核；未发现并不等于不存在2026—2027新公告。,https://jdis.gdut.edu.cn/wdzweb/newsread.aspx?ctx=D3A2BB5708F1AD9075C1B5B9115100D1E1DF73E63BABD677,2026-10-08,正式开放课题公告,保留,已截止
R004,申请资格,官方明确｜面向非本校及本室固定人员；原则上高级职称或博士，有基础研究经历。每人1项；退休、兼职、研究生、在站博士后不得负责人。正文关于博士后表述有歧义，以后段禁止负责人一并保留。,https://automation.gdut.edu.cn/info/1081/10158.htm,2026-10-08,官方正文/附件，缺口分别标记,保留,已截止
R004,合作及访问,官方未公开（已取得正文未载）；管理附件未取得，待手动填写。,https://automation.gdut.edu.cn/info/1081/10158.htm,2026-10-08,官方正文/附件，缺口分别标记,保留,已截止
R004,经费使用及外拨,官方未公开（已取得正文未载）；管理附件未取得，待手动填写。,https://automation.gdut.edu.cn/info/1081/10158.htm,2026-10-08,官方正文/附件，缺口分别标记,保留,已截止
R004,研究周期,官方明确｜2024年11月—2025年5月，以合同为准。,https://automation.gdut.edu.cn/info/1081/10158.htm,2026-10-08,官方正文/附件，缺口分别标记,保留,已截止
R004,成果数量及署名,官方明确｜工作总结及验收；知识产权成果与申请书保持一致；论文论著注明实验室开放课题资助。统一数量正文未载。,https://automation.gdut.edu.cn/info/1081/10158.htm,2026-10-08,官方正文/附件，缺口分别标记,保留,已截止
R004,知识产权,官方未公开（已取得正文未载）；管理附件未取得，待手动填写。,https://automation.gdut.edu.cn/info/1081/10158.htm,2026-10-08,官方正文/附件，缺口分别标记,保留,已截止
R004,材料及提交方式,官方明确｜截止2024-11-29 17:00；A4双面黑白4份，至少1份原件，单位签章邮寄；电子发lijunyi@gdut.edu.cn，课题名称-申请人-单位。广州大学城外环西路100号综合楼312，李军毅17665432018。,https://automation.gdut.edu.cn/info/1081/10158.htm,2026-10-08,官方正文/附件，缺口分别标记,保留,已截止
R004,年度与受理,2024；截止2024-11-29 17:00（北京时间）,https://automation.gdut.edu.cn/info/1081/10158.htm,2026-10-08,正式开放课题公告,保留,已截止
R004,任务筛选,无人自主系统的深度/强化学习优化决策、状态估计与协同控制,https://automation.gdut.edu.cn/info/1081/10158.htm,2026-10-08,正式开放课题公告,保留,已截止
R004,金额,5—10万元,https://automation.gdut.edu.cn/info/1081/10158.htm,2026-10-08,正式开放课题公告,保留,已截止
R004,待手动核验,管理办法附件未取得：外拨/报销、合作及访问、权属与统一成果数量待手动核验。,https://automation.gdut.edu.cn/info/1081/10158.htm,2026-10-08,正式开放课题公告,保留,已截止
R005,申请资格,官方明确｜在岗科研人员，博士或中级职称，全职依托单位；年度1项。固定人员、学生、在研未结题、兼职不得负责人；不得重复资助。,https://www2.scut.edu.cn/autonlab/2025/0411/c4447a585385/page.htm,2026-10-08,官方正文/附件，缺口分别标记,待核,线索待核
R005,合作及访问,官方未公开（已取得正文未载）；管理附件未取得，待手动填写。,https://www2.scut.edu.cn/autonlab/2025/0411/c4447a585385/page.htm,2026-10-08,官方正文/附件，缺口分别标记,待核,线索待核
R005,经费使用及外拨,官方未公开（已取得正文未载）；管理附件未取得，待手动填写。,https://www2.scut.edu.cn/autonlab/2025/0411/c4447a585385/page.htm,2026-10-08,官方正文/附件，缺口分别标记,待核,线索待核
R005,研究周期,资料未取得｜管理办法附件未取得，年度正文未载周期。,https://www2.scut.edu.cn/autonlab/2025/0411/c4447a585385/page.htm,2026-10-08,官方正文/附件，缺口分别标记,待核,线索待核
R005,成果数量及署名,官方未公开（已取得正文未载）；管理附件未取得，待手动填写。,https://www2.scut.edu.cn/autonlab/2025/0411/c4447a585385/page.htm,2026-10-08,官方正文/附件，缺口分别标记,待核,线索待核
R005,知识产权,官方未公开（已取得正文未载）；管理附件未取得，待手动填写。,https://www2.scut.edu.cn/autonlab/2025/0411/c4447a585385/page.htm,2026-10-08,官方正文/附件，缺口分别标记,待核,线索待核
R005,材料及提交方式,官方明确｜A4双面3份，签章后邮寄或交实验室，同时电子发autonlab@scut.edu.cn；广州五山路381号3号楼314B，李老师，510640。,https://www2.scut.edu.cn/autonlab/2025/0411/c4447a585385/page.htm,2026-10-08,官方正文/附件，缺口分别标记,待核,线索待核
R005,年度与受理,2024；截止2024-04-30 ,https://www2.scut.edu.cn/autonlab/2025/0411/c4447a585385/page.htm,2026-10-08,线索,待核,线索待核
R005,任务筛选,年度正文未列任务；2024公告附“2023年度指南”，年度及具体机器人任务须核验,https://www2.scut.edu.cn/autonlab/2025/0411/c4447a585385/page.htm,2026-10-08,线索,待核,线索待核
R005,金额,1—2万元,https://www2.scut.edu.cn/autonlab/2025/0411/c4447a585385/page.htm,2026-10-08,线索,待核,线索待核
R005,待手动核验,附件指南/办法未取得；2024通知挂2023指南文件名，需手动确认适用年度及具体研究任务，不能仅凭实验室名称纳入历史相关项目。,https://www2.scut.edu.cn/autonlab/2025/0411/c4447a585385/page.htm,2026-10-08,线索,待核,线索待核
R006,申请资格,官方已取得片段｜国内外高校、科研院所及企业正式在职科研人员，原则上博士或中级及以上；单位书面同意；同一执行期仅能申请/承担1项本基金。其他要求待完整正文。,https://www.gml.ac.cn/xxgs/923.html,2026-10-08,官方正文/附件，缺口分别标记,待核,线索待核
R006,合作及访问,资料未取得｜完整正文后半段及管理办法未取得。,https://www.gml.ac.cn/xxgs/923.html,2026-10-08,官方正文/附件，缺口分别标记,待核,线索待核
R006,经费使用及外拨,资料未取得｜完整正文后半段及管理办法未取得。,https://www.gml.ac.cn/xxgs/923.html,2026-10-08,官方正文/附件，缺口分别标记,待核,线索待核
R006,研究周期,官方片段明确｜2026-05-01—2027-04-30，1年。,https://www.gml.ac.cn/xxgs/923.html,2026-10-08,官方正文/附件，缺口分别标记,待核,线索待核
R006,成果数量及署名,资料未取得｜完整正文及管理办法未取得。,https://www.gml.ac.cn/xxgs/923.html,2026-10-08,官方正文/附件，缺口分别标记,待核,线索待核
R006,知识产权,资料未取得｜完整正文及管理办法未取得。,https://www.gml.ac.cn/xxgs/923.html,2026-10-08,官方正文/附件，缺口分别标记,待核,线索待核
R006,材料及提交方式,资料未取得｜完整提交要求和截止时点尚缺。,https://www.gml.ac.cn/xxgs/923.html,2026-10-08,官方正文/附件，缺口分别标记,待核,线索待核
R006,年度与受理,2026（首轮）；截止资料未取得 ,https://www.gml.ac.cn/xxgs/923.html,2026-10-08,线索,待核,线索待核
R006,任务筛选,多模态世界模型、智能体感知交互、3D/4D重建及可交互场景；与M097第二批分别记录,https://www.gml.ac.cn/xxgs/923.html,2026-10-08,线索,待核,线索待核
R006,金额,资料未取得｜正文后半段及附件尚缺,https://www.gml.ac.cn/xxgs/923.html,2026-10-08,线索,待核,线索待核
R006,待手动核验,已取得官方网页片段（open_002）；后续访问503/超时，停止重试。请手动打开923.html核截止、金额、完整资格、经费、成果、权属与提交附件；不得套用M097第二批。,https://www.gml.ac.cn/xxgs/923.html,2026-10-08,线索,待核,线索待核
R007,申请资格,官方明确（历史机制）｜博士或副高；2024办法另列中级及2名高级人员推荐条件，须按原文确认；申请与在研合计限2项。,"https://sklms.xjtu.edu.cn/info/1382/3378.htm
https://sklms.xjtu.edu.cn/kfktgl.pdf",2026-10-08,官方正文/附件，缺口分别标记,待核,线索待核
R007,合作及访问,官方未公开（已取得正文未载）；管理附件未取得，待手动填写。,"https://sklms.xjtu.edu.cn/info/1382/3378.htm
https://sklms.xjtu.edu.cn/kfktgl.pdf",2026-10-08,官方正文/附件，缺口分别标记,待核,线索待核
R007,经费使用及外拨,官方明确（2024办法）｜首拨50%、第二年50%；开支材料、测试、差旅会议出版知识产权、劳务等；对南信大外拨条件未明确。,"https://sklms.xjtu.edu.cn/info/1382/3378.htm
https://sklms.xjtu.edu.cn/kfktgl.pdf",2026-10-08,官方正文/附件，缺口分别标记,待核,线索待核
R007,研究周期,官方明确（历史机制）｜自立项当年5月起，1—2年。,"https://sklms.xjtu.edu.cn/info/1382/3378.htm
https://sklms.xjtu.edu.cn/kfktgl.pdf",2026-10-08,官方正文/附件，缺口分别标记,待核,线索待核
R007,成果数量及署名,官方明确（2024办法）｜2篇SCI；通讯作者第一单位为实验室；年度报告、结束后3个月结题，到室参加结题交流。,"https://sklms.xjtu.edu.cn/info/1382/3378.htm
https://sklms.xjtu.edu.cn/kfktgl.pdf",2026-10-08,官方正文/附件，缺口分别标记,待核,线索待核
R007,知识产权,官方明确（2024办法）｜成果共享；具体转让分配未载。,"https://sklms.xjtu.edu.cn/info/1382/3378.htm
https://sklms.xjtu.edu.cn/kfktgl.pdf",2026-10-08,官方正文/附件，缺口分别标记,待核,线索待核
R007,材料及提交方式,官方明确（历史机制）｜每年1月1—31日申报、5月公布；纸质盖章3份及Word电子版，郑老师029-83395052，sklms@mail.xjtu.edu.cn。不能转换为已确认2027窗口。,"https://sklms.xjtu.edu.cn/info/1382/3378.htm
https://sklms.xjtu.edu.cn/kfktgl.pdf",2026-10-08,官方正文/附件，缺口分别标记,待核,线索待核
R007,年度与受理,历史机制（2018页；2024办法）；截止资料未取得 ,https://sklms.xjtu.edu.cn/info/1382/3378.htm,2026-10-08,线索,待核,线索待核
R007,任务筛选,精密微纳制造、核心制造装备；机器人具体任务及2026—2027当期受理公告未取得,https://sklms.xjtu.edu.cn/info/1382/3378.htm,2026-10-08,线索,待核,线索待核
R007,金额,历史网页5—8万元；不能视为2027当期额度,https://sklms.xjtu.edu.cn/info/1382/3378.htm,2026-10-08,线索,待核,线索待核
R007,待手动核验,历史机制并非2026—2027正式当期受理；机器人具体任务指南未取得。需手动核2024办法资格/成果原文及年度有效性。,https://sklms.xjtu.edu.cn/info/1382/3378.htm,2026-10-08,线索,待核,线索待核
R008,申请资格,资料未取得｜2026官方正文及指南未取得。,https://slmt.cqu.edu.cn/info/10663/90052.htm,2026-10-08,官方正文/附件，缺口分别标记,待核,线索待核
R008,合作及访问,资料未取得｜2026官方正文及指南未取得。,https://slmt.cqu.edu.cn/info/10663/90052.htm,2026-10-08,官方正文/附件，缺口分别标记,待核,线索待核
R008,经费使用及外拨,资料未取得｜2026官方正文及指南未取得。,https://slmt.cqu.edu.cn/info/10663/90052.htm,2026-10-08,官方正文/附件，缺口分别标记,待核,线索待核
R008,研究周期,资料未取得｜2026官方正文及指南未取得。,https://slmt.cqu.edu.cn/info/10663/90052.htm,2026-10-08,官方正文/附件，缺口分别标记,待核,线索待核
R008,成果数量及署名,资料未取得｜2026官方正文及指南未取得。,https://slmt.cqu.edu.cn/info/10663/90052.htm,2026-10-08,官方正文/附件，缺口分别标记,待核,线索待核
R008,知识产权,资料未取得｜2026官方正文及指南未取得。,https://slmt.cqu.edu.cn/info/10663/90052.htm,2026-10-08,官方正文/附件，缺口分别标记,待核,线索待核
R008,材料及提交方式,资料未取得｜2026官方正文及指南未取得。,https://slmt.cqu.edu.cn/info/10663/90052.htm,2026-10-08,官方正文/附件，缺口分别标记,待核,线索待核
R008,年度与受理,2026；截止资料未取得 ,https://slmt.cqu.edu.cn/info/10663/90052.htm,2026-10-08,线索,待核,线索待核
R008,任务筛选,2026指南未取得；2025机器人传动任务不得自动沿用,https://slmt.cqu.edu.cn/info/10663/90052.htm,2026-10-08,线索,待核,线索待核
R008,金额,资料未取得,https://slmt.cqu.edu.cn/info/10663/90052.htm,2026-10-08,线索,待核,线索待核
R008,待手动核验,官方链接访问失败；另有第三方2026申报线索，尚不能核实官方年度/任务/截止。手动打开官方页，不能把M033的2025条款套入。,https://slmt.cqu.edu.cn/info/10663/90052.htm,2026-10-08,线索,待核,线索待核
R009,申请资格,资料未取得｜2025年度公告及附件未取得。,https://iot.cqupt.edu.cn/,2026-10-08,官方正文/附件，缺口分别标记,待核,线索待核
R009,合作及访问,资料未取得｜2025年度公告及附件未取得。,https://iot.cqupt.edu.cn/,2026-10-08,官方正文/附件，缺口分别标记,待核,线索待核
R009,经费使用及外拨,资料未取得｜2025年度公告及附件未取得。,https://iot.cqupt.edu.cn/,2026-10-08,官方正文/附件，缺口分别标记,待核,线索待核
R009,研究周期,资料未取得｜2025年度公告及附件未取得。,https://iot.cqupt.edu.cn/,2026-10-08,官方正文/附件，缺口分别标记,待核,线索待核
R009,成果数量及署名,资料未取得｜2025年度公告及附件未取得。,https://iot.cqupt.edu.cn/,2026-10-08,官方正文/附件，缺口分别标记,待核,线索待核
R009,知识产权,资料未取得｜2025年度公告及附件未取得。,https://iot.cqupt.edu.cn/,2026-10-08,官方正文/附件，缺口分别标记,待核,线索待核
R009,材料及提交方式,资料未取得｜2025年度公告及附件未取得。,https://iot.cqupt.edu.cn/,2026-10-08,官方正文/附件，缺口分别标记,待核,线索待核
R009,年度与受理,2025；截止资料未取得 ,https://iot.cqupt.edu.cn/,2026-10-08,线索,待核,线索待核
R009,任务筛选,官方首页出现2025年度开放基金条目；具体任务未取得，不套用2021仿生机器人方向,https://iot.cqupt.edu.cn/,2026-10-08,线索,待核,线索待核
R009,金额,资料未取得,https://iot.cqupt.edu.cn/,2026-10-08,线索,待核,线索待核
R009,待手动核验,官方首页搜索快照显示2025开放基金；主页直接访问超时，停止重试。需手动点击年度通知补任务、截止、金额与全部条款；2026当期公告尚未取得。,https://iot.cqupt.edu.cn/,2026-10-08,线索,待核,线索待核
R010,申请资格,资料未取得｜2026正式公告主体及附件未取得。,"https://vrlab.buaa.edu.cn/index.htm
https://www.funresearch.cn/grant/ZDZiMjNlMjktYzZjYy00YTdhLTlhOTUtNmRlZDA1Y2E0MDc5",2026-10-08,官方正文/附件，缺口分别标记,待核,线索待核
R010,合作及访问,资料未取得｜2026正式公告主体及附件未取得。,"https://vrlab.buaa.edu.cn/index.htm
https://www.funresearch.cn/grant/ZDZiMjNlMjktYzZjYy00YTdhLTlhOTUtNmRlZDA1Y2E0MDc5",2026-10-08,官方正文/附件，缺口分别标记,待核,线索待核
R010,经费使用及外拨,资料未取得｜2026正式公告主体及附件未取得。,"https://vrlab.buaa.edu.cn/index.htm
https://www.funresearch.cn/grant/ZDZiMjNlMjktYzZjYy00YTdhLTlhOTUtNmRlZDA1Y2E0MDc5",2026-10-08,官方正文/附件，缺口分别标记,待核,线索待核
R010,研究周期,资料未取得｜2026正式公告主体及附件未取得。,"https://vrlab.buaa.edu.cn/index.htm
https://www.funresearch.cn/grant/ZDZiMjNlMjktYzZjYy00YTdhLTlhOTUtNmRlZDA1Y2E0MDc5",2026-10-08,官方正文/附件，缺口分别标记,待核,线索待核
R010,成果数量及署名,资料未取得｜2026正式公告主体及附件未取得。,"https://vrlab.buaa.edu.cn/index.htm
https://www.funresearch.cn/grant/ZDZiMjNlMjktYzZjYy00YTdhLTlhOTUtNmRlZDA1Y2E0MDc5",2026-10-08,官方正文/附件，缺口分别标记,待核,线索待核
R010,知识产权,资料未取得｜2026正式公告主体及附件未取得。,"https://vrlab.buaa.edu.cn/index.htm
https://www.funresearch.cn/grant/ZDZiMjNlMjktYzZjYy00YTdhLTlhOTUtNmRlZDA1Y2E0MDc5",2026-10-08,官方正文/附件，缺口分别标记,待核,线索待核
R010,材料及提交方式,资料未取得｜2026正式公告主体及附件未取得。,"https://vrlab.buaa.edu.cn/index.htm
https://www.funresearch.cn/grant/ZDZiMjNlMjktYzZjYy00YTdhLTlhOTUtNmRlZDA1Y2E0MDc5",2026-10-08,官方正文/附件，缺口分别标记,待核,线索待核
R010,年度与受理,2026；截止资料未取得 ,https://vrlab.buaa.edu.cn/index.htm,2026-10-08,线索,待核,线索待核
R010,任务筛选,VR场景智能建模绘制、智能感知与自然人机交互、数字孪生；具体官方年度任务待核,https://vrlab.buaa.edu.cn/index.htm,2026-10-08,线索,待核,线索待核
R010,金额,资料未取得,https://vrlab.buaa.edu.cn/index.htm,2026-10-08,线索,待核,线索待核
R010,待手动核验,官方首页搜索快照显示2026-03-25申请基金通知，实际打开首页及开放栏目返回旧内容。第三方有2026指南转载，不能代替官方核验。手动打开最新通知填写截止、资格、经费、周期、成果与提交要求。,https://vrlab.buaa.edu.cn/index.htm,2026-10-08,线索,待核,线索待核
R011,申请资格,资料未取得｜正式任务指南及主办方原公告未取得。,https://keyanchu.syuct.edu.cn/info/1028/2075.htm,2026-10-08,官方正文/附件，缺口分别标记,待核,线索待核
R011,合作及访问,资料未取得｜正式任务指南及主办方原公告未取得。,https://keyanchu.syuct.edu.cn/info/1028/2075.htm,2026-10-08,官方正文/附件，缺口分别标记,待核,线索待核
R011,经费使用及外拨,资料未取得｜正式任务指南及主办方原公告未取得。,https://keyanchu.syuct.edu.cn/info/1028/2075.htm,2026-10-08,官方正文/附件，缺口分别标记,待核,线索待核
R011,研究周期,资料未取得｜正式任务指南及主办方原公告未取得。,https://keyanchu.syuct.edu.cn/info/1028/2075.htm,2026-10-08,官方正文/附件，缺口分别标记,待核,线索待核
R011,成果数量及署名,资料未取得｜正式任务指南及主办方原公告未取得。,https://keyanchu.syuct.edu.cn/info/1028/2075.htm,2026-10-08,官方正文/附件，缺口分别标记,待核,线索待核
R011,知识产权,资料未取得｜正式任务指南及主办方原公告未取得。,https://keyanchu.syuct.edu.cn/info/1028/2075.htm,2026-10-08,官方正文/附件，缺口分别标记,待核,线索待核
R011,材料及提交方式,资料未取得｜正式任务指南及主办方原公告未取得。,https://keyanchu.syuct.edu.cn/info/1028/2075.htm,2026-10-08,官方正文/附件，缺口分别标记,待核,线索待核
R011,年度与受理,2026；截止资料未取得 ,https://keyanchu.syuct.edu.cn/info/1028/2075.htm,2026-10-08,线索,待核,线索待核
R011,任务筛选,自主导航；具体机器人/无人装备任务指南尚未取得,https://keyanchu.syuct.edu.cn/info/1028/2075.htm,2026-10-08,线索,待核,线索待核
R011,金额,转载线索10万元；原始指南未核,https://keyanchu.syuct.edu.cn/info/1028/2075.htm,2026-10-08,线索,待核,线索待核
R011,待手动核验,官方高校转载在搜索中发现，但正文访问超时。需手动查具体任务、截止、资助标准、资格、合作、外拨、成果及知识产权，未据导航名称纳入相关正式项目。,https://keyanchu.syuct.edu.cn/info/1028/2075.htm,2026-10-08,线索,待核,线索待核
机构：南京信息工程大学,平台/年度检索,省部级平台目录；2026—2027。结果：M185；缺口：未取得认知计算等平台2026—2027开放指南；复杂环境保障复用历史条款,"https://www.nuist.edu.cn/kxyj/sbjkypt.htm
https://cgwcgzx.nuist.edu.cn/7040/list.psp
https://df.nuist.edu.cn/kypt/list.htm
https://bulletin.nuist.edu.cn/kyxx.htm
https://dxy.nuist.edu.cn/__local/5/05/2C/AB442E1AE16238E9C6A85742E7E_F0A9F1C8_33976.pdf
https://wdy.nuist.edu.cn/2025/0916/c2983a290115/pagem.htm",2026-10-08,目录/检索记录；不等同正式受理,部分覆盖,待核具体缺口
机构：南京信息工程大学,平台/年度检索,复杂环境智能保障、认知计算与智能信息处理；2026—2027。结果：M185；缺口：未取得认知计算等平台2026—2027开放指南；复杂环境保障复用历史条款,"https://www.nuist.edu.cn/kxyj/sbjkypt.htm
https://cgwcgzx.nuist.edu.cn/7040/list.psp
https://df.nuist.edu.cn/kypt/list.htm
https://bulletin.nuist.edu.cn/kyxx.htm
https://dxy.nuist.edu.cn/__local/5/05/2C/AB442E1AE16238E9C6A85742E7E_F0A9F1C8_33976.pdf
https://wdy.nuist.edu.cn/2025/0916/c2983a290115/pagem.htm",2026-10-08,目录/检索记录；不等同正式受理,部分覆盖,待核具体缺口
机构：南京大学,平台/年度检索,"软件新技术全国重点实验室；2026—2027。结果：M021,M194；缺口：固体微结构2026指南仍待核；软件之外智能平台未取得开放机制","https://www.nju.edu.cn/info/1056/421891.htm
https://keysoftlab.nju.edu.cn/1573/list.htm
https://sme.nju.edu.cn/znxtglx/list.htm
https://sslab.nju.edu.cn/Jsqist/kfkt/list.htm
https://www.nju.edu.cn/info/3341/451081.htm
https://ai.nju.edu.cn/rinc/
https://hr.nju.edu.cn/_upload/article/files/d6/ff/a6366b4f4a549b409cd5a7375c2b/6a4ec138-77de-470b-b593-38c7df02f9bc.pdf
https://is.nju.edu.cn/e5/33/c57162a845107/page.htm
https://ra.nju.edu.cn/szll/zzjs/20260403/i371555.html",2026-10-08,目录/检索记录；不等同正式受理,部分覆盖,待核具体缺口
机构：南京大学,平台/年度检索,"固体微结构物理；2026—2027。结果：M021,M194；缺口：固体微结构2026指南仍待核；软件之外智能平台未取得开放机制","https://www.nju.edu.cn/info/1056/421891.htm
https://keysoftlab.nju.edu.cn/1573/list.htm
https://sme.nju.edu.cn/znxtglx/list.htm
https://sslab.nju.edu.cn/Jsqist/kfkt/list.htm
https://www.nju.edu.cn/info/3341/451081.htm
https://ai.nju.edu.cn/rinc/
https://hr.nju.edu.cn/_upload/article/files/d6/ff/a6366b4f4a549b409cd5a7375c2b/6a4ec138-77de-470b-b593-38c7df02f9bc.pdf
https://is.nju.edu.cn/e5/33/c57162a845107/page.htm
https://ra.nju.edu.cn/szll/zzjs/20260403/i371555.html",2026-10-08,目录/检索记录；不等同正式受理,部分覆盖,待核具体缺口
机构：南京大学,平台/年度检索,"智能科学研究线索；2026—2027。结果：M021,M194；缺口：固体微结构2026指南仍待核；软件之外智能平台未取得开放机制","https://www.nju.edu.cn/info/1056/421891.htm
https://keysoftlab.nju.edu.cn/1573/list.htm
https://sme.nju.edu.cn/znxtglx/list.htm
https://sslab.nju.edu.cn/Jsqist/kfkt/list.htm
https://www.nju.edu.cn/info/3341/451081.htm
https://ai.nju.edu.cn/rinc/
https://hr.nju.edu.cn/_upload/article/files/d6/ff/a6366b4f4a549b409cd5a7375c2b/6a4ec138-77de-470b-b593-38c7df02f9bc.pdf
https://is.nju.edu.cn/e5/33/c57162a845107/page.htm
https://ra.nju.edu.cn/szll/zzjs/20260403/i371555.html",2026-10-08,目录/检索记录；不等同正式受理,部分覆盖,待核具体缺口
机构：东南大学,平台/年度检索,"新一代人工智能技术实验室；2026—2027。结果：M046,M045；缺口：前两平台2026—2027公告未取得；机器人感知控制、精准医学装备独立开放指南未取得；毫米波2026任务不据“智能”纳入","https://aiia.seu.edu.cn/50239/list.htm
https://automation.seu.edu.cn/2025/0409/c24460a524408/page.htm
https://ins.seu.edu.cn/2019/0307/c45071a300809/page.htm
https://mmw.seu.edu.cn/2026/0322/c26729a558925/page.htm
https://cs.seu.edu.cn/edulab/_t3384/tzgg/list.psp
https://cs.seu.edu.cn/edulab/main.htm
https://cse.seu.edu.cn/edulab/
https://cse.seu.edu.cn/edulab/2026/0507/c71314a566767/page.htm
https://me.seu.edu.cn/zdsys/listm.htm",2026-10-08,目录/检索记录；不等同正式受理,部分覆盖,待核具体缺口
机构：东南大学,平台/年度检索,"复杂工程系统测量与控制；2026—2027。结果：M046,M045；缺口：前两平台2026—2027公告未取得；机器人感知控制、精准医学装备独立开放指南未取得；毫米波2026任务不据“智能”纳入","https://aiia.seu.edu.cn/50239/list.htm
https://automation.seu.edu.cn/2025/0409/c24460a524408/page.htm
https://ins.seu.edu.cn/2019/0307/c45071a300809/page.htm
https://mmw.seu.edu.cn/2026/0322/c26729a558925/page.htm
https://cs.seu.edu.cn/edulab/_t3384/tzgg/list.psp
https://cs.seu.edu.cn/edulab/main.htm
https://cse.seu.edu.cn/edulab/
https://cse.seu.edu.cn/edulab/2026/0507/c71314a566767/page.htm
https://me.seu.edu.cn/zdsys/listm.htm",2026-10-08,目录/检索记录；不等同正式受理,部分覆盖,待核具体缺口
机构：东南大学,平台/年度检索,"江苏省机器人感知与控制技术重点实验室；2026—2027。结果：M046,M045；缺口：前两平台2026—2027公告未取得；机器人感知控制、精准医学装备独立开放指南未取得；毫米波2026任务不据“智能”纳入","https://aiia.seu.edu.cn/50239/list.htm
https://automation.seu.edu.cn/2025/0409/c24460a524408/page.htm
https://ins.seu.edu.cn/2019/0307/c45071a300809/page.htm
https://mmw.seu.edu.cn/2026/0322/c26729a558925/page.htm
https://cs.seu.edu.cn/edulab/_t3384/tzgg/list.psp
https://cs.seu.edu.cn/edulab/main.htm
https://cse.seu.edu.cn/edulab/
https://cse.seu.edu.cn/edulab/2026/0507/c71314a566767/page.htm
https://me.seu.edu.cn/zdsys/listm.htm",2026-10-08,目录/检索记录；不等同正式受理,部分覆盖,待核具体缺口
机构：东南大学,平台/年度检索,"精准医学装备设计制造；2026—2027。结果：M046,M045；缺口：前两平台2026—2027公告未取得；机器人感知控制、精准医学装备独立开放指南未取得；毫米波2026任务不据“智能”纳入","https://aiia.seu.edu.cn/50239/list.htm
https://automation.seu.edu.cn/2025/0409/c24460a524408/page.htm
https://ins.seu.edu.cn/2019/0307/c45071a300809/page.htm
https://mmw.seu.edu.cn/2026/0322/c26729a558925/page.htm
https://cs.seu.edu.cn/edulab/_t3384/tzgg/list.psp
https://cs.seu.edu.cn/edulab/main.htm
https://cse.seu.edu.cn/edulab/
https://cse.seu.edu.cn/edulab/2026/0507/c71314a566767/page.htm
https://me.seu.edu.cn/zdsys/listm.htm",2026-10-08,目录/检索记录；不等同正式受理,部分覆盖,待核具体缺口
机构：东南大学,平台/年度检索,"毫米波实验室；2026—2027。结果：M046,M045；缺口：前两平台2026—2027公告未取得；机器人感知控制、精准医学装备独立开放指南未取得；毫米波2026任务不据“智能”纳入","https://aiia.seu.edu.cn/50239/list.htm
https://automation.seu.edu.cn/2025/0409/c24460a524408/page.htm
https://ins.seu.edu.cn/2019/0307/c45071a300809/page.htm
https://mmw.seu.edu.cn/2026/0322/c26729a558925/page.htm
https://cs.seu.edu.cn/edulab/_t3384/tzgg/list.psp
https://cs.seu.edu.cn/edulab/main.htm
https://cse.seu.edu.cn/edulab/
https://cse.seu.edu.cn/edulab/2026/0507/c71314a566767/page.htm
https://me.seu.edu.cn/zdsys/listm.htm",2026-10-08,目录/检索记录；不等同正式受理,部分覆盖,待核具体缺口
机构：南京航空航天大学,平台/年度检索,"科研平台入口；2026—2027。结果：M152,M022；缺口：具身智能新增平台未取得开放基金；2026结构课题具体指南仍缺；空间天文已剔除不重收","https://cca.nuaa.edu.cn/_t862/2026/0627/c15585a402933/page.htm
https://kyy.nuaa.edu.cn/2026/0604/c5817a400921/page.htm
https://cmee.nuaa.edu.cn/jxdzgcx/list.htm查看
https://aero.nuaa.edu.cn/_upload/article/files/df/f5/8d39e8d34113859ba549db12f47c/36d053aa-d95e-4223-a04a-9a3516294378.pdf
https://changkong.nuaa.edu.cn/_upload/article/files/5f/2b/5bdd6236448ab415c35d7d0e5473/d67032c1-63bf-4782-b4ff-e63ad1e59a75.pdf
https://cie.nuaa.edu.cn/_upload/article/files/dc/34/d264896d4f008b685db457367d35/499290f5-b6b3-4ac8-bb59-85167c54b426.pdf
https://cmee.nuaa.edu.cn/2025/1013/c20950a385200/page.htm
https://iint.nuaa.edu.cn/2026/0627/c21066a403025/page.htm",2026-10-08,目录/检索记录；不等同正式受理,部分覆盖,待核具体缺口
机构：南京航空航天大学,平台/年度检索,"航空航天结构力学及控制；2026—2027。结果：M152,M022；缺口：具身智能新增平台未取得开放基金；2026结构课题具体指南仍缺；空间天文已剔除不重收","https://cca.nuaa.edu.cn/_t862/2026/0627/c15585a402933/page.htm
https://kyy.nuaa.edu.cn/2026/0604/c5817a400921/page.htm
https://cmee.nuaa.edu.cn/jxdzgcx/list.htm查看
https://aero.nuaa.edu.cn/_upload/article/files/df/f5/8d39e8d34113859ba549db12f47c/36d053aa-d95e-4223-a04a-9a3516294378.pdf
https://changkong.nuaa.edu.cn/_upload/article/files/5f/2b/5bdd6236448ab415c35d7d0e5473/d67032c1-63bf-4782-b4ff-e63ad1e59a75.pdf
https://cie.nuaa.edu.cn/_upload/article/files/dc/34/d264896d4f008b685db457367d35/499290f5-b6b3-4ac8-bb59-85167c54b426.pdf
https://cmee.nuaa.edu.cn/2025/1013/c20950a385200/page.htm
https://iint.nuaa.edu.cn/2026/0627/c21066a403025/page.htm",2026-10-08,目录/检索记录；不等同正式受理,部分覆盖,待核具体缺口
机构：南京航空航天大学,平台/年度检索,"空间天文；2026—2027。结果：M152,M022；缺口：具身智能新增平台未取得开放基金；2026结构课题具体指南仍缺；空间天文已剔除不重收","https://cca.nuaa.edu.cn/_t862/2026/0627/c15585a402933/page.htm
https://kyy.nuaa.edu.cn/2026/0604/c5817a400921/page.htm
https://cmee.nuaa.edu.cn/jxdzgcx/list.htm查看
https://aero.nuaa.edu.cn/_upload/article/files/df/f5/8d39e8d34113859ba549db12f47c/36d053aa-d95e-4223-a04a-9a3516294378.pdf
https://changkong.nuaa.edu.cn/_upload/article/files/5f/2b/5bdd6236448ab415c35d7d0e5473/d67032c1-63bf-4782-b4ff-e63ad1e59a75.pdf
https://cie.nuaa.edu.cn/_upload/article/files/dc/34/d264896d4f008b685db457367d35/499290f5-b6b3-4ac8-bb59-85167c54b426.pdf
https://cmee.nuaa.edu.cn/2025/1013/c20950a385200/page.htm
https://iint.nuaa.edu.cn/2026/0627/c21066a403025/page.htm",2026-10-08,目录/检索记录；不等同正式受理,部分覆盖,待核具体缺口
机构：南京航空航天大学,平台/年度检索,"自动化学院具身智能平台；2026—2027。结果：M152,M022；缺口：具身智能新增平台未取得开放基金；2026结构课题具体指南仍缺；空间天文已剔除不重收","https://cca.nuaa.edu.cn/_t862/2026/0627/c15585a402933/page.htm
https://kyy.nuaa.edu.cn/2026/0604/c5817a400921/page.htm
https://cmee.nuaa.edu.cn/jxdzgcx/list.htm查看
https://aero.nuaa.edu.cn/_upload/article/files/df/f5/8d39e8d34113859ba549db12f47c/36d053aa-d95e-4223-a04a-9a3516294378.pdf
https://changkong.nuaa.edu.cn/_upload/article/files/5f/2b/5bdd6236448ab415c35d7d0e5473/d67032c1-63bf-4782-b4ff-e63ad1e59a75.pdf
https://cie.nuaa.edu.cn/_upload/article/files/dc/34/d264896d4f008b685db457367d35/499290f5-b6b3-4ac8-bb59-85167c54b426.pdf
https://cmee.nuaa.edu.cn/2025/1013/c20950a385200/page.htm
https://iint.nuaa.edu.cn/2026/0627/c21066a403025/page.htm",2026-10-08,目录/检索记录；不等同正式受理,部分覆盖,待核具体缺口
机构：南京理工大学,平台/年度检索,自动化学院与2025开放指南PDF线索；2026—2027。结果：无新增正式项目；缺口：PDF访问仅返回错误页；实验室归属、当年任务和2026—2027公告待手动打开,"https://au.njust.edu.cn/_upload/article/files/4d/07/aba0f8274951abbd7e5dc44e586b/94a908c0-40d5-4547-a523-7cebbb6d6ca2.pdf
http://gsmis.njust.edu.cn/open/TutorInfo.aspx?
https://jszy.njust.edu.cn/jxgc/lbc/list.psp
https://jszy.njust.edu.cn/jxgc/wc/list.psp
https://jszy.njust.edu.cn/jxgc/zxl/list.psp
https://jszy.njust.edu.cn/zdh/wjw/list.psp
https://jszy.njust.edu.cn/zdh/zh/list.psp",2026-10-08,目录/检索记录；不等同正式受理,部分覆盖,待核具体缺口
机构：南京工业大学,平台/年度检索,智能建造实验室；2026—2027。结果：无新增正式项目；缺口：平台介绍不是开放基金；相关2026—2027资助公告未取得,"https://eerc.njtech.edu.cn/jxkypt/znjzsys.htm
https://cqt.njtech.edu.cn/info/1015/51260.htm
https://eecs.njtech.edu.cn/info/1117/4206.htm
https://eecs.njtech.edu.cn/lab/zxjj.htm
https://hj.njtech.edu.cn/info/1024/2054.htm
https://iim.njtech.edu.cn/info/1056/1191.htm
https://tw.njtech.edu.cn/info/1011/11074.htm
https://www.njtech.edu.cn/info/1058/13213881.htm
https://eecs.njtech.edu.cn/__local/D/4D/75/7670437930E3E05CEB688D5E8C8_E4723597_14B328.pdf",2026-10-08,目录/检索记录；不等同正式受理,部分覆盖,待核具体缺口
机构：南京工业大学,平台/年度检索,智能制造研究院；2026—2027。结果：无新增正式项目；缺口：平台介绍不是开放基金；相关2026—2027资助公告未取得,"https://eerc.njtech.edu.cn/jxkypt/znjzsys.htm
https://cqt.njtech.edu.cn/info/1015/51260.htm
https://eecs.njtech.edu.cn/info/1117/4206.htm
https://eecs.njtech.edu.cn/lab/zxjj.htm
https://hj.njtech.edu.cn/info/1024/2054.htm
https://iim.njtech.edu.cn/info/1056/1191.htm
https://tw.njtech.edu.cn/info/1011/11074.htm
https://www.njtech.edu.cn/info/1058/13213881.htm
https://eecs.njtech.edu.cn/__local/D/4D/75/7670437930E3E05CEB688D5E8C8_E4723597_14B328.pdf",2026-10-08,目录/检索记录；不等同正式受理,部分覆盖,待核具体缺口
机构：南京工业大学,平台/年度检索,建筑智能化研究所；2026—2027。结果：无新增正式项目；缺口：平台介绍不是开放基金；相关2026—2027资助公告未取得,"https://eerc.njtech.edu.cn/jxkypt/znjzsys.htm
https://cqt.njtech.edu.cn/info/1015/51260.htm
https://eecs.njtech.edu.cn/info/1117/4206.htm
https://eecs.njtech.edu.cn/lab/zxjj.htm
https://hj.njtech.edu.cn/info/1024/2054.htm
https://iim.njtech.edu.cn/info/1056/1191.htm
https://tw.njtech.edu.cn/info/1011/11074.htm
https://www.njtech.edu.cn/info/1058/13213881.htm
https://eecs.njtech.edu.cn/__local/D/4D/75/7670437930E3E05CEB688D5E8C8_E4723597_14B328.pdf",2026-10-08,目录/检索记录；不等同正式受理,部分覆盖,待核具体缺口
机构：南京邮电大学,平台/年度检索,物联网与智能机器人实验室；2026—2027。结果：M181；缺口：物联网机器人未见所查入口的正式开放公告；大数据安全具体任务仍待核,"https://iotrobot.njupt.edu.cn/
https://bdsip.njupt.edu.cn/kfkt/list.htm
https://coa.njupt.edu.cn/2021/0412/c2277a189154/page.htm
https://jwc.njupt.edu.cn/_upload/article/files/fe/02/636cc67d442595809a3148a722ea/9a40e009-d808-4914-8074-beeb9bdbf127.pdf
https://yjs.njupt.edu.cn/dsgl/nocontrol/college/dsfcxq.htm?dsJbxxId=e2bdd4db51324eed898fc2616b85c938",2026-10-08,目录/检索记录；不等同正式受理,部分覆盖,待核具体缺口
机构：南京邮电大学,平台/年度检索,大数据安全平台；2026—2027。结果：M181；缺口：物联网机器人未见所查入口的正式开放公告；大数据安全具体任务仍待核,"https://iotrobot.njupt.edu.cn/
https://bdsip.njupt.edu.cn/kfkt/list.htm
https://coa.njupt.edu.cn/2021/0412/c2277a189154/page.htm
https://jwc.njupt.edu.cn/_upload/article/files/fe/02/636cc67d442595809a3148a722ea/9a40e009-d808-4914-8074-beeb9bdbf127.pdf
https://yjs.njupt.edu.cn/dsgl/nocontrol/college/dsfcxq.htm?dsJbxxId=e2bdd4db51324eed898fc2616b85c938",2026-10-08,目录/检索记录；不等同正式受理,部分覆盖,待核具体缺口
机构：中国科学院工业人工智能研究所,平台/年度检索,江苏省工业人工智能重点实验室2026年度指南；2026—2027。结果：M073；缺口：复用已核历史公告；其他院内具身平台外部资助机制未取得,https://iaii.cas.cn/hzjl/kjhz/202607/t20260715_8248969.html,2026-10-08,目录/检索记录；不等同正式受理,部分覆盖,待核具体缺口
机构：中国农业科学院南京农业机械化研究所,平台/年度检索,农业机器人及农机装备2026开放公告；2026—2027。结果：M137；缺口：复用2026已核历史条目；其他独立实验室2027公告未取得,https://nnj.caas.cn/xwdt/tzygg/9257acffb31c42e19dbb82b2c7671e98.htm,2026-10-08,目录/检索记录；不等同正式受理,部分覆盖,待核具体缺口
机构：苏州大学,平台/年度检索,"江苏省具身智能机器人技术重点实验室；2026—2027。结果：M076,M077；缺口：M076历史、M077当期已收录；其他医工/机器人联合中心开放机制未取得","https://future.suda.edu.cn/e8/2a/c30836a714794/page.htm
https://jdxy.suda.edu.cn/_t1815/be/36/c12042a704054/page.psp",2026-10-08,目录/检索记录；不等同正式受理,部分覆盖,待核具体缺口
机构：苏州大学,平台/年度检索,"通用人工智能大模型平台；2026—2027。结果：M076,M077；缺口：M076历史、M077当期已收录；其他医工/机器人联合中心开放机制未取得","https://future.suda.edu.cn/e8/2a/c30836a714794/page.htm
https://jdxy.suda.edu.cn/_t1815/be/36/c12042a704054/page.psp",2026-10-08,目录/检索记录；不等同正式受理,部分覆盖,待核具体缺口
机构：苏州工学院,平台/年度检索,江苏省具身智能工业机器人及其人机协作重点实验室2026指南/办法；2026—2027。结果：M078；缺口：复用当前公告；校内其他智能装备平台2026—2027机制未取得,"https://cse.szut.edu.cn/info/1123/15110.htm
https://dqxylib.szut.edu.cn/info/1016/27682.htm",2026-10-08,目录/检索记录；不等同正式受理,部分覆盖,待核具体缺口
机构：苏州城市学院,平台/年度检索,多模态智能康复实验室开放课题入口；2026—2027。结果：M075；缺口：复用历史年度；2027指南未取得,https://szmih.szcu.edu.cn/4135/list.htm,2026-10-08,目录/检索记录；不等同正式受理,部分覆盖,待核具体缺口
机构：中科院苏州生物医学工程技术研究所,平台/年度检索,江苏省先进诊疗技术与装备重点实验室；2026—2027。结果：M074；缺口：2026只取得立项线索，原始指南待核；类器官任务无机器人证据,"https://sibet.cas.cn/tzgg2020/202607/t20260703_8237653.html
https://sibet.cas.cn/",2026-10-08,目录/检索记录；不等同正式受理,部分覆盖,待核具体缺口
机构：中科院苏州生物医学工程技术研究所,平台/年度检索,类器官/生物制造；2026—2027。结果：M074；缺口：2026只取得立项线索，原始指南待核；类器官任务无机器人证据,"https://sibet.cas.cn/tzgg2020/202607/t20260703_8237653.html
https://sibet.cas.cn/",2026-10-08,目录/检索记录；不等同正式受理,部分覆盖,待核具体缺口
机构：江南大学（无锡）,平台/年度检索,"先进过程控制；2026—2027。结果：M156,M180；缺口：先进过程控制/轻工机器人2026—2027通知未取得；康养复用2024；纺织方向须按实际任务核","https://apcli.jiangnan.edu.cn/info/1021/1491.htm
https://auto.jiangnan.edu.cn/kxyj/kygk.htm
https://ai.jiangnan.edu.cn/info/1036/1369.htm
https://ai.jiangnan.edu.cn/info/1037/1070.htm
https://colloids.jiangnan.edu.cn/info/1038/1674.htm
https://colloids.jiangnan.edu.cn/kfkt/kfktsqzn.htm
https://kjfzb.jiangnan.edu.cn/kypt/lglkypt/gjjkypt.htm
https://klet.jiangnan.edu.cn/gzzd/stfzjybzdsys_jndx_kfktglbf.htm
http://apcli.jiangnan.edu.cn/，阅读“轻工过程先进控制教育部重点实验室开放课题管理办法（试行",2026-10-08,目录/检索记录；不等同正式受理,部分覆盖,待核具体缺口
机构：江南大学（无锡）,平台/年度检索,"轻工机器人；2026—2027。结果：M156,M180；缺口：先进过程控制/轻工机器人2026—2027通知未取得；康养复用2024；纺织方向须按实际任务核","https://apcli.jiangnan.edu.cn/info/1021/1491.htm
https://auto.jiangnan.edu.cn/kxyj/kygk.htm
https://ai.jiangnan.edu.cn/info/1036/1369.htm
https://ai.jiangnan.edu.cn/info/1037/1070.htm
https://colloids.jiangnan.edu.cn/info/1038/1674.htm
https://colloids.jiangnan.edu.cn/kfkt/kfktsqzn.htm
https://kjfzb.jiangnan.edu.cn/kypt/lglkypt/gjjkypt.htm
https://klet.jiangnan.edu.cn/gzzd/stfzjybzdsys_jndx_kfktglbf.htm
http://apcli.jiangnan.edu.cn/，阅读“轻工过程先进控制教育部重点实验室开放课题管理办法（试行",2026-10-08,目录/检索记录；不等同正式受理,部分覆盖,待核具体缺口
机构：江南大学（无锡）,平台/年度检索,"康养机器人；2026—2027。结果：M156,M180；缺口：先进过程控制/轻工机器人2026—2027通知未取得；康养复用2024；纺织方向须按实际任务核","https://apcli.jiangnan.edu.cn/info/1021/1491.htm
https://auto.jiangnan.edu.cn/kxyj/kygk.htm
https://ai.jiangnan.edu.cn/info/1036/1369.htm
https://ai.jiangnan.edu.cn/info/1037/1070.htm
https://colloids.jiangnan.edu.cn/info/1038/1674.htm
https://colloids.jiangnan.edu.cn/kfkt/kfktsqzn.htm
https://kjfzb.jiangnan.edu.cn/kypt/lglkypt/gjjkypt.htm
https://klet.jiangnan.edu.cn/gzzd/stfzjybzdsys_jndx_kfktglbf.htm
http://apcli.jiangnan.edu.cn/，阅读“轻工过程先进控制教育部重点实验室开放课题管理办法（试行",2026-10-08,目录/检索记录；不等同正式受理,部分覆盖,待核具体缺口
机构：江南大学（无锡）,平台/年度检索,"自动化科研平台目录；2026—2027。结果：M156,M180；缺口：先进过程控制/轻工机器人2026—2027通知未取得；康养复用2024；纺织方向须按实际任务核","https://apcli.jiangnan.edu.cn/info/1021/1491.htm
https://auto.jiangnan.edu.cn/kxyj/kygk.htm
https://ai.jiangnan.edu.cn/info/1036/1369.htm
https://ai.jiangnan.edu.cn/info/1037/1070.htm
https://colloids.jiangnan.edu.cn/info/1038/1674.htm
https://colloids.jiangnan.edu.cn/kfkt/kfktsqzn.htm
https://kjfzb.jiangnan.edu.cn/kypt/lglkypt/gjjkypt.htm
https://klet.jiangnan.edu.cn/gzzd/stfzjybzdsys_jndx_kfktglbf.htm
http://apcli.jiangnan.edu.cn/，阅读“轻工过程先进控制教育部重点实验室开放课题管理办法（试行",2026-10-08,目录/检索记录；不等同正式受理,部分覆盖,待核具体缺口
机构：常州大学,平台/年度检索,智能制造研究院；2026—2027。结果：无新增个人项目；缺口：龙城校内专属已有剔除；其他智能装备实验室开放机制未取得,"https://iimt.cczu.edu.cn/2026/0519/c22023a415871/page.htm
https://sse.cczu.edu.cn/kypt_21969/list.htm
https://che.cczu.edu.cn/2026/0421/c2960a414222/page.htm
https://kxjsyjy.cczu.edu.cn/_upload/article/files/3b/7c/39b3f11248f1b16dcdbb0cf51ed2/88f0619b-48be-4465-9e10-d1f886ba8213.pdf",2026-10-08,目录/检索记录；不等同正式受理,部分覆盖,待核具体缺口
机构：常州大学,平台/年度检索,龙城实验室2026指南；2026—2027。结果：无新增个人项目；缺口：龙城校内专属已有剔除；其他智能装备实验室开放机制未取得,"https://iimt.cczu.edu.cn/2026/0519/c22023a415871/page.htm
https://sse.cczu.edu.cn/kypt_21969/list.htm
https://che.cczu.edu.cn/2026/0421/c2960a414222/page.htm
https://kxjsyjy.cczu.edu.cn/_upload/article/files/3b/7c/39b3f11248f1b16dcdbb0cf51ed2/88f0619b-48be-4465-9e10-d1f886ba8213.pdf",2026-10-08,目录/检索记录；不等同正式受理,部分覆盖,待核具体缺口
机构：江苏大学（镇江）,平台/年度检索,智能柔性驱控；2026—2027。结果：无新增正式项目；缺口：官方平台名称已定位，2026—2027外部开放指南未取得；不能据平台名设当前项目,"https://zzb.ujs.edu.cn/zjsz/2023/2A03.htm
https://cgb.ujs.edu.cn/info/1491/73000.htm
https://eie.ujs.edu.cn/info/1147/2575.htm
https://faculty.ujs.edu.cn/longyun/zh_CN/index/100929/list/index.htm
https://jsjy.ujs.edu.cn/info/2152/51184.htm
https://jwc.ujs.edu.cn/index/tzgg/78.htm
https://kjc.ujs.edu.cn/info/2164/40602.htm
https://ltzx.ujs.edu.cn/info/1161/17263.htm
https://sepe.ujs.edu.cn/info/1182/35485.htm
https://slat.ujs.edu.cn/info/1991/5481.htm",2026-10-08,目录/检索记录；不等同正式受理,部分覆盖,待核具体缺口
机构：江苏大学（镇江）,平台/年度检索,国家数字农业装备（人工智能和农业机器人）创新分中心；2026—2027。结果：无新增正式项目；缺口：官方平台名称已定位，2026—2027外部开放指南未取得；不能据平台名设当前项目,"https://zzb.ujs.edu.cn/zjsz/2023/2A03.htm
https://cgb.ujs.edu.cn/info/1491/73000.htm
https://eie.ujs.edu.cn/info/1147/2575.htm
https://faculty.ujs.edu.cn/longyun/zh_CN/index/100929/list/index.htm
https://jsjy.ujs.edu.cn/info/2152/51184.htm
https://jwc.ujs.edu.cn/index/tzgg/78.htm
https://kjc.ujs.edu.cn/info/2164/40602.htm
https://ltzx.ujs.edu.cn/info/1161/17263.htm
https://sepe.ujs.edu.cn/info/1182/35485.htm
https://slat.ujs.edu.cn/info/1991/5481.htm",2026-10-08,目录/检索记录；不等同正式受理,部分覆盖,待核具体缺口
机构：江苏大学（镇江）,平台/年度检索,智慧农业技术与装备一带一路联合实验室；2026—2027。结果：无新增正式项目；缺口：官方平台名称已定位，2026—2027外部开放指南未取得；不能据平台名设当前项目,"https://zzb.ujs.edu.cn/zjsz/2023/2A03.htm
https://cgb.ujs.edu.cn/info/1491/73000.htm
https://eie.ujs.edu.cn/info/1147/2575.htm
https://faculty.ujs.edu.cn/longyun/zh_CN/index/100929/list/index.htm
https://jsjy.ujs.edu.cn/info/2152/51184.htm
https://jwc.ujs.edu.cn/index/tzgg/78.htm
https://kjc.ujs.edu.cn/info/2164/40602.htm
https://ltzx.ujs.edu.cn/info/1161/17263.htm
https://sepe.ujs.edu.cn/info/1182/35485.htm
https://slat.ujs.edu.cn/info/1991/5481.htm",2026-10-08,目录/检索记录；不等同正式受理,部分覆盖,待核具体缺口
机构：扬州大学,平台/年度检索,机械/信息学院机器人平台目录与开放基金定向检索；2026—2027。结果：无新增正式项目；缺口：尚未取得可定位的机器人重点实验室完整目录或开放指南；本机构仅定向发现检索，未完成平台核验,"http://kjcx.yzu.edu.cn
https://cam.yzu.edu.cn/__local/F/7B/B1/F0DF9CAA976FCB13A6223EAB548_D23CAD8F_57B69.pdf
https://cwc.yzu.edu.cn/__local/A/66/10/ED181BA5F7B84064C4E722205F8_CC42F245_850BE.pdf?e=.pdf
https://www.yzu.edu.cn/
https://www.yzu.edu.cn/xkky/kjcx.htm
https://xxgcxy.yzu.edu.cn/__local/0/19/73/0FD2722FFF24F611B51471E36E0_7ADC075C_457E8.pdf
https://xxgcxy.yzu.edu.cn/__local/1/3D/EC/FB68EAFE208ED2349B4F3DE6977_0E8D4E6F_102DC6.pdf
https://xxgk.yzu.edu.cn/__local/1/D1/59/55E960AD1A86A942127FC3649AA_8429DAE5_151200.pdf",2026-10-08,目录/检索记录；不等同正式受理,部分覆盖,待核具体缺口
机构：澳门大学,平台/年度检索,官方联系/研究中心目录；2026—2027。结果：M165；缺口：IoT2026—2027任务不足；CAIR与新联合实验室未取得对外基金；IAPME任务已剔除，不因合作圈保留,"https://cair.ici.um.edu.mo/research/research-areas/
https://iapme.um.edu.mo/orp-2026-guidelines/?lang=zh-hant
https://skliotsc.um.edu.mo/wp-content/uploads/2025/08/IOTSC-Guidelines-for-ORP-2026-2027.pdf
https://www.um.edu.mo/contact-us/administrative-contact.html
https://cair.ici.um.edu.mo/prof-ruey-song-huang/
https://career.admo.um.edu.mo/fst_eme_faap_02_2026/
https://ccbs.ici.um.edu.mo/mfeai/
https://e-bulletin.um.edu.mo/notice/493243/
https://fba.um.edu.mo/wp-content/uploads/2023/08/C3BScIIR_CHM_E1A_E1B.pdf",2026-10-08,目录/检索记录；不等同正式受理,部分覆盖,待核具体缺口
机构：澳门大学,平台/年度检索,人工智能与机器人研究中心；2026—2027。结果：M165；缺口：IoT2026—2027任务不足；CAIR与新联合实验室未取得对外基金；IAPME任务已剔除，不因合作圈保留,"https://cair.ici.um.edu.mo/research/research-areas/
https://iapme.um.edu.mo/orp-2026-guidelines/?lang=zh-hant
https://skliotsc.um.edu.mo/wp-content/uploads/2025/08/IOTSC-Guidelines-for-ORP-2026-2027.pdf
https://www.um.edu.mo/contact-us/administrative-contact.html
https://cair.ici.um.edu.mo/prof-ruey-song-huang/
https://career.admo.um.edu.mo/fst_eme_faap_02_2026/
https://ccbs.ici.um.edu.mo/mfeai/
https://e-bulletin.um.edu.mo/notice/493243/
https://fba.um.edu.mo/wp-content/uploads/2023/08/C3BScIIR_CHM_E1A_E1B.pdf",2026-10-08,目录/检索记录；不等同正式受理,部分覆盖,待核具体缺口
机构：澳门大学,平台/年度检索,智慧城市物联网；2026—2027。结果：M165；缺口：IoT2026—2027任务不足；CAIR与新联合实验室未取得对外基金；IAPME任务已剔除，不因合作圈保留,"https://cair.ici.um.edu.mo/research/research-areas/
https://iapme.um.edu.mo/orp-2026-guidelines/?lang=zh-hant
https://skliotsc.um.edu.mo/wp-content/uploads/2025/08/IOTSC-Guidelines-for-ORP-2026-2027.pdf
https://www.um.edu.mo/contact-us/administrative-contact.html
https://cair.ici.um.edu.mo/prof-ruey-song-huang/
https://career.admo.um.edu.mo/fst_eme_faap_02_2026/
https://ccbs.ici.um.edu.mo/mfeai/
https://e-bulletin.um.edu.mo/notice/493243/
https://fba.um.edu.mo/wp-content/uploads/2023/08/C3BScIIR_CHM_E1A_E1B.pdf",2026-10-08,目录/检索记录；不等同正式受理,部分覆盖,待核具体缺口
机构：澳门大学,平台/年度检索,澳大-理大机器人具身联合实验室；2026—2027。结果：M165；缺口：IoT2026—2027任务不足；CAIR与新联合实验室未取得对外基金；IAPME任务已剔除，不因合作圈保留,"https://cair.ici.um.edu.mo/research/research-areas/
https://iapme.um.edu.mo/orp-2026-guidelines/?lang=zh-hant
https://skliotsc.um.edu.mo/wp-content/uploads/2025/08/IOTSC-Guidelines-for-ORP-2026-2027.pdf
https://www.um.edu.mo/contact-us/administrative-contact.html
https://cair.ici.um.edu.mo/prof-ruey-song-huang/
https://career.admo.um.edu.mo/fst_eme_faap_02_2026/
https://ccbs.ici.um.edu.mo/mfeai/
https://e-bulletin.um.edu.mo/notice/493243/
https://fba.um.edu.mo/wp-content/uploads/2023/08/C3BScIIR_CHM_E1A_E1B.pdf",2026-10-08,目录/检索记录；不等同正式受理,部分覆盖,待核具体缺口
机构：澳门大学,平台/年度检索,应用物理材料工程；2026—2027。结果：M165；缺口：IoT2026—2027任务不足；CAIR与新联合实验室未取得对外基金；IAPME任务已剔除，不因合作圈保留,"https://cair.ici.um.edu.mo/research/research-areas/
https://iapme.um.edu.mo/orp-2026-guidelines/?lang=zh-hant
https://skliotsc.um.edu.mo/wp-content/uploads/2025/08/IOTSC-Guidelines-for-ORP-2026-2027.pdf
https://www.um.edu.mo/contact-us/administrative-contact.html
https://cair.ici.um.edu.mo/prof-ruey-song-huang/
https://career.admo.um.edu.mo/fst_eme_faap_02_2026/
https://ccbs.ici.um.edu.mo/mfeai/
https://e-bulletin.um.edu.mo/notice/493243/
https://fba.um.edu.mo/wp-content/uploads/2023/08/C3BScIIR_CHM_E1A_E1B.pdf",2026-10-08,目录/检索记录；不等同正式受理,部分覆盖,待核具体缺口
机构：澳门科技大学,平台/年度检索,月球与行星科学开放课题栏目；2026—2027。结果：M182；缺口：开放栏目无完整年度机器人任务；机器人中心为平台建设非受理公告,"https://www.must.edu.mo/cn/ssi/open
https://misc.must.edu.mo/id-2563/article/view/id-42029.html?locale=zh_CN",2026-10-08,目录/检索记录；不等同正式受理,部分覆盖,待核具体缺口
机构：澳门科技大学,平台/年度检索,智能机器人技术创新中心；2026—2027。结果：M182；缺口：开放栏目无完整年度机器人任务；机器人中心为平台建设非受理公告,"https://www.must.edu.mo/cn/ssi/open
https://misc.must.edu.mo/id-2563/article/view/id-42029.html?locale=zh_CN",2026-10-08,目录/检索记录；不等同正式受理,部分覆盖,待核具体缺口
机构：澳门理工大学,平台/年度检索,计算机与人工智能研究目录；2026—2027。结果：无新增正式项目；缺口：2026—2027外部开放基金未取得；目录不足以确认全年无公告,"https://fca.mpu.edu.mo/zh-hant/research
https://www.mpu.edu.mo/cntfiles/upload/docs/common/ar_2223/scientific_research.pdf
https://www.mpu.edu.mo/en/research/strategy
https://www.mpu.edu.mo/research/zh/cai_info.php
https://www.mpu.edu.mo/cntfiles/upload/docs/activity/cjt/Globalgaming_Vol.3_2021_1.pdf",2026-10-08,目录/检索记录；不等同正式受理,部分覆盖,待核具体缺口
机构：澳门理工大学,平台/年度检索,普适计算、VR、智能系统联合平台；2026—2027。结果：无新增正式项目；缺口：2026—2027外部开放基金未取得；目录不足以确认全年无公告,"https://fca.mpu.edu.mo/zh-hant/research
https://www.mpu.edu.mo/cntfiles/upload/docs/common/ar_2223/scientific_research.pdf
https://www.mpu.edu.mo/en/research/strategy
https://www.mpu.edu.mo/research/zh/cai_info.php
https://www.mpu.edu.mo/cntfiles/upload/docs/activity/cjt/Globalgaming_Vol.3_2021_1.pdf",2026-10-08,目录/检索记录；不等同正式受理,部分覆盖,待核具体缺口
机构：澳门城市大学,平台/年度检索,数据科学学院经自然腔道手术机器人与智能内镜团队；2026—2027。结果：无新增正式项目；缺口：2026官方科研新闻属于已获基金项目，非对外受理；独立平台外部开放机制未取得,"https://fds.cityu.edu.mo/en/members/528
https://www.cityu.edu.mo/zh/10mar2026-01/
https://www.cityu.edu.mo/zh/26sep2025_01/
https://www.cityu.edu.mo/zh/?mode=grid&s=",2026-10-08,目录/检索记录；不等同正式受理,部分覆盖,待核具体缺口
机构：香港理工大学,平台/年度检索,官方实验室/研究中心目录；2026—2027。结果：M122；缺口：超精密2026复用已核历史；无人系统/联合实验室未取得对外2026—2027资助机制,"https://www.polyu.edu.hk/research/labs-institutes-centres/
https://www.polyu.edu.hk/sklumt/open-research-project/call-for-application/
https://www.polyu.edu.hk/rcuas/about-rcuas/about-rcuas/
https://research.polyu.edu.hk/en/prizes/championship-and-first-prize-at-polyu-international-future-challe/
https://research.polyu.edu.hk/en/publications/industrial-blockchain-a-state-of-the-art-survey-a-state-of-the-ar
https://research.polyu.edu.hk/en/publications/training-spiking-neural-networks-with-local-tandem-learning/
https://research.polyu.edu.hk/files/228101006/_52422514.pdf
https://www.polyu.edu.hk/aae/ipn-lab/us/en/teaching/
https://www.polyu.edu.hk/ipao/docdrive/PolyU%20Research%20Excellence%20Report/PolyU%20Research%20Excellence%20Report%202025_Chapter%203.pdf
https://www.polyu.edu.hk/publications/excelximpact/issue/202511/cover-story/breaking-new-ground-polyu-s-rise-in-research-impact-and-innovation",2026-10-08,目录/检索记录；不等同正式受理,部分覆盖,待核具体缺口
机构：香港理工大学,平台/年度检索,超精密加工；2026—2027。结果：M122；缺口：超精密2026复用已核历史；无人系统/联合实验室未取得对外2026—2027资助机制,"https://www.polyu.edu.hk/research/labs-institutes-centres/
https://www.polyu.edu.hk/sklumt/open-research-project/call-for-application/
https://www.polyu.edu.hk/rcuas/about-rcuas/about-rcuas/
https://research.polyu.edu.hk/en/prizes/championship-and-first-prize-at-polyu-international-future-challe/
https://research.polyu.edu.hk/en/publications/industrial-blockchain-a-state-of-the-art-survey-a-state-of-the-ar
https://research.polyu.edu.hk/en/publications/training-spiking-neural-networks-with-local-tandem-learning/
https://research.polyu.edu.hk/files/228101006/_52422514.pdf
https://www.polyu.edu.hk/aae/ipn-lab/us/en/teaching/
https://www.polyu.edu.hk/ipao/docdrive/PolyU%20Research%20Excellence%20Report/PolyU%20Research%20Excellence%20Report%202025_Chapter%203.pdf
https://www.polyu.edu.hk/publications/excelximpact/issue/202511/cover-story/breaking-new-ground-polyu-s-rise-in-research-impact-and-innovation",2026-10-08,目录/检索记录；不等同正式受理,部分覆盖,待核具体缺口
机构：香港理工大学,平台/年度检索,无人自主系统研究中心；2026—2027。结果：M122；缺口：超精密2026复用已核历史；无人系统/联合实验室未取得对外2026—2027资助机制,"https://www.polyu.edu.hk/research/labs-institutes-centres/
https://www.polyu.edu.hk/sklumt/open-research-project/call-for-application/
https://www.polyu.edu.hk/rcuas/about-rcuas/about-rcuas/
https://research.polyu.edu.hk/en/prizes/championship-and-first-prize-at-polyu-international-future-challe/
https://research.polyu.edu.hk/en/publications/industrial-blockchain-a-state-of-the-art-survey-a-state-of-the-ar
https://research.polyu.edu.hk/en/publications/training-spiking-neural-networks-with-local-tandem-learning/
https://research.polyu.edu.hk/files/228101006/_52422514.pdf
https://www.polyu.edu.hk/aae/ipn-lab/us/en/teaching/
https://www.polyu.edu.hk/ipao/docdrive/PolyU%20Research%20Excellence%20Report/PolyU%20Research%20Excellence%20Report%202025_Chapter%203.pdf
https://www.polyu.edu.hk/publications/excelximpact/issue/202511/cover-story/breaking-new-ground-polyu-s-rise-in-research-impact-and-innovation",2026-10-08,目录/检索记录；不等同正式受理,部分覆盖,待核具体缺口
机构：香港理工大学,平台/年度检索,与澳大机器人具身联合实验室；2026—2027。结果：M122；缺口：超精密2026复用已核历史；无人系统/联合实验室未取得对外2026—2027资助机制,"https://www.polyu.edu.hk/research/labs-institutes-centres/
https://www.polyu.edu.hk/sklumt/open-research-project/call-for-application/
https://www.polyu.edu.hk/rcuas/about-rcuas/about-rcuas/
https://research.polyu.edu.hk/en/prizes/championship-and-first-prize-at-polyu-international-future-challe/
https://research.polyu.edu.hk/en/publications/industrial-blockchain-a-state-of-the-art-survey-a-state-of-the-ar
https://research.polyu.edu.hk/en/publications/training-spiking-neural-networks-with-local-tandem-learning/
https://research.polyu.edu.hk/files/228101006/_52422514.pdf
https://www.polyu.edu.hk/aae/ipn-lab/us/en/teaching/
https://www.polyu.edu.hk/ipao/docdrive/PolyU%20Research%20Excellence%20Report/PolyU%20Research%20Excellence%20Report%202025_Chapter%203.pdf
https://www.polyu.edu.hk/publications/excelximpact/issue/202511/cover-story/breaking-new-ground-polyu-s-rise-in-research-impact-and-innovation",2026-10-08,目录/检索记录；不等同正式受理,部分覆盖,待核具体缺口
机构：香港中文大学,平台/年度检索,国家重点实验室目录、工程研究单位目录；2026—2027。结果：无新增正式项目；缺口：医疗机器人平台与各联合中心公开资助受理机制未取得，不能把招博后当基金,"https://www.cuhk.edu.hk/english/research/laboratory.html
https://www.erg.cuhk.edu.hk/iris/ResearchUnits
https://cloud.itsc.cuhk.edu.hk/enewsasp/app/article-details.aspx/477D93B8E730C2A3AD154ED9895F1652/
https://cuhk.edu.hk/ipro/9901063.htm
https://microbot.mae.cuhk.edu.hk/
https://www.cpr.cuhk.edu.hk/en/press/cuhk-develops-ai-driven-magnetic-tracking-technology-to-advance-clinical-use-of-miniature-medical-robots/
https://www.cuhk.edu.hk/oal/CUHK_Corporate_Brochure.pdf
https://www4.mae.cuhk.edu.hk/msc-in-robotics/",2026-10-08,目录/检索记录；不等同正式受理,部分覆盖,待核具体缺口
机构：香港中文大学,平台/年度检索,微型医疗机器人、机器人联合实验室；2026—2027。结果：无新增正式项目；缺口：医疗机器人平台与各联合中心公开资助受理机制未取得，不能把招博后当基金,"https://www.cuhk.edu.hk/english/research/laboratory.html
https://www.erg.cuhk.edu.hk/iris/ResearchUnits
https://cloud.itsc.cuhk.edu.hk/enewsasp/app/article-details.aspx/477D93B8E730C2A3AD154ED9895F1652/
https://cuhk.edu.hk/ipro/9901063.htm
https://microbot.mae.cuhk.edu.hk/
https://www.cpr.cuhk.edu.hk/en/press/cuhk-develops-ai-driven-magnetic-tracking-technology-to-advance-clinical-use-of-miniature-medical-robots/
https://www.cuhk.edu.hk/oal/CUHK_Corporate_Brochure.pdf
https://www4.mae.cuhk.edu.hk/msc-in-robotics/",2026-10-08,目录/检索记录；不等同正式受理,部分覆盖,待核具体缺口
机构：香港大学,平台/年度检索,研究中心官方目录；2026—2027。结果：无新增正式项目；缺口：招聘属于职位；2026—2027个人外部开放课题未取得,"https://airlab.hku.hk/zh/
https://airlab.hku.hk/zh/open-positions/
https://gopher.hku.hk/research/centres_institutes.html
https://skl-hkbase.hku.hk/inauguration-exhition-of-the-state-key-laboratory-of-subtropical-building-and-urban-science-hong-kong-base-opens/
https://sklchem.hku.hk/en/members/laboratory_members/14/
https://admissions.hku.hk/programmes/undergraduate-programmes/bachelor-of-engineering-robotics-engineering
https://admissions.hku.hk/zh-hans/programmes/undergraduate-programmes/bachelor-of-engineering-robotics-engineering
https://ece.hku.hk/events/20260715-1/
https://engg.hku.hk/home/robotics/hku.htm
https://hub.hku.hk/bitstream/10722/234604/1/content.pdf",2026-10-08,目录/检索记录；不等同正式受理,部分覆盖,待核具体缺口
机构：香港大学,平台/年度检索,人工智能与机器人研究院；2026—2027。结果：无新增正式项目；缺口：招聘属于职位；2026—2027个人外部开放课题未取得,"https://airlab.hku.hk/zh/
https://airlab.hku.hk/zh/open-positions/
https://gopher.hku.hk/research/centres_institutes.html
https://skl-hkbase.hku.hk/inauguration-exhition-of-the-state-key-laboratory-of-subtropical-building-and-urban-science-hong-kong-base-opens/
https://sklchem.hku.hk/en/members/laboratory_members/14/
https://admissions.hku.hk/programmes/undergraduate-programmes/bachelor-of-engineering-robotics-engineering
https://admissions.hku.hk/zh-hans/programmes/undergraduate-programmes/bachelor-of-engineering-robotics-engineering
https://ece.hku.hk/events/20260715-1/
https://engg.hku.hk/home/robotics/hku.htm
https://hub.hku.hk/bitstream/10722/234604/1/content.pdf",2026-10-08,目录/检索记录；不等同正式受理,部分覆盖,待核具体缺口
机构：香港大学,平台/年度检索,自动化与智能机器人实验室；2026—2027。结果：无新增正式项目；缺口：招聘属于职位；2026—2027个人外部开放课题未取得,"https://airlab.hku.hk/zh/
https://airlab.hku.hk/zh/open-positions/
https://gopher.hku.hk/research/centres_institutes.html
https://skl-hkbase.hku.hk/inauguration-exhition-of-the-state-key-laboratory-of-subtropical-building-and-urban-science-hong-kong-base-opens/
https://sklchem.hku.hk/en/members/laboratory_members/14/
https://admissions.hku.hk/programmes/undergraduate-programmes/bachelor-of-engineering-robotics-engineering
https://admissions.hku.hk/zh-hans/programmes/undergraduate-programmes/bachelor-of-engineering-robotics-engineering
https://ece.hku.hk/events/20260715-1/
https://engg.hku.hk/home/robotics/hku.htm
https://hub.hku.hk/bitstream/10722/234604/1/content.pdf",2026-10-08,目录/检索记录；不等同正式受理,部分覆盖,待核具体缺口
机构：香港科技大学,平台/年度检索,官方研究平台；2026—2027。结果：无新增个人项目；缺口：资助新闻为已获捐赠；2025联合研究内部计划限本校教师；外部开放课题未取得,"https://calendar.hkust.edu.hk/zh-hans/events/final-call-frontier-technology-research-joint-institutes-industry-2025
https://hkust.edu.hk/zh-hans/research
https://researchportal.hkust.edu.hk/en/organisations/research-institutes-centers-and-laboratories/projects/
https://summercampus.hkust.edu.hk/research-project
https://vprd.hkust.edu.hk/uploads/HAREC%3A2026%3AOpen%20list%20for%20approved%20HREP_20250506.pdf
https://cse.hkust.edu.hk/pg/defenses/S26/klibf-22-04-2026.html
https://hkust.edu.hk/zh-hans/news/hkust-secures-support-stellar-rise-orbit-bio-inspired-robotic-project
https://okt.hkust.edu.hk/sites/default/files/events/2024-publication/HKUST_OOKT_Deep-tech%20Playbook_2025_SC_Ver_0326.pdf
https://urop.hkust.edu.hk/projects",2026-10-08,目录/检索记录；不等同正式受理,部分覆盖,待核具体缺口
机构：香港科技大学,平台/年度检索,机器人研究所；2026—2027。结果：无新增个人项目；缺口：资助新闻为已获捐赠；2025联合研究内部计划限本校教师；外部开放课题未取得,"https://calendar.hkust.edu.hk/zh-hans/events/final-call-frontier-technology-research-joint-institutes-industry-2025
https://hkust.edu.hk/zh-hans/research
https://researchportal.hkust.edu.hk/en/organisations/research-institutes-centers-and-laboratories/projects/
https://summercampus.hkust.edu.hk/research-project
https://vprd.hkust.edu.hk/uploads/HAREC%3A2026%3AOpen%20list%20for%20approved%20HREP_20250506.pdf
https://cse.hkust.edu.hk/pg/defenses/S26/klibf-22-04-2026.html
https://hkust.edu.hk/zh-hans/news/hkust-secures-support-stellar-rise-orbit-bio-inspired-robotic-project
https://okt.hkust.edu.hk/sites/default/files/events/2024-publication/HKUST_OOKT_Deep-tech%20Playbook_2025_SC_Ver_0326.pdf
https://urop.hkust.edu.hk/projects",2026-10-08,目录/检索记录；不等同正式受理,部分覆盖,待核具体缺口
机构：香港科技大学,平台/年度检索,智能自主系统；2026—2027。结果：无新增个人项目；缺口：资助新闻为已获捐赠；2025联合研究内部计划限本校教师；外部开放课题未取得,"https://calendar.hkust.edu.hk/zh-hans/events/final-call-frontier-technology-research-joint-institutes-industry-2025
https://hkust.edu.hk/zh-hans/research
https://researchportal.hkust.edu.hk/en/organisations/research-institutes-centers-and-laboratories/projects/
https://summercampus.hkust.edu.hk/research-project
https://vprd.hkust.edu.hk/uploads/HAREC%3A2026%3AOpen%20list%20for%20approved%20HREP_20250506.pdf
https://cse.hkust.edu.hk/pg/defenses/S26/klibf-22-04-2026.html
https://hkust.edu.hk/zh-hans/news/hkust-secures-support-stellar-rise-orbit-bio-inspired-robotic-project
https://okt.hkust.edu.hk/sites/default/files/events/2024-publication/HKUST_OOKT_Deep-tech%20Playbook_2025_SC_Ver_0326.pdf
https://urop.hkust.edu.hk/projects",2026-10-08,目录/检索记录；不等同正式受理,部分覆盖,待核具体缺口
机构：香港科技大学,平台/年度检索,在轨仿生机器人；2026—2027。结果：无新增个人项目；缺口：资助新闻为已获捐赠；2025联合研究内部计划限本校教师；外部开放课题未取得,"https://calendar.hkust.edu.hk/zh-hans/events/final-call-frontier-technology-research-joint-institutes-industry-2025
https://hkust.edu.hk/zh-hans/research
https://researchportal.hkust.edu.hk/en/organisations/research-institutes-centers-and-laboratories/projects/
https://summercampus.hkust.edu.hk/research-project
https://vprd.hkust.edu.hk/uploads/HAREC%3A2026%3AOpen%20list%20for%20approved%20HREP_20250506.pdf
https://cse.hkust.edu.hk/pg/defenses/S26/klibf-22-04-2026.html
https://hkust.edu.hk/zh-hans/news/hkust-secures-support-stellar-rise-orbit-bio-inspired-robotic-project
https://okt.hkust.edu.hk/sites/default/files/events/2024-publication/HKUST_OOKT_Deep-tech%20Playbook_2025_SC_Ver_0326.pdf
https://urop.hkust.edu.hk/projects",2026-10-08,目录/检索记录；不等同正式受理,部分覆盖,待核具体缺口
机构：香港城市大学,平台/年度检索,官方研究中心目录；2026—2027。结果：无新增正式项目；缺口：2026—2027对外基金未取得；联合项目和研究介绍不视为公开受理,"https://www.cityu.edu.hk/en/research/centres
https://www.cityu.edu.hk/ro/research-infrastructure/research-centres
https://www.cityu.edu.hk/system/files/2021-07/CityUResearch-zhcn.pdf
https://www.cityu.edu.hk/ace/-/media/project/cityuhk/academic/ace/news--events/newsletter/eversion-annual-brochure-2025.pdf?rev=7109b729c7ff46c7ba0370c5c951e05e
https://www.cityu.edu.hk/cra/
https://www.cityu.edu.hk/jcc/sites/g/files/asqsls4416/files/media-document/Newsletter_20240927.pdf
https://www.cityu.edu.hk/ro/
https://www.cityu.edu.hk/sp2020-2025/SP_Booklet.pdf
https://www.mri.cityu.edu.hk/sri/htm/20251031/%E6%96%B0%E4%B8%80%E4%BB%A3%E4%BA%BA%E5%B7%A5%E6%99%BA%E8%83%BD%E5%9B%BD%E5%AE%B6%E7%A7%91%E6%8A%80%E9%87%8D%E5%A4%A7%E4%B8%93%E9%A1%B92025%E5%B9%B4%E5%BA%A6%E7%AC%AC%E4%B8%80%E6%89%B9%E9%A1%B9%E7%9B%AE%E7%94%B3%E6%8A%A5%E6%8C%87%E5%8D%97.pdf",2026-10-08,目录/检索记录；不等同正式受理,部分覆盖,待核具体缺口
机构：香港城市大学,平台/年度检索,机器人与自动化研究中心；2026—2027。结果：无新增正式项目；缺口：2026—2027对外基金未取得；联合项目和研究介绍不视为公开受理,"https://www.cityu.edu.hk/en/research/centres
https://www.cityu.edu.hk/ro/research-infrastructure/research-centres
https://www.cityu.edu.hk/system/files/2021-07/CityUResearch-zhcn.pdf
https://www.cityu.edu.hk/ace/-/media/project/cityuhk/academic/ace/news--events/newsletter/eversion-annual-brochure-2025.pdf?rev=7109b729c7ff46c7ba0370c5c951e05e
https://www.cityu.edu.hk/cra/
https://www.cityu.edu.hk/jcc/sites/g/files/asqsls4416/files/media-document/Newsletter_20240927.pdf
https://www.cityu.edu.hk/ro/
https://www.cityu.edu.hk/sp2020-2025/SP_Booklet.pdf
https://www.mri.cityu.edu.hk/sri/htm/20251031/%E6%96%B0%E4%B8%80%E4%BB%A3%E4%BA%BA%E5%B7%A5%E6%99%BA%E8%83%BD%E5%9B%BD%E5%AE%B6%E7%A7%91%E6%8A%80%E9%87%8D%E5%A4%A7%E4%B8%93%E9%A1%B92025%E5%B9%B4%E5%BA%A6%E7%AC%AC%E4%B8%80%E6%89%B9%E9%A1%B9%E7%9B%AE%E7%94%B3%E6%8A%A5%E6%8C%87%E5%8D%97.pdf",2026-10-08,目录/检索记录；不等同正式受理,部分覆盖,待核具体缺口
机构：香港城市大学,平台/年度检索,中科院联合机器人实验室；2026—2027。结果：无新增正式项目；缺口：2026—2027对外基金未取得；联合项目和研究介绍不视为公开受理,"https://www.cityu.edu.hk/en/research/centres
https://www.cityu.edu.hk/ro/research-infrastructure/research-centres
https://www.cityu.edu.hk/system/files/2021-07/CityUResearch-zhcn.pdf
https://www.cityu.edu.hk/ace/-/media/project/cityuhk/academic/ace/news--events/newsletter/eversion-annual-brochure-2025.pdf?rev=7109b729c7ff46c7ba0370c5c951e05e
https://www.cityu.edu.hk/cra/
https://www.cityu.edu.hk/jcc/sites/g/files/asqsls4416/files/media-document/Newsletter_20240927.pdf
https://www.cityu.edu.hk/ro/
https://www.cityu.edu.hk/sp2020-2025/SP_Booklet.pdf
https://www.mri.cityu.edu.hk/sri/htm/20251031/%E6%96%B0%E4%B8%80%E4%BB%A3%E4%BA%BA%E5%B7%A5%E6%99%BA%E8%83%BD%E5%9B%BD%E5%AE%B6%E7%A7%91%E6%8A%80%E9%87%8D%E5%A4%A7%E4%B8%93%E9%A1%B92025%E5%B9%B4%E5%BA%A6%E7%AC%AC%E4%B8%80%E6%89%B9%E9%A1%B9%E7%9B%AE%E7%94%B3%E6%8A%A5%E6%8C%87%E5%8D%97.pdf",2026-10-08,目录/检索记录；不等同正式受理,部分覆盖,待核具体缺口
机构：香港InnoHK平台群,平台/年度检索,官方AIR集群目录；2026—2027。结果：无新增正式项目；缺口：政府目录已查，中心各自外部基金规则未取得；不把政府给中心拨款当个人开放课题,"https://www.itc.gov.hk/en/technological_infrastructure/innohk_research_clusters.html
https://www.itc.gov.hk/ch/doc/Research_Laboratories_Admitted_to_InnoHK_Research_Clusters%28TChin%29.pdf
https://www.itc.gov.hk/en/doc/Research_Laboratories_Admitted_to_InnoHK_Research_Clusters%28Eng%29.pdf
https://www.itc.gov.hk/gb/doc/Research_Laboratories_Admitted_to_InnoHK_Research_Clusters%28SChin%29.pdf
https://www.itc.gov.hk/en/doc/Guidance_Notes_InnoHK_3rd_cluster.pdf",2026-10-08,目录/检索记录；不等同正式受理,部分覆盖,待核具体缺口
机构：香港InnoHK平台群,平台/年度检索,人工智能与机器人创新中心、医疗机器人与太空机器人相关中心；2026—2027。结果：无新增正式项目；缺口：政府目录已查，中心各自外部基金规则未取得；不把政府给中心拨款当个人开放课题,"https://www.itc.gov.hk/en/technological_infrastructure/innohk_research_clusters.html
https://www.itc.gov.hk/ch/doc/Research_Laboratories_Admitted_to_InnoHK_Research_Clusters%28TChin%29.pdf
https://www.itc.gov.hk/en/doc/Research_Laboratories_Admitted_to_InnoHK_Research_Clusters%28Eng%29.pdf
https://www.itc.gov.hk/gb/doc/Research_Laboratories_Admitted_to_InnoHK_Research_Clusters%28SChin%29.pdf
https://www.itc.gov.hk/en/doc/Guidance_Notes_InnoHK_3rd_cluster.pdf",2026-10-08,目录/检索记录；不等同正式受理,部分覆盖,待核具体缺口
机构：华南理工大学,平台/年度检索,"自动化科研平台全页：自主系统与网络控制、精密电子制造装备、无人机系统、智能系统控制、脑机接口；2026—2027。结果：R005,M188；缺口：R0052024附件指南/办法缺失且年度文件名不一致；其余目录平台2026—2027外部基金未取得；本科生2026—2027内部基金剔除","https://www.scut.edu.cn/en/wesearch/list.htm
https://www.scut.edu.cn/new/9018/list.htm
https://www2.scut.edu.cn/automation/36668/list.htm
https://www2.scut.edu.cn/autonlab/
https://www2.scut.edu.cn/autonlab/2025/0411/c4447a585385/page.htm
https://www2.scut.edu.cn/sse/16791/list.htm",2026-10-08,目录/检索记录；不等同正式受理,部分覆盖,待核具体缺口
机构：华南理工大学,平台/年度检索,"软件平台：大数据与智能机器人、粤港澳机器人联合平台；2026—2027。结果：R005,M188；缺口：R0052024附件指南/办法缺失且年度文件名不一致；其余目录平台2026—2027外部基金未取得；本科生2026—2027内部基金剔除","https://www.scut.edu.cn/en/wesearch/list.htm
https://www.scut.edu.cn/new/9018/list.htm
https://www2.scut.edu.cn/automation/36668/list.htm
https://www2.scut.edu.cn/autonlab/
https://www2.scut.edu.cn/autonlab/2025/0411/c4447a585385/page.htm
https://www2.scut.edu.cn/sse/16791/list.htm",2026-10-08,目录/检索记录；不等同正式受理,部分覆盖,待核具体缺口
机构：广东工业大学,平台/年度检索,"电子精密制造装备及技术；2026—2027。结果：R003,R004；缺口：已取得2018/2024任务正文；管理附件缺失，2026—2027公告未取得","https://cs.gdut.edu.cn/kxyj/kypt.htm
https://jdis.gdut.edu.cn/wdzweb/newsread.aspx?ctx=D3A2BB5708F1AD9075C1B5B9115100D1E1DF73E63BABD677
https://automation.gdut.edu.cn/info/1081/10158.htm
https://jdis.gdut.edu.cn/wdzweb/newslist.aspx?ctx=D3A2BB5708F1AD9028B1F36CBD048A37
https://kjc.gdut.edu.cn/info/1680/1024.htm
https://teacher.gdut.edu.cn/chenxuesong/zh_CN/zhym/79404/list/index.htm
https://teacher.gdut.edu.cn/lixinyan1/zh_CN/index/236511/list/index.htm",2026-10-08,目录/检索记录；不等同正式受理,部分覆盖,待核具体缺口
机构：广东工业大学,平台/年度检索,"智能决策与协同控制；2026—2027。结果：R003,R004；缺口：已取得2018/2024任务正文；管理附件缺失，2026—2027公告未取得","https://cs.gdut.edu.cn/kxyj/kypt.htm
https://jdis.gdut.edu.cn/wdzweb/newsread.aspx?ctx=D3A2BB5708F1AD9075C1B5B9115100D1E1DF73E63BABD677
https://automation.gdut.edu.cn/info/1081/10158.htm
https://jdis.gdut.edu.cn/wdzweb/newslist.aspx?ctx=D3A2BB5708F1AD9028B1F36CBD048A37
https://kjc.gdut.edu.cn/info/1680/1024.htm
https://teacher.gdut.edu.cn/chenxuesong/zh_CN/zhym/79404/list/index.htm
https://teacher.gdut.edu.cn/lixinyan1/zh_CN/index/236511/list/index.htm",2026-10-08,目录/检索记录；不等同正式受理,部分覆盖,待核具体缺口
机构：广东工业大学,平台/年度检索,"计算机学院科研平台目录；2026—2027。结果：R003,R004；缺口：已取得2018/2024任务正文；管理附件缺失，2026—2027公告未取得","https://cs.gdut.edu.cn/kxyj/kypt.htm
https://jdis.gdut.edu.cn/wdzweb/newsread.aspx?ctx=D3A2BB5708F1AD9075C1B5B9115100D1E1DF73E63BABD677
https://automation.gdut.edu.cn/info/1081/10158.htm
https://jdis.gdut.edu.cn/wdzweb/newslist.aspx?ctx=D3A2BB5708F1AD9028B1F36CBD048A37
https://kjc.gdut.edu.cn/info/1680/1024.htm
https://teacher.gdut.edu.cn/chenxuesong/zh_CN/zhym/79404/list/index.htm
https://teacher.gdut.edu.cn/lixinyan1/zh_CN/index/236511/list/index.htm",2026-10-08,目录/检索记录；不等同正式受理,部分覆盖,待核具体缺口
机构：中山大学,平台/年度检索,脑功能重点实验室2026公告；2026—2027。结果：无新增机器人项目；缺口：脑功能实际生物任务排除；海洋无人装备等独立平台外部公告未取得,"https://gs.sysu.edu.cn/research/download
https://phs.sysu.edu.cn/sites/default/files/2025-03/%E9%99%84%E4%BB%B61%EF%BC%9A%E6%B7%B1%E5%9C%B3%E5%B8%82%E7%97%85%E5%8E%9F%E5%BE%AE%E7%94%9F%E7%89%A9%E4%B8%8E%E7%94%9F%E7%89%A9%E5%AE%89%E5%85%A8%E9%87%8D%E7%82%B9%E5%AE%9E%E9%AA%8C%E5%AE%A42025%E5%B9%B4%E5%BC%80%E6%94%BE%E8%AF%BE%E9%A2%98%E7%A0%94%E7%A9%B6%E5%9F%BA%E9%87%91%E9%A1%B9%E7%9B%AE%E7%94%B3%E8%AF%B7%E6%8C%87%E5%8D%97.pdf
https://scst.sysu.edu.cn/node/324
https://sklbc.sysu.edu.cn/article/534
https://xuebaozr.sysu.edu.cn/rc-pub/front/front-article/download/43602377/lowqualitypdf/%E5%B8%A6%E5%90%8E%E7%BB%AD%E8%BF%AD%E4%BB%A3%E7%9A%84%E5%8F%8C%E6%9E%81S%E5%87%BD%E6%95%B0%E6%BF%80%E5%8A%B1%E7%9A%84WASD%E7%A5%9E%E7%BB%8F%E7%BD%91%E7%BB%9C.pdf
https://zssom.sysu.edu.cn/node/11776",2026-10-08,目录/检索记录；不等同正式受理,部分覆盖,待核具体缺口
机构：中山大学,平台/年度检索,相关机器人研究定向发现；2026—2027。结果：无新增机器人项目；缺口：脑功能实际生物任务排除；海洋无人装备等独立平台外部公告未取得,"https://gs.sysu.edu.cn/research/download
https://phs.sysu.edu.cn/sites/default/files/2025-03/%E9%99%84%E4%BB%B61%EF%BC%9A%E6%B7%B1%E5%9C%B3%E5%B8%82%E7%97%85%E5%8E%9F%E5%BE%AE%E7%94%9F%E7%89%A9%E4%B8%8E%E7%94%9F%E7%89%A9%E5%AE%89%E5%85%A8%E9%87%8D%E7%82%B9%E5%AE%9E%E9%AA%8C%E5%AE%A42025%E5%B9%B4%E5%BC%80%E6%94%BE%E8%AF%BE%E9%A2%98%E7%A0%94%E7%A9%B6%E5%9F%BA%E9%87%91%E9%A1%B9%E7%9B%AE%E7%94%B3%E8%AF%B7%E6%8C%87%E5%8D%97.pdf
https://scst.sysu.edu.cn/node/324
https://sklbc.sysu.edu.cn/article/534
https://xuebaozr.sysu.edu.cn/rc-pub/front/front-article/download/43602377/lowqualitypdf/%E5%B8%A6%E5%90%8E%E7%BB%AD%E8%BF%AD%E4%BB%A3%E7%9A%84%E5%8F%8C%E6%9E%81S%E5%87%BD%E6%95%B0%E6%BF%80%E5%8A%B1%E7%9A%84WASD%E7%A5%9E%E7%BB%8F%E7%BD%91%E7%BB%9C.pdf
https://zssom.sysu.edu.cn/node/11776",2026-10-08,目录/检索记录；不等同正式受理,部分覆盖,待核具体缺口
机构：中科院广州地球化学研究所,平台/年度检索,2026开放基金研究任务快速筛选；2026—2027。结果：无新增机器人项目；缺口：地球化学/环境任务无具体机器人证据；不因AI建模保留,https://www.gig.ac.cn/xwdt/kydt/202605/t20260529_8211233.html,2026-10-08,目录/检索记录；不等同正式受理,部分覆盖,待核具体缺口
机构：光明实验室（深圳）,平台/年度检索,"2026首轮与第二批开放课题指南；2026—2027。结果：R006,M097；缺口：首轮正文后半段及附件缺失；第二批复用已核历史，严禁两批混填","https://www.gml.ac.cn/xxgs/923.html
https://www.gml.ac.cn/xxgs/973.html",2026-10-08,目录/检索记录；不等同正式受理,部分覆盖,待核具体缺口
机构：中科院深圳先进技术研究院,平台/年度检索,"广东省机器人与智能系统；2026—2027。结果：M186,M020；缺口：机器人平台2026—2027新公告未取得；成像2026儿科MRI任务无足够机器人证据，原待核保留","https://medimaging.siat.ac.cn/cxqjzx/2026-02/13/article_2026021316251621975.html
https://jcjs.siat.ac.cn/cn/article/pdf/preview/10.12146/j.issn.2095-3135.201307005.pdf
https://znfs.siat.ac.cn/index.php?category_id=0&id=280&r=page%2Fshow&type=5
https://znfs.siat.ac.cn/index.php?id=257&r=mobile%2Fpage%2Fshow&type=5",2026-10-08,目录/检索记录；不等同正式受理,部分覆盖,待核具体缺口
机构：中科院深圳先进技术研究院,平台/年度检索,"医学成像科学与技术系统全国重点实验室2026指南；2026—2027。结果：M186,M020；缺口：机器人平台2026—2027新公告未取得；成像2026儿科MRI任务无足够机器人证据，原待核保留","https://medimaging.siat.ac.cn/cxqjzx/2026-02/13/article_2026021316251621975.html
https://jcjs.siat.ac.cn/cn/article/pdf/preview/10.12146/j.issn.2095-3135.201307005.pdf
https://znfs.siat.ac.cn/index.php?category_id=0&id=280&r=page%2Fshow&type=5
https://znfs.siat.ac.cn/index.php?id=257&r=mobile%2Fpage%2Fshow&type=5",2026-10-08,目录/检索记录；不等同正式受理,部分覆盖,待核具体缺口
机构：香港中文大学（深圳）/深圳市人工智能与机器人研究院,平台/年度检索,医疗机器人2026指南及研究平台发现；2026—2027。结果：M098；缺口：医疗机器人已核历史；其他群体/工业/服务机器人平台独立开放机制未取得,"https://airs.cuhk.edu.cn/article/1429
https://airs.cuhk.edu.cn/search",2026-10-08,目录/检索记录；不等同正式受理,部分覆盖,待核具体缺口
机构：哈尔滨工业大学（深圳）,平台/年度检索,运动控制与视觉机器人实验室；2026—2027。结果：M108；缺口：复用历史条目；2026—2027完整新公告未取得,"https://vodrlab.hitsz.edu.cn/info/1004/1009.htm
https://intelligence.hitsz.edu.cn/currency.jsp?urltype=news.NewsContentUrl&wbnewsid=1661&wbtreeid=1259",2026-10-08,目录/检索记录；不等同正式受理,部分覆盖,待核具体缺口
机构：哈尔滨工业大学（深圳）,平台/年度检索,历史开放管理页；2026—2027。结果：M108；缺口：复用历史条目；2026—2027完整新公告未取得,"https://vodrlab.hitsz.edu.cn/info/1004/1009.htm
https://intelligence.hitsz.edu.cn/currency.jsp?urltype=news.NewsContentUrl&wbnewsid=1661&wbtreeid=1259",2026-10-08,目录/检索记录；不等同正式受理,部分覆盖,待核具体缺口
机构：南方科技大学,平台/年度检索,省部级及市级科研平台全页：机器人研究院、可信自主系统、机器人感知与智能、仿生机器人、人类增强与康复；2026—2027。结果：无新增正式项目；缺口：目录已取得；各机器人平台2026—2027开放课题公告/机制尚未取得,"https://sustech.edu.cn/zh/ministerial-and-provincial-research-platforms.html
https://sustech.edu.cn/zh/municipal-research-platforms.html
https://www.sustech.edu.cn/zh/municipal-research-platforms.html
https://coe.sustech.edu.cn/data/news/6825592fa0b93.pdf
https://robfms.sustech.edu.cn/
https://science.sustech.edu.cn/portal/article/index/id/1573
https://sustech.edu.cn/uploads/files/2024/10/28091618_32968.pdf",2026-10-08,目录/检索记录；不等同正式受理,部分覆盖,待核具体缺口
机构：深圳大学,平台/年度检索,广东省电磁控制与智能机器人重点实验室；2026—2027。结果：无新增机器人项目；缺口：具体机器人平台及科研目录已定位；各平台2026—2027外部指南未取得；大数据2024指南不凭“智能”纳入，射频任务已有剔除,"https://ecir.szu.edu.cn/
https://ai.szu.edu.cn/info/1103/2570.htm
https://bme.szu.edu.cn/info/1316/1756.htm
https://ceie.szu.edu.cn/info/1083/1754.htm
https://cmce.szu.edu.cn/kxyj/kypt/szszzwrxtyznczlhsys.htm
https://curi.szu.edu.cn/en/info/1035/1871.htm
https://hi-rfskl.szu.edu.cn/info/1032/1875.htm
https://security.szu.edu.cn/kxyj/kfjj.htm
https://zs.szu.edu.cn/info/1024/4080.htm
https://ai.szu.edu.cn/jgsz/yjs.htm",2026-10-08,目录/检索记录；不等同正式受理,部分覆盖,待核具体缺口
机构：深圳大学,平台/年度检索,自主无人系统与智能操作联合实验室；2026—2027。结果：无新增机器人项目；缺口：具体机器人平台及科研目录已定位；各平台2026—2027外部指南未取得；大数据2024指南不凭“智能”纳入，射频任务已有剔除,"https://ecir.szu.edu.cn/
https://ai.szu.edu.cn/info/1103/2570.htm
https://bme.szu.edu.cn/info/1316/1756.htm
https://ceie.szu.edu.cn/info/1083/1754.htm
https://cmce.szu.edu.cn/kxyj/kypt/szszzwrxtyznczlhsys.htm
https://curi.szu.edu.cn/en/info/1035/1871.htm
https://hi-rfskl.szu.edu.cn/info/1032/1875.htm
https://security.szu.edu.cn/kxyj/kfjj.htm
https://zs.szu.edu.cn/info/1024/4080.htm
https://ai.szu.edu.cn/jgsz/yjs.htm",2026-10-08,目录/检索记录；不等同正式受理,部分覆盖,待核具体缺口
机构：深圳大学,平台/年度检索,具身智能与机器人研究所；2026—2027。结果：无新增机器人项目；缺口：具体机器人平台及科研目录已定位；各平台2026—2027外部指南未取得；大数据2024指南不凭“智能”纳入，射频任务已有剔除,"https://ecir.szu.edu.cn/
https://ai.szu.edu.cn/info/1103/2570.htm
https://bme.szu.edu.cn/info/1316/1756.htm
https://ceie.szu.edu.cn/info/1083/1754.htm
https://cmce.szu.edu.cn/kxyj/kypt/szszzwrxtyznczlhsys.htm
https://curi.szu.edu.cn/en/info/1035/1871.htm
https://hi-rfskl.szu.edu.cn/info/1032/1875.htm
https://security.szu.edu.cn/kxyj/kfjj.htm
https://zs.szu.edu.cn/info/1024/4080.htm
https://ai.szu.edu.cn/jgsz/yjs.htm",2026-10-08,目录/检索记录；不等同正式受理,部分覆盖,待核具体缺口
机构：深圳大学,平台/年度检索,智能机器人中心；2026—2027。结果：无新增机器人项目；缺口：具体机器人平台及科研目录已定位；各平台2026—2027外部指南未取得；大数据2024指南不凭“智能”纳入，射频任务已有剔除,"https://ecir.szu.edu.cn/
https://ai.szu.edu.cn/info/1103/2570.htm
https://bme.szu.edu.cn/info/1316/1756.htm
https://ceie.szu.edu.cn/info/1083/1754.htm
https://cmce.szu.edu.cn/kxyj/kypt/szszzwrxtyznczlhsys.htm
https://curi.szu.edu.cn/en/info/1035/1871.htm
https://hi-rfskl.szu.edu.cn/info/1032/1875.htm
https://security.szu.edu.cn/kxyj/kfjj.htm
https://zs.szu.edu.cn/info/1024/4080.htm
https://ai.szu.edu.cn/jgsz/yjs.htm",2026-10-08,目录/检索记录；不等同正式受理,部分覆盖,待核具体缺口
机构：深圳大学,平台/年度检索,大数据开放栏目；2026—2027。结果：无新增机器人项目；缺口：具体机器人平台及科研目录已定位；各平台2026—2027外部指南未取得；大数据2024指南不凭“智能”纳入，射频任务已有剔除,"https://ecir.szu.edu.cn/
https://ai.szu.edu.cn/info/1103/2570.htm
https://bme.szu.edu.cn/info/1316/1756.htm
https://ceie.szu.edu.cn/info/1083/1754.htm
https://cmce.szu.edu.cn/kxyj/kypt/szszzwrxtyznczlhsys.htm
https://curi.szu.edu.cn/en/info/1035/1871.htm
https://hi-rfskl.szu.edu.cn/info/1032/1875.htm
https://security.szu.edu.cn/kxyj/kfjj.htm
https://zs.szu.edu.cn/info/1024/4080.htm
https://ai.szu.edu.cn/jgsz/yjs.htm",2026-10-08,目录/检索记录；不等同正式受理,部分覆盖,待核具体缺口
机构：鹏城实验室,平台/年度检索,多模态大模型及机器人新闻/公告目录发现；2026—2027。结果：无新增正式项目；缺口：科研新闻不是受理；独立机器人相关对外开放指南未取得,"https://www.pcl.ac.cn/html/943/list-2.html
https://www.pcl.ac.cn/?from=singlemessage
https://www.pcl.ac.cn/html/943/",2026-10-08,目录/检索记录；不等同正式受理,部分覆盖,待核具体缺口
机构：广东省智能科学与技术研究院（珠海横琴）,平台/年度检索,官方三中心目录：类脑计算、认知神经、生物医学智能；2026—2027。结果：无新增正式项目；缺口：目录已取得；招聘非基金；2026—2027开放指南未取得,https://www.gdiist.cn/en/research/innovate,2026-10-08,目录/检索记录；不等同正式受理,部分覆盖,待核具体缺口
机构：广东省智能科学与技术研究院（珠海横琴）,平台/年度检索,具身视觉课题组线索；2026—2027。结果：无新增正式项目；缺口：目录已取得；招聘非基金；2026—2027开放指南未取得,https://www.gdiist.cn/en/research/innovate,2026-10-08,目录/检索记录；不等同正式受理,部分覆盖,待核具体缺口
机构：北京师范大学（珠海）,平台/年度检索,未来技术学院机器人相关平台定向发现；2026—2027。结果：无新增正式项目；缺口：未取得本地区平台完整目录或外部开放基金；检索结果不可当机构覆盖完成,https://tecs.bnu.edu.cn/tzgg/10ff5dfc0b3b4c379d2ca830fdf9937a.htm,2026-10-08,目录/检索记录；不等同正式受理,部分覆盖,待核具体缺口
机构：北师香港浸会大学（珠海）,平台/年度检索,广东省数据科学与技术交叉应用重点实验室基金介绍入口；2026—2027。结果：无新增机器人项目；缺口：入口访问超时；实际机器人任务及2026—2027公告未取得，未凭数据科学保留,https://irads.bnbu.edu.cn/info/1022/1059.htm,2026-10-08,目录/检索记录；不等同正式受理,部分覆盖,待核具体缺口
机构：广东省智能机器人研究院（东莞）,平台/年度检索,开放课题指南研讨/筹备官方报道；2026—2027。结果：M069；缺口：会议非正式公告；年度指南、受理、金额与条件均待手动确认,https://www.girirobot.com/View/Article/ArticleDetail.aspx?id=2394,2026-10-08,目录/检索记录；不等同正式受理,部分覆盖,待核具体缺口
机构：东莞理工学院,平台/年度检索,机械学院2026官方平台目录：广东省普通高校机器人与智能装备重点实验室、机器人与智能装备创新中心、智能制造系统健康监测维护、机器人性能质量检测；2026—2027。结果：无新增正式项目；缺口：机器人平台目录和任务已定位；公共开放检测/教学不等于资助，2026—2027外部开放课题指南未取得,"https://jxx.dgut.edu.cn/info/1003/4377.htm
https://fzgh.dgut.edu.cn/info/1018/1152.htm
https://isti.dgut.edu.cn/info/1031/1391.htm
https://isti.dgut.edu.cn/info/1042/7161.htm
https://sme.dgut.edu.cn/info/1034/1121.htm
https://ee.dgut.edu.cn/xygk/zyjs1/zdhzy.htm
https://jcc.dgut.edu.cn/bunengbuzhidao2018.pdf
https://kjz.dgut.edu.cn/kjcxpt/kjcxyjy.htm",2026-10-08,目录/检索记录；不等同正式受理,部分覆盖,待核具体缺口
机构：东莞理工学院,平台/年度检索,卓越工程师云端机器人；2026—2027。结果：无新增正式项目；缺口：机器人平台目录和任务已定位；公共开放检测/教学不等于资助，2026—2027外部开放课题指南未取得,"https://jxx.dgut.edu.cn/info/1003/4377.htm
https://fzgh.dgut.edu.cn/info/1018/1152.htm
https://isti.dgut.edu.cn/info/1031/1391.htm
https://isti.dgut.edu.cn/info/1042/7161.htm
https://sme.dgut.edu.cn/info/1034/1121.htm
https://ee.dgut.edu.cn/xygk/zyjs1/zdhzy.htm
https://jcc.dgut.edu.cn/bunengbuzhidao2018.pdf
https://kjz.dgut.edu.cn/kjcxpt/kjcxyjy.htm",2026-10-08,目录/检索记录；不等同正式受理,部分覆盖,待核具体缺口
机构：东莞理工学院,平台/年度检索,工程软件；2026—2027。结果：无新增正式项目；缺口：机器人平台目录和任务已定位；公共开放检测/教学不等于资助，2026—2027外部开放课题指南未取得,"https://jxx.dgut.edu.cn/info/1003/4377.htm
https://fzgh.dgut.edu.cn/info/1018/1152.htm
https://isti.dgut.edu.cn/info/1031/1391.htm
https://isti.dgut.edu.cn/info/1042/7161.htm
https://sme.dgut.edu.cn/info/1034/1121.htm
https://ee.dgut.edu.cn/xygk/zyjs1/zdhzy.htm
https://jcc.dgut.edu.cn/bunengbuzhidao2018.pdf
https://kjz.dgut.edu.cn/kjcxpt/kjcxyjy.htm",2026-10-08,目录/检索记录；不等同正式受理,部分覆盖,待核具体缺口
机构：中科院自动化研究所,平台/年度检索,"研究系统目录；2026—2027。结果：M009,M008；缺口：前两2026指南复用已核历史；目录访问障碍已记录，工业视觉/脑类等独立外部基金未取得","https://ia.cas.cn/qtgn/tzgg/202605/t20260515_8202627.html?
https://ia.cas.cn/qtgn/tzgg/202605/t20260515_8202627.html?sessionid=
https://ia.cas.cn/qtgn/tzgg/202607/t20260721_8252870.html
https://rlab.sia.cas.cn/
https://rlab.sia.cas.cn/kfjj/jjjj/
https://www.ia.cas.cn/qtgn/tzgg/202605/t20260515_8202627.html
http://www.ia.cas.cn/
https://www.sia.cas.cn/",2026-10-08,目录/检索记录；不等同正式受理,部分覆盖,待核具体缺口
机构：中科院自动化研究所,平台/年度检索,"多模态人工智能系统；2026—2027。结果：M009,M008；缺口：前两2026指南复用已核历史；目录访问障碍已记录，工业视觉/脑类等独立外部基金未取得","https://ia.cas.cn/qtgn/tzgg/202605/t20260515_8202627.html?
https://ia.cas.cn/qtgn/tzgg/202605/t20260515_8202627.html?sessionid=
https://ia.cas.cn/qtgn/tzgg/202607/t20260721_8252870.html
https://rlab.sia.cas.cn/
https://rlab.sia.cas.cn/kfjj/jjjj/
https://www.ia.cas.cn/qtgn/tzgg/202605/t20260515_8202627.html
http://www.ia.cas.cn/
https://www.sia.cas.cn/",2026-10-08,目录/检索记录；不等同正式受理,部分覆盖,待核具体缺口
机构：中科院自动化研究所,平台/年度检索,"复杂系统认知决策；2026—2027。结果：M009,M008；缺口：前两2026指南复用已核历史；目录访问障碍已记录，工业视觉/脑类等独立外部基金未取得","https://ia.cas.cn/qtgn/tzgg/202605/t20260515_8202627.html?
https://ia.cas.cn/qtgn/tzgg/202605/t20260515_8202627.html?sessionid=
https://ia.cas.cn/qtgn/tzgg/202607/t20260721_8252870.html
https://rlab.sia.cas.cn/
https://rlab.sia.cas.cn/kfjj/jjjj/
https://www.ia.cas.cn/qtgn/tzgg/202605/t20260515_8202627.html
http://www.ia.cas.cn/
https://www.sia.cas.cn/",2026-10-08,目录/检索记录；不等同正式受理,部分覆盖,待核具体缺口
机构：中科院自动化研究所,平台/年度检索,"工业视觉、脑类智能等目录平台；2026—2027。结果：M009,M008；缺口：前两2026指南复用已核历史；目录访问障碍已记录，工业视觉/脑类等独立外部基金未取得","https://ia.cas.cn/qtgn/tzgg/202605/t20260515_8202627.html?
https://ia.cas.cn/qtgn/tzgg/202605/t20260515_8202627.html?sessionid=
https://ia.cas.cn/qtgn/tzgg/202607/t20260721_8252870.html
https://rlab.sia.cas.cn/
https://rlab.sia.cas.cn/kfjj/jjjj/
https://www.ia.cas.cn/qtgn/tzgg/202605/t20260515_8202627.html
http://www.ia.cas.cn/
https://www.sia.cas.cn/",2026-10-08,目录/检索记录；不等同正式受理,部分覆盖,待核具体缺口
机构：中科院计算技术研究所,平台/年度检索,"处理器芯片；2026—2027。结果：M010,M011；缺口：已核历史复用；其他机器人相关研究中心开放机制未取得","https://klais.ict.ac.cn/tzgg/xmzj/202609/t20260908_856264.html
https://sklp.ict.ac.cn/yxgl/kfkt/zntg/202606/t20260609_841349.html
https://cjc.ict.ac.cn/online/onlinepaper/002_xjw-2026227142059.pdf
https://sklp.ict.ac.cn/yxgl/",2026-10-08,目录/检索记录；不等同正式受理,部分覆盖,待核具体缺口
机构：中科院计算技术研究所,平台/年度检索,"智能算法安全全国重点实验室2026指南；2026—2027。结果：M010,M011；缺口：已核历史复用；其他机器人相关研究中心开放机制未取得","https://klais.ict.ac.cn/tzgg/xmzj/202609/t20260908_856264.html
https://sklp.ict.ac.cn/yxgl/kfkt/zntg/202606/t20260609_841349.html
https://cjc.ict.ac.cn/online/onlinepaper/002_xjw-2026227142059.pdf
https://sklp.ict.ac.cn/yxgl/",2026-10-08,目录/检索记录；不等同正式受理,部分覆盖,待核具体缺口
机构：北京交通大学,平台/年度检索,"先进轨道交通自主运行全国重点实验室2027指南及管理办法；2026—2027。结果：R001,M013；缺口：2027资格/周期/纸质份数冲突需联系人确认；其他机器人相关平台2026—2027机制未取得","https://raolab.bjtu.edu.cn/news/3521.html
https://raolab.bjtu.edu.cn/wp-content/uploads/2025/09/%E5%85%88%E8%BF%9B%E8%BD%A8%E9%81%93%E4%BA%A4%E9%80%9A%E8%87%AA%E4%B8%BB%E8%BF%90%E8%A1%8C%E5%85%A8%E5%9B%BD%E9%87%8D%E7%82%B9%E5%AE%9E%E9%AA%8C%E5%AE%A4%E5%BC%80%E6%94%BE%E8%AF%BE%E9%A2%98%E7%94%B3%E8%AF%B7%E6%8C%87%E5%8D%972026-20250928.pdf
https://raolab.bjtu.edu.cn/wp-content/uploads/2026/09/%E5%85%88%E8%BF%9B%E8%BD%A8%E9%81%93%E4%BA%A4%E9%80%9A%E8%87%AA%E4%B8%BB%E8%BF%90%E8%A1%8C%E5%85%A8%E5%9B%BD%E9%87%8D%E7%82%B9%E5%AE%9E%E9%AA%8C%E5%AE%A4%E5%BC%80%E6%94%BE%E8%AF%BE%E9%A2%98%E7%AE%A1%E7%90%86%E5%8A%9E%E6%B3%95.pdf",2026-10-08,目录/检索记录；不等同正式受理,部分覆盖,待核具体缺口
机构：北京交通大学,平台/年度检索,"2025记录复用；2026—2027。结果：R001,M013；缺口：2027资格/周期/纸质份数冲突需联系人确认；其他机器人相关平台2026—2027机制未取得","https://raolab.bjtu.edu.cn/news/3521.html
https://raolab.bjtu.edu.cn/wp-content/uploads/2025/09/%E5%85%88%E8%BF%9B%E8%BD%A8%E9%81%93%E4%BA%A4%E9%80%9A%E8%87%AA%E4%B8%BB%E8%BF%90%E8%A1%8C%E5%85%A8%E5%9B%BD%E9%87%8D%E7%82%B9%E5%AE%9E%E9%AA%8C%E5%AE%A4%E5%BC%80%E6%94%BE%E8%AF%BE%E9%A2%98%E7%94%B3%E8%AF%B7%E6%8C%87%E5%8D%972026-20250928.pdf
https://raolab.bjtu.edu.cn/wp-content/uploads/2026/09/%E5%85%88%E8%BF%9B%E8%BD%A8%E9%81%93%E4%BA%A4%E9%80%9A%E8%87%AA%E4%B8%BB%E8%BF%90%E8%A1%8C%E5%85%A8%E5%9B%BD%E9%87%8D%E7%82%B9%E5%AE%9E%E9%AA%8C%E5%AE%A4%E5%BC%80%E6%94%BE%E8%AF%BE%E9%A2%98%E7%AE%A1%E7%90%86%E5%8A%9E%E6%B3%95.pdf",2026-10-08,目录/检索记录；不等同正式受理,部分覆盖,待核具体缺口
机构：清华大学,平台/年度检索,"智能绿色车辆与交通2026；2026—2027。结果：R002,M016；缺口：车辆管理条例缺；界面任务指南待核；信息中心2025任务附件未逐项核清，不添加正式项目","https://www.ase.tsinghua.edu.cn/notice-center/zhinenglusecheliangyujiaotongquanguozhongdianshiyanshiguanyushenbao2026niandukaifangjijinketidetongzhi
https://sklhse.tsinghua.edu.cn/info/1029/1471.htm
https://sklt.tsinghua.edu.cn/info/1081/3517.htm
https://www.bnrist.tsinghua.edu.cn/info/1110/4271.htm
https://sklhse.tsinghua.edu.cn/fj/fj1.pdf
https://sklhse.tsinghua.edu.cn/fj/shuiquankexueyushuiligongchengquanguozhongdianshiyanshi2026niandudierpikaifangjijinzhinan.pdf
https://www.bnrist.tsinghua.edu.cn/fujianyibeijingxinxikexueyujishuguojiayanjiuzhongxin2025niandukaifangketizhinan.pdf
https://www.tsinghua.edu.cn/__local/B/DA/82/5C6F131EE6AB26E752548AD706D_9E6258EF_9DAAD.pdf",2026-10-08,目录/检索记录；不等同正式受理,部分覆盖,待核具体缺口
机构：清华大学,平台/年度检索,"高端装备界面；2026—2027。结果：R002,M016；缺口：车辆管理条例缺；界面任务指南待核；信息中心2025任务附件未逐项核清，不添加正式项目","https://www.ase.tsinghua.edu.cn/notice-center/zhinenglusecheliangyujiaotongquanguozhongdianshiyanshiguanyushenbao2026niandukaifangjijinketidetongzhi
https://sklhse.tsinghua.edu.cn/info/1029/1471.htm
https://sklt.tsinghua.edu.cn/info/1081/3517.htm
https://www.bnrist.tsinghua.edu.cn/info/1110/4271.htm
https://sklhse.tsinghua.edu.cn/fj/fj1.pdf
https://sklhse.tsinghua.edu.cn/fj/shuiquankexueyushuiligongchengquanguozhongdianshiyanshi2026niandudierpikaifangjijinzhinan.pdf
https://www.bnrist.tsinghua.edu.cn/fujianyibeijingxinxikexueyujishuguojiayanjiuzhongxin2025niandukaifangketizhinan.pdf
https://www.tsinghua.edu.cn/__local/B/DA/82/5C6F131EE6AB26E752548AD706D_9E6258EF_9DAAD.pdf",2026-10-08,目录/检索记录；不等同正式受理,部分覆盖,待核具体缺口
机构：清华大学,平台/年度检索,"北京信息科学技术研究中心开放线索；2026—2027。结果：R002,M016；缺口：车辆管理条例缺；界面任务指南待核；信息中心2025任务附件未逐项核清，不添加正式项目","https://www.ase.tsinghua.edu.cn/notice-center/zhinenglusecheliangyujiaotongquanguozhongdianshiyanshiguanyushenbao2026niandukaifangjijinketidetongzhi
https://sklhse.tsinghua.edu.cn/info/1029/1471.htm
https://sklt.tsinghua.edu.cn/info/1081/3517.htm
https://www.bnrist.tsinghua.edu.cn/info/1110/4271.htm
https://sklhse.tsinghua.edu.cn/fj/fj1.pdf
https://sklhse.tsinghua.edu.cn/fj/shuiquankexueyushuiligongchengquanguozhongdianshiyanshi2026niandudierpikaifangjijinzhinan.pdf
https://www.bnrist.tsinghua.edu.cn/fujianyibeijingxinxikexueyujishuguojiayanjiuzhongxin2025niandukaifangketizhinan.pdf
https://www.tsinghua.edu.cn/__local/B/DA/82/5C6F131EE6AB26E752548AD706D_9E6258EF_9DAAD.pdf",2026-10-08,目录/检索记录；不等同正式受理,部分覆盖,待核具体缺口
机构：北京大学,平台/年度检索,跨媒体通用人工智能全国重点实验室2026实际具身任务；2026—2027。结果：M014；缺口：复用已核历史；其他机器人/控制平台独立基金未取得,"https://sai.pku.edu.cn/info/2320/10785.htm
https://sist.pku.edu.cn/info/2320/10785.htm
https://www.ist.pku.edu.cn/info/2320/9635.htm",2026-10-08,目录/检索记录；不等同正式受理,部分覆盖,待核具体缺口
机构：北京航空航天大学,平台/年度检索,"空地一体智能系统；2026—2027。结果：M015,R010；缺口：空地一体当期复用；虚拟现实首页搜索快照有2026申报、直接页面却为旧内容，正式指南未取得，其他机器人/医工平台目录仍有缺口","https://vrlab.buaa.edu.cn/index.htm
https://h3i.buaa.edu.cn/info/1141/4918.htm
https://hss.buaa.edu.cn/info/1116/8229.htm
https://vrlab.buaa.edu.cn/kfjl/kfkt.htm
https://www.ee.buaa.edu.cn/info/1061/20843.htm
https://www.me.buaa.edu.cn/info/1071/6641.htm
http://bhxb.buaa.edu.cn",2026-10-08,目录/检索记录；不等同正式受理,部分覆盖,待核具体缺口
机构：北京航空航天大学,平台/年度检索,"虚拟现实技术与系统2026官方首页公告线索；2026—2027。结果：M015,R010；缺口：空地一体当期复用；虚拟现实首页搜索快照有2026申报、直接页面却为旧内容，正式指南未取得，其他机器人/医工平台目录仍有缺口","https://vrlab.buaa.edu.cn/index.htm
https://h3i.buaa.edu.cn/info/1141/4918.htm
https://hss.buaa.edu.cn/info/1116/8229.htm
https://vrlab.buaa.edu.cn/kfjl/kfkt.htm
https://www.ee.buaa.edu.cn/info/1061/20843.htm
https://www.me.buaa.edu.cn/info/1071/6641.htm
http://bhxb.buaa.edu.cn",2026-10-08,目录/检索记录；不等同正式受理,部分覆盖,待核具体缺口
机构：北京航空航天大学,平台/年度检索,"多源自主导航合作平台线索；2026—2027。结果：M015,R010；缺口：空地一体当期复用；虚拟现实首页搜索快照有2026申报、直接页面却为旧内容，正式指南未取得，其他机器人/医工平台目录仍有缺口","https://vrlab.buaa.edu.cn/index.htm
https://h3i.buaa.edu.cn/info/1141/4918.htm
https://hss.buaa.edu.cn/info/1116/8229.htm
https://vrlab.buaa.edu.cn/kfjl/kfkt.htm
https://www.ee.buaa.edu.cn/info/1061/20843.htm
https://www.me.buaa.edu.cn/info/1071/6641.htm
http://bhxb.buaa.edu.cn",2026-10-08,目录/检索记录；不等同正式受理,部分覆盖,待核具体缺口
机构：北京工业大学,平台/年度检索,智能感知与自主控制2026揭榜任务；2026—2027。结果：M038（既有剔除）；缺口：只允许本校教师，不重复加入；其他机器人平台对外开放机制未取得,"https://sist.bjut.edu.cn/info/1222/5293.htm
https://cace.bjut.edu.cn/info/1233/4093.htm
https://yanzhao.bjut.edu.cn/info/1443/8471.htm
https://znxy.bjut.edu.cn/info/1599/1276.htm
https://journal.bjut.edu.cn/bjgydxxb/cn/article/pdf/preview/10.11936/bjutxb2024070005.pdf
https://web.archive.org/web/20220726153122/https://www.bjut.edu.cn/xxgk/xxjj1.htm",2026-10-08,目录/检索记录；不等同正式受理,部分覆盖,待核具体缺口
机构：北京科技大学,平台/年度检索,材料安全服役、绿色低碳钢铁冶金2026指南发现；2026—2027。结果：无新增机器人项目；缺口：任务材料/冶金不能以“智能”保留；智能装备具体任务附件证据尚缺,"https://amc.ustb.edu.cn/hzjl/kfkt/dc4c0a86cf2048979bf7181d7c37e1c7.htm
https://ihmm.ustb.edu.cn/tzgg/ea6cf351883b4df5b963b66271e9bda7.htm
https://sklam.ustb.edu.cn/tzgg2/4f79a396b3764987bbc5c794f1f9865c.htm
https://sklam.ustb.edu.cn/tzgg2/index.htm
https://srse.ustb.edu.cn/info/1183/9458.htm
http://ncms.ustb.edu.cn
https://cje.ustb.edu.cn/cn/article/pdf/preview/10.13374/j.issn2095-9389.2025.04.21.004.pdf
https://cje.ustb.edu.cn/cn/article/pdf/preview/10.13374/j.issn2095-9389.2025.06.26.001.pdf
https://cje.ustb.edu.cn/cn/article/pdf/preview/10.13374/j.issn2095-9389.2025.09.11.002.pdf",2026-10-08,目录/检索记录；不等同正式受理,部分覆盖,待核具体缺口
机构：北京航天控制仪器研究所（联合群体）,平台/年度检索,智能多源自主导航国家卓越群体2026开放课题官方高校转载；2026—2027。结果：R011；缺口：转载访问失败，原始任务指南及主办方链接未取得；待核而非已核机器人项目,https://keyanchu.syuct.edu.cn/info/1028/2075.htm,2026-10-08,目录/检索记录；不等同正式受理,部分覆盖,待核具体缺口
机构：西北工业大学,平台/年度检索,官方科研平台目录；2026—2027。结果：M190；缺口：大数据2027—2028历史复用；无人飞行器/无人机集成/水下控制等2026—2027外部开放指南未取得,"https://hangkong.nwpu.edu.cn/info/1722/51354.htm
https://wurenxitong.nwpu.edu.cn/yjygk1/yjyjj.htm
https://asgo.nwpu.edu.cn/info/1014/1084.htm
https://hangkong.nwpu.edu.cn/info/1044/1423.htm
https://minhang.nwpu.edu.cn/info/1028/2161.htm
https://news.nwpu.edu.cn/info/1002/125279.htm
https://ningbo.nwpu.edu.cn/info/1013/5119.htm
https://shenzhen.nwpu.edu.cn/info/1005/2753.htm
https://sklsp.nwpu.edu.cn/info/2041/12902.htm",2026-10-08,目录/检索记录；不等同正式受理,部分覆盖,待核具体缺口
机构：西北工业大学,平台/年度检索,无人系统技术研究院；2026—2027。结果：M190；缺口：大数据2027—2028历史复用；无人飞行器/无人机集成/水下控制等2026—2027外部开放指南未取得,"https://hangkong.nwpu.edu.cn/info/1722/51354.htm
https://wurenxitong.nwpu.edu.cn/yjygk1/yjyjj.htm
https://asgo.nwpu.edu.cn/info/1014/1084.htm
https://hangkong.nwpu.edu.cn/info/1044/1423.htm
https://minhang.nwpu.edu.cn/info/1028/2161.htm
https://news.nwpu.edu.cn/info/1002/125279.htm
https://ningbo.nwpu.edu.cn/info/1013/5119.htm
https://shenzhen.nwpu.edu.cn/info/1005/2753.htm
https://sklsp.nwpu.edu.cn/info/2041/12902.htm",2026-10-08,目录/检索记录；不等同正式受理,部分覆盖,待核具体缺口
机构：西北工业大学,平台/年度检索,飞行器智能认知控制；2026—2027。结果：M190；缺口：大数据2027—2028历史复用；无人飞行器/无人机集成/水下控制等2026—2027外部开放指南未取得,"https://hangkong.nwpu.edu.cn/info/1722/51354.htm
https://wurenxitong.nwpu.edu.cn/yjygk1/yjyjj.htm
https://asgo.nwpu.edu.cn/info/1014/1084.htm
https://hangkong.nwpu.edu.cn/info/1044/1423.htm
https://minhang.nwpu.edu.cn/info/1028/2161.htm
https://news.nwpu.edu.cn/info/1002/125279.htm
https://ningbo.nwpu.edu.cn/info/1013/5119.htm
https://shenzhen.nwpu.edu.cn/info/1005/2753.htm
https://sklsp.nwpu.edu.cn/info/2041/12902.htm",2026-10-08,目录/检索记录；不等同正式受理,部分覆盖,待核具体缺口
机构：西北工业大学,平台/年度检索,空天地海大数据；2026—2027。结果：M190；缺口：大数据2027—2028历史复用；无人飞行器/无人机集成/水下控制等2026—2027外部开放指南未取得,"https://hangkong.nwpu.edu.cn/info/1722/51354.htm
https://wurenxitong.nwpu.edu.cn/yjygk1/yjyjj.htm
https://asgo.nwpu.edu.cn/info/1014/1084.htm
https://hangkong.nwpu.edu.cn/info/1044/1423.htm
https://minhang.nwpu.edu.cn/info/1028/2161.htm
https://news.nwpu.edu.cn/info/1002/125279.htm
https://ningbo.nwpu.edu.cn/info/1013/5119.htm
https://shenzhen.nwpu.edu.cn/info/1005/2753.htm
https://sklsp.nwpu.edu.cn/info/2041/12902.htm",2026-10-08,目录/检索记录；不等同正式受理,部分覆盖,待核具体缺口
机构：西北工业大学,平台/年度检索,无人机与通用航空；2026—2027。结果：M190；缺口：大数据2027—2028历史复用；无人飞行器/无人机集成/水下控制等2026—2027外部开放指南未取得,"https://hangkong.nwpu.edu.cn/info/1722/51354.htm
https://wurenxitong.nwpu.edu.cn/yjygk1/yjyjj.htm
https://asgo.nwpu.edu.cn/info/1014/1084.htm
https://hangkong.nwpu.edu.cn/info/1044/1423.htm
https://minhang.nwpu.edu.cn/info/1028/2161.htm
https://news.nwpu.edu.cn/info/1002/125279.htm
https://ningbo.nwpu.edu.cn/info/1013/5119.htm
https://shenzhen.nwpu.edu.cn/info/1005/2753.htm
https://sklsp.nwpu.edu.cn/info/2041/12902.htm",2026-10-08,目录/检索记录；不等同正式受理,部分覆盖,待核具体缺口
机构：西安交通大学,平台/年度检索,"精密微纳制造常年机制/2024办法；2026—2027。结果：R007,M092,M093；缺口：常年机制不能视作2027正式；磁控医学具体任务缺；人工智能栏目年度指南未取得；热流不能凭控制保留","https://thermofluid.xjtu.edu.cn/info/1043/1821.htm
https://gr.xjtu.edu.cn/luoguoxi/zh_CN/zhym/1002854/list/index.htm
https://psrm.xjtu.edu.cn/info/1028/2601.htm
https://psrm.xjtu.edu.cn/info/1028/2721.htm
https://sklms.xjtu.edu.cn/info/1382/3378.htm
https://sklms.xjtu.edu.cn/kfktgl.pdf",2026-10-08,目录/检索记录；不等同正式受理,部分覆盖,待核具体缺口
机构：西安交通大学,平台/年度检索,"人工智能学院开放课题栏目；2026—2027。结果：R007,M092,M093；缺口：常年机制不能视作2027正式；磁控医学具体任务缺；人工智能栏目年度指南未取得；热流不能凭控制保留","https://thermofluid.xjtu.edu.cn/info/1043/1821.htm
https://gr.xjtu.edu.cn/luoguoxi/zh_CN/zhym/1002854/list/index.htm
https://psrm.xjtu.edu.cn/info/1028/2601.htm
https://psrm.xjtu.edu.cn/info/1028/2721.htm
https://sklms.xjtu.edu.cn/info/1382/3378.htm
https://sklms.xjtu.edu.cn/kfktgl.pdf",2026-10-08,目录/检索记录；不等同正式受理,部分覆盖,待核具体缺口
机构：西安交通大学,平台/年度检索,"热流科学2026；2026—2027。结果：R007,M092,M093；缺口：常年机制不能视作2027正式；磁控医学具体任务缺；人工智能栏目年度指南未取得；热流不能凭控制保留","https://thermofluid.xjtu.edu.cn/info/1043/1821.htm
https://gr.xjtu.edu.cn/luoguoxi/zh_CN/zhym/1002854/list/index.htm
https://psrm.xjtu.edu.cn/info/1028/2601.htm
https://psrm.xjtu.edu.cn/info/1028/2721.htm
https://sklms.xjtu.edu.cn/info/1382/3378.htm
https://sklms.xjtu.edu.cn/kfktgl.pdf",2026-10-08,目录/检索记录；不等同正式受理,部分覆盖,待核具体缺口
机构：西安交通大学,平台/年度检索,"磁控机器人医学线索；2026—2027。结果：R007,M092,M093；缺口：常年机制不能视作2027正式；磁控医学具体任务缺；人工智能栏目年度指南未取得；热流不能凭控制保留","https://thermofluid.xjtu.edu.cn/info/1043/1821.htm
https://gr.xjtu.edu.cn/luoguoxi/zh_CN/zhym/1002854/list/index.htm
https://psrm.xjtu.edu.cn/info/1028/2601.htm
https://psrm.xjtu.edu.cn/info/1028/2721.htm
https://sklms.xjtu.edu.cn/info/1382/3378.htm
https://sklms.xjtu.edu.cn/kfktgl.pdf",2026-10-08,目录/检索记录；不等同正式受理,部分覆盖,待核具体缺口
机构：西安理工大学,平台/年度检索,陕西省复杂系统控制与智能信息处理；2026—2027。结果：无新增正式项目；缺口：平台介绍可定位多移动机器人协同，但2026—2027开放任务与条件未取得,"https://jyxy.xaut.edu.cn/info/1179/1986.htm
https://kjc.xaut.edu.cn/info/1155/3390.htm
https://zdh.xaut.edu.cn/info/1023/1542.htm
https://jsj.xaut.edu.cn/
https://sba.xaut.edu.cn/__local/1/53/8B/3F8DDD4B456D6FFE28E3E84AC3F_BCBAD584_32879D0.pdf
https://sysglc.xaut.edu.cn/__local/D/D9/59/B265601A3EDDC1A7C1E03D0FB42_17EB189C_22E2A.pdf
https://www.xaut.edu.cn/
https://yjsy.xaut.edu.cn/__local/8/B4/B6/FB1BE99F47155C808930A7B99CD_0AD8A826_92BB8D.pdf
https://yjsy.xaut.edu.cn/__local/C/47/C9/507B8A11248FECACFE794CA82A1_0B4D0EB2_734452.pdf
https://yjsy.xaut.edu.cn/__local/C/F1/9B/B4C9B0F639284DF8CDA66351032_3064EBB2_9C0408.pdf",2026-10-08,目录/检索记录；不等同正式受理,部分覆盖,待核具体缺口
机构：西安理工大学,平台/年度检索,机床装备工程中心；2026—2027。结果：无新增正式项目；缺口：平台介绍可定位多移动机器人协同，但2026—2027开放任务与条件未取得,"https://jyxy.xaut.edu.cn/info/1179/1986.htm
https://kjc.xaut.edu.cn/info/1155/3390.htm
https://zdh.xaut.edu.cn/info/1023/1542.htm
https://jsj.xaut.edu.cn/
https://sba.xaut.edu.cn/__local/1/53/8B/3F8DDD4B456D6FFE28E3E84AC3F_BCBAD584_32879D0.pdf
https://sysglc.xaut.edu.cn/__local/D/D9/59/B265601A3EDDC1A7C1E03D0FB42_17EB189C_22E2A.pdf
https://www.xaut.edu.cn/
https://yjsy.xaut.edu.cn/__local/8/B4/B6/FB1BE99F47155C808930A7B99CD_0AD8A826_92BB8D.pdf
https://yjsy.xaut.edu.cn/__local/C/47/C9/507B8A11248FECACFE794CA82A1_0B4D0EB2_734452.pdf
https://yjsy.xaut.edu.cn/__local/C/F1/9B/B4C9B0F639284DF8CDA66351032_3064EBB2_9C0408.pdf",2026-10-08,目录/检索记录；不等同正式受理,部分覆盖,待核具体缺口
机构：西安电子科技大学,平台/年度检索,工业具身智能中心/自主系统团队官方研究页定向发现；2026—2027。结果：无新增正式项目；缺口：研究团队页非资助；完整平台目录与外部开放指南未取得,"https://faculty.xidian.edu.cn/MAZHI/en/img/444611/list/index.htm
https://faculty.xidian.edu.cn/liuhui/zh_CN/zdylm/474655/list/index.htm
https://faculty.xidian.edu.cn/JXJ1/zh_CN/index.htm
https://faculty.xidian.edu.cn/WD2/en/index.htm
https://faculty.xidian.edu.cn/ZHENGSHOUJING/en/kyxm/465226/content/29443.htm
https://faculty.xidian.edu.cn/yc1/
https://sme.xidian.edu.cn/uploads/soft/250319/14_1100463733.pdf
https://web.xidian.edu.cn/ghe/
https://web.xidian.edu.cn/wangdi/index.html
https://web.xidian.edu.cn/ykliu/",2026-10-08,目录/检索记录；不等同正式受理,部分覆盖,待核具体缺口
机构：长安大学,平台/年度检索,工程机械2026开放课题；2026—2027。结果：M109；缺口：机械复用历史；地学任务排除；其他无人装备相关实验室当期机制未取得,"https://dcxy.chd.edu.cn/info/1053/8156.htm
https://js.chd.edu.cn/dzgcychxy/xq101/list.htm
https://js.chd.edu.cn/dzykzgcxy/wxk1/list.psp
https://js.chd.edu.cn/xxgcxy/xzg/main.psp
https://transport.chd.edu.cn/cn/article/doi/10.19818/j.cnki.1671-1637.2026.162
https://webplus.chd.edu.cn/_s204/2026/0605/c8633a261025/page.psp
https://webplus.chd.edu.cn/_s207/2026/0414/c8282a260056/page.psp",2026-10-08,目录/检索记录；不等同正式受理,部分覆盖,待核具体缺口
机构：长安大学,平台/年度检索,地学生态2026；2026—2027。结果：M109；缺口：机械复用历史；地学任务排除；其他无人装备相关实验室当期机制未取得,"https://dcxy.chd.edu.cn/info/1053/8156.htm
https://js.chd.edu.cn/dzgcychxy/xq101/list.htm
https://js.chd.edu.cn/dzykzgcxy/wxk1/list.psp
https://js.chd.edu.cn/xxgcxy/xzg/main.psp
https://transport.chd.edu.cn/cn/article/doi/10.19818/j.cnki.1671-1637.2026.162
https://webplus.chd.edu.cn/_s204/2026/0605/c8633a261025/page.psp
https://webplus.chd.edu.cn/_s207/2026/0414/c8282a260056/page.psp",2026-10-08,目录/检索记录；不等同正式受理,部分覆盖,待核具体缺口
机构：西北大学,平台/年度检索,科技创新基地官方清单及智能信息处理相关平台发现；2026—2027。结果：无新增正式项目；缺口：已查基地列表；具体机器人任务及开放基金未取得,"https://kjc.nwu.edu.cn/kyjd/kjcxjdqd.htm
https://culture.nwu.edu.cn/__local/0/FA/58/7B2C0C3A0927FF4B90C41A4C087_3E0A74F3_BE18.pdf
https://yjs.nwu.edu.cn/__local/5/05/10/C5ED3001AFA85069BC0BD290111_C163B9AB_4B1CE9.pdf",2026-10-08,目录/检索记录；不等同正式受理,部分覆盖,待核具体缺口
机构：中科院西安光学精密机械研究所,平台/年度检索,瞬态光学与光子技术2025开放公告；2026—2027。结果：无新增机器人项目；缺口：现有公开任务聚焦光学/器件，不以先进制造泛词保留；机器人应用具体证据未取得,https://opt.cas.cn/gb2019/xwzx/tzgg/202508/t20250826_7915376.html,2026-10-08,目录/检索记录；不等同正式受理,部分覆盖,待核具体缺口
机构：西安工业大学,平台/年度检索,陕西省特种加工2026年度研究任务；2026—2027。结果：无新增机器人项目；缺口：深孔电解/微细加工等任务无具体机器人证据，快速排除；其他平台开放目录未取得,https://jdxy.xatu.edu.cn/info/14679/197122.htm,2026-10-08,目录/检索记录；不等同正式受理,部分覆盖,待核具体缺口
机构：西安建筑科技大学,平台/年度检索,信息与控制学院官方平台：机器人集群建造、建筑制造智动、城市感知运维；2026—2027。结果：无新增正式项目；缺口：平台已定位；各平台2026—2027开放资助公告未取得,https://cn.xauat.edu.cn/zzjg2/jxjg/xxykzgcxy.htm,2026-10-08,目录/检索记录；不等同正式受理,部分覆盖,待核具体缺口
机构：重庆大学,平台/年度检索,"学校科研平台全页；2026—2027。结果：R008,M033,M090,M187,M189；缺口：2026机械传动官方指南访问失败；智慧无人/复杂安全控制/微光机电/医疗电子等独立开放机制未取得；山区建造机器人复用共享公告，非依URL域名错判单位","https://slmt.cqu.edu.cn/info/10663/90052.htm
https://www.cqu.edu.cn/kxyj/kypt.htm
https://ius.cqu.edu.cn/
https://eie.cqu.edu.cn/Research/xjcldlxtsys/sysjj.htm
https://itt.cqu.edu.cn/info/1013/1825.htm
https://news.cqu.edu.cn/info/1003/1092191.htm
https://slmt.cqu.edu.cn/info/10663/89610.htm
https://sqtmqz.ecjtu.edu.cn/info/1031/3831.htm
https://www.ccee.cqu.edu.cn/info/1397/7727.htm",2026-10-08,目录/检索记录；不等同正式受理,部分覆盖,待核具体缺口
机构：重庆大学,平台/年度检索,"高端装备机械传动；2026—2027。结果：R008,M033,M090,M187,M189；缺口：2026机械传动官方指南访问失败；智慧无人/复杂安全控制/微光机电/医疗电子等独立开放机制未取得；山区建造机器人复用共享公告，非依URL域名错判单位","https://slmt.cqu.edu.cn/info/10663/90052.htm
https://www.cqu.edu.cn/kxyj/kypt.htm
https://ius.cqu.edu.cn/
https://eie.cqu.edu.cn/Research/xjcldlxtsys/sysjj.htm
https://itt.cqu.edu.cn/info/1013/1825.htm
https://news.cqu.edu.cn/info/1003/1092191.htm
https://slmt.cqu.edu.cn/info/10663/89610.htm
https://sqtmqz.ecjtu.edu.cn/info/1031/3831.htm
https://www.ccee.cqu.edu.cn/info/1397/7727.htm",2026-10-08,目录/检索记录；不等同正式受理,部分覆盖,待核具体缺口
机构：重庆大学,平台/年度检索,"生物感知多模态；2026—2027。结果：R008,M033,M090,M187,M189；缺口：2026机械传动官方指南访问失败；智慧无人/复杂安全控制/微光机电/医疗电子等独立开放机制未取得；山区建造机器人复用共享公告，非依URL域名错判单位","https://slmt.cqu.edu.cn/info/10663/90052.htm
https://www.cqu.edu.cn/kxyj/kypt.htm
https://ius.cqu.edu.cn/
https://eie.cqu.edu.cn/Research/xjcldlxtsys/sysjj.htm
https://itt.cqu.edu.cn/info/1013/1825.htm
https://news.cqu.edu.cn/info/1003/1092191.htm
https://slmt.cqu.edu.cn/info/10663/89610.htm
https://sqtmqz.ecjtu.edu.cn/info/1031/3831.htm
https://www.ccee.cqu.edu.cn/info/1397/7727.htm",2026-10-08,目录/检索记录；不等同正式受理,部分覆盖,待核具体缺口
机构：重庆大学,平台/年度检索,"信息物理社会可信；2026—2027。结果：R008,M033,M090,M187,M189；缺口：2026机械传动官方指南访问失败；智慧无人/复杂安全控制/微光机电/医疗电子等独立开放机制未取得；山区建造机器人复用共享公告，非依URL域名错判单位","https://slmt.cqu.edu.cn/info/10663/90052.htm
https://www.cqu.edu.cn/kxyj/kypt.htm
https://ius.cqu.edu.cn/
https://eie.cqu.edu.cn/Research/xjcldlxtsys/sysjj.htm
https://itt.cqu.edu.cn/info/1013/1825.htm
https://news.cqu.edu.cn/info/1003/1092191.htm
https://slmt.cqu.edu.cn/info/10663/89610.htm
https://sqtmqz.ecjtu.edu.cn/info/1031/3831.htm
https://www.ccee.cqu.edu.cn/info/1397/7727.htm",2026-10-08,目录/检索记录；不等同正式受理,部分覆盖,待核具体缺口
机构：重庆大学,平台/年度检索,"智慧无人；2026—2027。结果：R008,M033,M090,M187,M189；缺口：2026机械传动官方指南访问失败；智慧无人/复杂安全控制/微光机电/医疗电子等独立开放机制未取得；山区建造机器人复用共享公告，非依URL域名错判单位","https://slmt.cqu.edu.cn/info/10663/90052.htm
https://www.cqu.edu.cn/kxyj/kypt.htm
https://ius.cqu.edu.cn/
https://eie.cqu.edu.cn/Research/xjcldlxtsys/sysjj.htm
https://itt.cqu.edu.cn/info/1013/1825.htm
https://news.cqu.edu.cn/info/1003/1092191.htm
https://slmt.cqu.edu.cn/info/10663/89610.htm
https://sqtmqz.ecjtu.edu.cn/info/1031/3831.htm
https://www.ccee.cqu.edu.cn/info/1397/7727.htm",2026-10-08,目录/检索记录；不等同正式受理,部分覆盖,待核具体缺口
机构：重庆大学,平台/年度检索,"复杂系统安全控制；2026—2027。结果：R008,M033,M090,M187,M189；缺口：2026机械传动官方指南访问失败；智慧无人/复杂安全控制/微光机电/医疗电子等独立开放机制未取得；山区建造机器人复用共享公告，非依URL域名错判单位","https://slmt.cqu.edu.cn/info/10663/90052.htm
https://www.cqu.edu.cn/kxyj/kypt.htm
https://ius.cqu.edu.cn/
https://eie.cqu.edu.cn/Research/xjcldlxtsys/sysjj.htm
https://itt.cqu.edu.cn/info/1013/1825.htm
https://news.cqu.edu.cn/info/1003/1092191.htm
https://slmt.cqu.edu.cn/info/10663/89610.htm
https://sqtmqz.ecjtu.edu.cn/info/1031/3831.htm
https://www.ccee.cqu.edu.cn/info/1397/7727.htm",2026-10-08,目录/检索记录；不等同正式受理,部分覆盖,待核具体缺口
机构：重庆大学,平台/年度检索,"微光机电；2026—2027。结果：R008,M033,M090,M187,M189；缺口：2026机械传动官方指南访问失败；智慧无人/复杂安全控制/微光机电/医疗电子等独立开放机制未取得；山区建造机器人复用共享公告，非依URL域名错判单位","https://slmt.cqu.edu.cn/info/10663/90052.htm
https://www.cqu.edu.cn/kxyj/kypt.htm
https://ius.cqu.edu.cn/
https://eie.cqu.edu.cn/Research/xjcldlxtsys/sysjj.htm
https://itt.cqu.edu.cn/info/1013/1825.htm
https://news.cqu.edu.cn/info/1003/1092191.htm
https://slmt.cqu.edu.cn/info/10663/89610.htm
https://sqtmqz.ecjtu.edu.cn/info/1031/3831.htm
https://www.ccee.cqu.edu.cn/info/1397/7727.htm",2026-10-08,目录/检索记录；不等同正式受理,部分覆盖,待核具体缺口
机构：重庆大学,平台/年度检索,"医疗电子；2026—2027。结果：R008,M033,M090,M187,M189；缺口：2026机械传动官方指南访问失败；智慧无人/复杂安全控制/微光机电/医疗电子等独立开放机制未取得；山区建造机器人复用共享公告，非依URL域名错判单位","https://slmt.cqu.edu.cn/info/10663/90052.htm
https://www.cqu.edu.cn/kxyj/kypt.htm
https://ius.cqu.edu.cn/
https://eie.cqu.edu.cn/Research/xjcldlxtsys/sysjj.htm
https://itt.cqu.edu.cn/info/1013/1825.htm
https://news.cqu.edu.cn/info/1003/1092191.htm
https://slmt.cqu.edu.cn/info/10663/89610.htm
https://sqtmqz.ecjtu.edu.cn/info/1031/3831.htm
https://www.ccee.cqu.edu.cn/info/1397/7727.htm",2026-10-08,目录/检索记录；不等同正式受理,部分覆盖,待核具体缺口
机构：重庆大学,平台/年度检索,"山区土木2026；2026—2027。结果：R008,M033,M090,M187,M189；缺口：2026机械传动官方指南访问失败；智慧无人/复杂安全控制/微光机电/医疗电子等独立开放机制未取得；山区建造机器人复用共享公告，非依URL域名错判单位","https://slmt.cqu.edu.cn/info/10663/90052.htm
https://www.cqu.edu.cn/kxyj/kypt.htm
https://ius.cqu.edu.cn/
https://eie.cqu.edu.cn/Research/xjcldlxtsys/sysjj.htm
https://itt.cqu.edu.cn/info/1013/1825.htm
https://news.cqu.edu.cn/info/1003/1092191.htm
https://slmt.cqu.edu.cn/info/10663/89610.htm
https://sqtmqz.ecjtu.edu.cn/info/1031/3831.htm
https://www.ccee.cqu.edu.cn/info/1397/7727.htm",2026-10-08,目录/检索记录；不等同正式受理,部分覆盖,待核具体缺口
机构：重庆交通大学,平台/年度检索,交通工程应用机器人2026年度公告及附件下载入口；2026—2027。结果：M100；缺口：现有当期公告复核；指南和办法受验证码，手动填写资格、金额、外拨、周期、成果、权属和提交要求,"https://news.cqjtu.edu.cn/info/1024/68220.htm
https://news.cqjtu.edu.cn/system/_content/download.jsp?owner=1252782971&urltype=news.DownloadAttachUrl&wbfileid=15041515
https://news.cqjtu.edu.cn/system/_content/download.jsp?owner=1252782971&urltype=news.DownloadAttachUrl&wbfileid=15041517
https://teacher.cqjtu.edu.cn/chenrenxiang/zh_CN/index.htm",2026-10-08,目录/检索记录；不等同正式受理,部分覆盖,待核具体缺口
机构：重庆邮电大学,平台/年度检索,工业物联网与网络化控制开放栏目；2026—2027。结果：R009；缺口：2025年度指南未取得；2026—2027机器人开放基金未取得；量子不得仅按智能关键词纳入,"https://ee.cqupt.edu.cn/
https://faculty.cqupt.edu.cn/xiangsheng/en/index/127560/list/index.htm
https://usnlab.cqupt.edu.cn/
https://faculty.cqupt.edu.cn/
https://faculty.cqupt.edu.cn/limin/
https://iot.cqupt.edu.cn/",2026-10-08,目录/检索记录；不等同正式受理,部分覆盖,待核具体缺口
机构：重庆邮电大学,平台/年度检索,泛在感知；2026—2027。结果：R009；缺口：2025年度指南未取得；2026—2027机器人开放基金未取得；量子不得仅按智能关键词纳入,"https://ee.cqupt.edu.cn/
https://faculty.cqupt.edu.cn/xiangsheng/en/index/127560/list/index.htm
https://usnlab.cqupt.edu.cn/
https://faculty.cqupt.edu.cn/
https://faculty.cqupt.edu.cn/limin/
https://iot.cqupt.edu.cn/",2026-10-08,目录/检索记录；不等同正式受理,部分覆盖,待核具体缺口
机构：重庆邮电大学,平台/年度检索,光电/量子2026线索；2026—2027。结果：R009；缺口：2025年度指南未取得；2026—2027机器人开放基金未取得；量子不得仅按智能关键词纳入,"https://ee.cqupt.edu.cn/
https://faculty.cqupt.edu.cn/xiangsheng/en/index/127560/list/index.htm
https://usnlab.cqupt.edu.cn/
https://faculty.cqupt.edu.cn/
https://faculty.cqupt.edu.cn/limin/
https://iot.cqupt.edu.cn/",2026-10-08,目录/检索记录；不等同正式受理,部分覆盖,待核具体缺口
机构：中科院重庆绿色智能技术研究院,平台/年度检索,电子信息科研单元；2026—2027。结果：无新增正式项目；缺口：已发现机器人感知/触觉/人机交互平台，未取得2026—2027外部开放基金机制,"https://cigit.cas.cn/cigit2019/jggk/ggkypt/201403/t20140328_4082917.html
https://cigit.cas.cn/jgszz/kydy/dzxx/bddhzx/bddh_zxjj/index.html
https://cigit.cas.cn/jgszz/kydy/dzxx/dsjwjzx/dsjwj_zxjj/index.html
https://cigit.cas.cn/zcpt/
https://cigit.cas.cn/zpxx/yjyzp/202604/t20260423_8190336.html
https://www.cigit.cas.cn/jgszz/kydy/dzxx/",2026-10-08,目录/检索记录；不等同正式受理,部分覆盖,待核具体缺口
机构：中科院重庆绿色智能技术研究院,平台/年度检索,智能机器人、无人系统/大数据中心；2026—2027。结果：无新增正式项目；缺口：已发现机器人感知/触觉/人机交互平台，未取得2026—2027外部开放基金机制,"https://cigit.cas.cn/cigit2019/jggk/ggkypt/201403/t20140328_4082917.html
https://cigit.cas.cn/jgszz/kydy/dzxx/bddhzx/bddh_zxjj/index.html
https://cigit.cas.cn/jgszz/kydy/dzxx/dsjwjzx/dsjwj_zxjj/index.html
https://cigit.cas.cn/zcpt/
https://cigit.cas.cn/zpxx/yjyzp/202604/t20260423_8190336.html
https://www.cigit.cas.cn/jgszz/kydy/dzxx/",2026-10-08,目录/检索记录；不等同正式受理,部分覆盖,待核具体缺口
机构：重庆建筑工程职业学院,平台/年度检索,山地城市交通设施智能检测2026开放基金；2026—2027。结果：M091；缺口：复用已核历史；管理附档与部分外拨条款仍缺,https://www.cqjzc.edu.cn/jtys/info/1065/3085.htm,2026-10-08,目录/检索记录；不等同正式受理,部分覆盖,待核具体缺口
机构：重庆城市职业学院,平台/年度检索,工业机器人运维2026开放课题；2026—2027。结果：M103；缺口：合作单位/中心人员资格限制已有记录；附件金额、开支与权属未取得,"https://kyc.cqcvc.edu.cn/info.thtml?cid=74479&pn=&t=11322
https://kyc.cqcvc.edu.cn/content/clientDf.do?id=51085",2026-10-08,目录/检索记录；不等同正式受理,部分覆盖,待核具体缺口
机构：重庆科技大学,平台/年度检索,工业智能相关科研平台官方目录发现；2026—2027。结果：无新增正式项目；缺口：平台介绍非指南；机器人具体任务与2026—2027外部基金未取得,"https://kycnew.cqust.edu.cn/info/1014/1718.htm
https://jw.cqust.edu.cn/__local/3/9B/AB/C809EDDF6F4EB70B0F2974B2F4C_77272F7F_8BBDB.pdf?e=.pdf
https://jw.cqust.edu.cn/__local/F/A8/32/5C9C1399400EABEA15FA45F9131_2AED512A_A3CF9.pdf?e=.pdf
https://jxxy.cqust.edu.cn/index/xyxw/3.htm
https://jxxy.cqust.edu.cn/kxyj/kydt/5.htm
https://jxxy.cqust.edu.cn/yjsjy/jypy.htm
https://www.cqust.edu.cn/fujian2.2025nianxinzengzhuanyeshenqingcailiao.pdf",2026-10-08,目录/检索记录；不等同正式受理,部分覆盖,待核具体缺口
机构：重庆文理学院,平台/年度检索,工业机器人集成应用相关工程中心官方年度材料；2026—2027。结果：无新增正式项目；缺口：机构平台材料已定位；外部开放课题正式指南未取得,"https://graduate.cqwu.edu.cn/SITE_ATTACHE/graduate_cqwu_edu_cn/2025-12-02/upload/file/20251202/VlGN_1764664294382025191.pdf
https://jdxy.cqwu.edu.cn/SITE_ATTACHE/jdxy1_cqwu_net/2024-09-26/upload/file/20240926/RTuo_1727345557651059264.pdf",2026-10-08,目录/检索记录；不等同正式受理,部分覆盖,待核具体缺口
M078,地域排序组,P2 长三角·苏锡常镇扬 → P0 南京及周边；按用户本轮南京周边/珠三角顺序调整，任务及申报条款不变。,https://dqxylib.szut.edu.cn/info/1016/27682.htm,2026-10-08,用户地区顺序及官方单位地点,保留既有去向,受理中·条件待核
M077,地域排序组,P2 长三角·苏锡常镇扬 → P0 南京及周边；按用户本轮南京周边/珠三角顺序调整，任务及申报条款不变。,https://future.suda.edu.cn/e8/2a/c30836a714794/page.htm,2026-10-08,用户地区顺序及官方单位地点,保留既有去向,受理中·条件待核
M020,地域排序组,P2 粤港澳·深圳 → P0 广州及周边；按用户本轮南京周边/珠三角顺序调整，任务及申报条款不变。,https://medimaging.siat.ac.cn/cxqjzx/2026-02/13/article_2026021316251621975.html,2026-10-08,用户地区顺序及官方单位地点,保留既有去向,方向待核·已截止
M074,地域排序组,P2 长三角·苏锡常镇扬 → P0 南京及周边；按用户本轮南京周边/珠三角顺序调整，任务及申报条款不变。,https://sibet.cas.cn/tzgg2020/202607/t20260703_8237653.html,2026-10-08,用户地区顺序及官方单位地点,保留既有去向,方向及窗口待核
M180,地域排序组,P2 长三角·苏锡常镇扬 → P0 南京及周边；按用户本轮南京周边/珠三角顺序调整，任务及申报条款不变。,https://klet.jiangnan.edu.cn/gzzd/stfzjybzdsys_jndx_kfktglbf.htm,2026-10-08,用户地区顺序及官方单位地点,保留既有去向,方向及窗口待核
M186,地域排序组,P2 粤港澳·深圳 → P0 广州及周边；按用户本轮南京周边/珠三角顺序调整，任务及申报条款不变。,https://znfs.siat.ac.cn/index.php?category_id=0&id=280&r=page%2Fshow&type=5,2026-10-08,用户地区顺序及官方单位地点,保留既有去向,已截止
M156,地域排序组,P2 长三角·苏锡常镇扬 → P0 南京及周边；按用户本轮南京周边/珠三角顺序调整，任务及申报条款不变。,https://ai.jiangnan.edu.cn/info/1037/1070.htm,2026-10-08,用户地区顺序及官方单位地点,保留既有去向,已截止
M120,地域排序组,P2 粤港澳·其他 → P0 广州及周边；按用户本轮南京周边/珠三角顺序调整，任务及申报条款不变。,https://www.midea.com.cn/zh/about-midea/news/0326,2026-10-08,用户地区顺序及官方单位地点,保留既有去向,已截止
M108,地域排序组,P2 粤港澳·深圳 → P0 广州及周边；按用户本轮南京周边/珠三角顺序调整，任务及申报条款不变。,https://intelligence.hitsz.edu.cn/currency.jsp?urltype=news.NewsContentUrl&wbnewsid=1661&wbtreeid=1259,2026-10-08,用户地区顺序及官方单位地点,保留既有去向,已截止
M075,地域排序组,P2 长三角·苏锡常镇扬 → P0 南京及周边；按用户本轮南京周边/珠三角顺序调整，任务及申报条款不变。,https://szmih.szcu.edu.cn/4135/list.htm,2026-10-08,用户地区顺序及官方单位地点,保留既有去向,已截止
M023,地域排序组,P2 长三角·苏锡常镇扬 → P0 南京及周边；按用户本轮南京周边/珠三角顺序调整，任务及申报条款不变。,https://keyanchu.syuct.edu.cn/info/1028/2043.htm,2026-10-08,用户地区顺序及官方单位地点,保留既有去向,已截止
M076,地域排序组,P2 长三角·苏锡常镇扬 → P0 南京及周边；按用户本轮南京周边/珠三角顺序调整，任务及申报条款不变。,https://jdxy.suda.edu.cn/_t1815/be/36/c12042a704054/page.psp,2026-10-08,用户地区顺序及官方单位地点,保留既有去向,已截止
M098,地域排序组,P2 粤港澳·深圳 → P0 广州及周边；按用户本轮南京周边/珠三角顺序调整，任务及申报条款不变。,https://airs.cuhk.edu.cn/article/1429,2026-10-08,用户地区顺序及官方单位地点,保留既有去向,已截止
M097,地域排序组,P2 粤港澳·深圳 → P0 广州及周边；按用户本轮南京周边/珠三角顺序调整，任务及申报条款不变。,https://www.gml.ac.cn/xxgs/973.html,2026-10-08,用户地区顺序及官方单位地点,保留既有去向,已截止
M066,筛选状态,原方向待核→受理中·条件待核；官方2026指南明确多模态视觉感知、混杂系统建模、协同控制、感知—决策—控制任务，纳入用户确认的机器人感知与控制研究范围；不声称公告逐字含机器人。,https://xindian.sdust.edu.cn/info/1008/7407.htm,2026-10-08,原仓库已核+用户范围重新判定,保留,受理中·条件待核
M066,原有条件保留,资助、博士或中级职称条件、签字盖章纸质4份、成果作者单位与量化指标等已由GitHub确认，保持不变。,https://xindian.sdust.edu.cn/info/1008/7407.htm,2026-10-08,复用已核，不重复补充,保留,受理中·条件待核
M066,信息缺口,仅知识产权具体归属未在现有已取材料中明确；无须重新要求核查已被确认的其他条款。,https://xindian.sdust.edu.cn/info/1008/7407.htm,2026-10-08,原已核缺口保留,保留,受理中·条件待核
S001,实际任务筛选,机载智能导航与人类导航信息统一；智能拓扑/几何规划耦合；智能巡检目标识别，均直接对应自主移动与感知规划技术。,https://www.nchu.edu.cn/xwzx/xngg/content_196002,2026-10-08,官方公告核实,保留,受理中·条件待核
S001,正式公告/年度,2026-09-18南昌航空大学公告；江西省机载系统智能检测技术产业技术工程化中心、南昌市航空软件共性技术研发重点实验室为同一份联合公告，记一条。,https://www.nchu.edu.cn/xwzx/xngg/content_196002,2026-10-08,官方公告核实,保留,受理中·条件待核
S001,截止日期,2026-10-20之前提交电子申请及所在单位签章纸质一式2份；未公布当天具体时点。,https://www.nchu.edu.cn/xwzx/xngg/content_196002,2026-10-08,官方公告核实,保留,受理中·条件待核
S001,资助金额,0.5—1万元/项，4—5项。,https://www.nchu.edu.cn/xwzx/xngg/content_196002,2026-10-08,官方公告核实,保留,受理中·条件待核
S001,申请资格,国内外高校、研究所等正式在岗人员；鼓励35岁以下及交叉学科但非硬门槛。,https://www.nchu.edu.cn/xwzx/xngg/content_196002,2026-10-08,官方公告核实,保留,受理中·条件待核
S001,合作及访问,至少1名工程中心固定人员联合申报；项目期间每年到中心交流。,https://www.nchu.edu.cn/xwzx/xngg/content_196002,2026-10-08,官方公告核实,保留,受理中·条件待核
S001,经费使用及外拨,官方公告未载经费能否划拨校外单位，需问中心；无依据不得填为可外拨。,https://www.nchu.edu.cn/xwzx/xngg/content_196002,2026-10-08,官方公告核实,保留,受理中·条件待核
S001,研究周期,2027-01-01至2028-12-31，2年。,https://www.nchu.edu.cn/xwzx/xngg/content_196002,2026-10-08,官方公告核实,保留,受理中·条件待核
S001,成果数量及署名,方向1—5相关课题至少1篇SCI或一级学报论文，与中心合作者联合署名，中心第一或第二单位；结题交研究报告。,https://www.nchu.edu.cn/xwzx/xngg/content_196002,2026-10-08,官方公告核实,保留,受理中·条件待核
S001,知识产权,公开公告未说明权属归属，需后续任务书或中心管理办法。,https://www.nchu.edu.cn/xwzx/xngg/content_196002,2026-10-08,官方公告核实,保留,受理中·条件待核
S001,提交方式,电子申请发hpan@nchu.edu.cn；签字盖章纸质2份邮寄丰和南大道696号；潘浩18679101694。,https://www.nchu.edu.cn/xwzx/xngg/content_196002,2026-10-08,官方公告核实,保留,受理中·条件待核
S002,公告及年度,2025-10-10公告明示2025及2026两年度各2项，但目前未取得2026批次在当前时间点仍受理的独立确认。,https://hdldb.net/news-detail.php?id=MjQwMQ%3D%3D,2026-10-08,跨年度官方公告（当期需核）,保留,2026年度受理窗口待核
S002,研究方向,虚拟手术机器人关键技术研发、计算机辅助手术、医学影像与临床三维重建。,https://hdldb.net/news-detail.php?id=MjQwMQ%3D%3D,2026-10-08,跨年度官方公告（当期需核）,保留,2026年度受理窗口待核
S002,资助条件,1—3万元、研究年限2年；博士或中级以上、有1年以上科研经历；同年每人1项，同单位≤2项。,https://hdldb.net/news-detail.php?id=MjQwMQ%3D%3D,2026-10-08,跨年度官方公告（当期需核）,保留,2026年度受理窗口待核
S002,截止与提交,原跨年度指南列每年12月30日截止、邮件loojourney@163.com；不可据此推断2026当期窗口已经确认。,https://hdldb.net/news-detail.php?id=MjQwMQ%3D%3D,2026-10-08,跨年度官方公告（当期需核）,保留,2026年度受理窗口待核
S002,经费和成果,指南列研究经费按预算管理、结题论文/专利/获批课题/系统设备成果满足其一、署单位及基金号；合同拨付/权属未详。,https://hdldb.net/news-detail.php?id=MjQwMQ%3D%3D,2026-10-08,跨年度官方公告（当期需核）,保留,2026年度受理窗口待核
S002,缺失信息,请核实2026批次受理状态、是否仍接收、2026具体截止时点与医院临床合作要求。,https://hdldb.net/news-detail.php?id=MjQwMQ%3D%3D,2026-10-08,跨年度官方公告（当期需核）,保留,2026年度受理窗口待核
N001,申请资格,博士且中级以上职称；研究中心以外正式在编科研人员；博士后、学生不能申请；负责人及主要成员限申报1项。,"https://www.bnrist.tsinghua.edu.cn/info/1110/4271.htm
https://www.bnrist.tsinghua.edu.cn/__local/8/A8/DA/03EFA96344B085C4991D1A776E7_94C301CC_38E0B.pdf
https://www.bnrist.tsinghua.edu.cn/info/1110/4418.htm",2026-10-09,官方正文/附件；具体缺口逐字段标示,保留,已截止
N001,合作及访问,必须联合研究中心相关方向研究人员申请；保证在研究中心开展必要研究，天数未载。,"https://www.bnrist.tsinghua.edu.cn/info/1110/4271.htm
https://www.bnrist.tsinghua.edu.cn/__local/8/A8/DA/03EFA96344B085C4991D1A776E7_94C301CC_38E0B.pdf
https://www.bnrist.tsinghua.edu.cn/info/1110/4418.htm",2026-10-09,官方正文/附件；具体缺口逐字段标示,保留,已截止
N001,经费使用及外拨,10万元；用于成员在中心开展相关科研；负责人及合作人共同签字管理。开支科目、管理费及能否外拨正文和已取得指南未载。,"https://www.bnrist.tsinghua.edu.cn/info/1110/4271.htm
https://www.bnrist.tsinghua.edu.cn/__local/8/A8/DA/03EFA96344B085C4991D1A776E7_94C301CC_38E0B.pdf
https://www.bnrist.tsinghua.edu.cn/info/1110/4418.htm",2026-10-09,官方正文/附件；具体缺口逐字段标示,保留,已截止
N001,研究周期,1年：2026年6月—2027年6月。,"https://www.bnrist.tsinghua.edu.cn/info/1110/4271.htm
https://www.bnrist.tsinghua.edu.cn/__local/8/A8/DA/03EFA96344B085C4991D1A776E7_94C301CC_38E0B.pdf
https://www.bnrist.tsinghua.edu.cn/info/1110/4418.htm",2026-10-09,官方正文/附件；具体缺口逐字段标示,保留,已截止
N001,成果数量及署名,方向6要求形成验证平台；典型任务成功率提升5%以上，稀缺样本性能提升10%以上。方向6论文统一数量、单位署名与基金致谢未载；不得套方向5论文要求。,"https://www.bnrist.tsinghua.edu.cn/info/1110/4271.htm
https://www.bnrist.tsinghua.edu.cn/__local/8/A8/DA/03EFA96344B085C4991D1A776E7_94C301CC_38E0B.pdf
https://www.bnrist.tsinghua.edu.cn/info/1110/4418.htm",2026-10-09,官方正文/附件；具体缺口逐字段标示,保留,已截止
N001,知识产权,官方未公开（已取得正文未载）；管理附件未取得，不能推填。,"https://www.bnrist.tsinghua.edu.cn/info/1110/4271.htm
https://www.bnrist.tsinghua.edu.cn/__local/8/A8/DA/03EFA96344B085C4991D1A776E7_94C301CC_38E0B.pdf
https://www.bnrist.tsinghua.edu.cn/info/1110/4418.htm",2026-10-09,官方正文/附件；具体缺口逐字段标示,保留,已截止
N001,材料及提交方式,纸质1份及Word电子版；电子名2026开放课题申请-群体名称-申请人姓名；xuge@tsinghua.edu.cn，通知另列wuky@tsinghua.edu.cn。纸质FIT楼3-322，100084。截止5月11日，时点未载。,"https://www.bnrist.tsinghua.edu.cn/info/1110/4271.htm
https://www.bnrist.tsinghua.edu.cn/__local/8/A8/DA/03EFA96344B085C4991D1A776E7_94C301CC_38E0B.pdf
https://www.bnrist.tsinghua.edu.cn/info/1110/4418.htm",2026-10-09,官方正文/附件；具体缺口逐字段标示,保留,已截止
N001,年度与受理,2026；截止2026-05-11 ,https://www.bnrist.tsinghua.edu.cn/info/1110/4271.htm,2026-10-09,正式开放课题公告,保留,已截止
N001,任务筛选,方向6：类脑物理智能体跨场景感知、认知、决策、执行；小样本迁移适配及平台验证,https://www.bnrist.tsinghua.edu.cn/info/1110/4271.htm,2026-10-09,正式开放课题公告,保留,已截止
N001,金额,10万元/项；每方向1项,https://www.bnrist.tsinghua.edu.cn/info/1110/4271.htm,2026-10-09,正式开放课题公告,保留,已截止
N001,手动补充事项,经费科目/管理费/外拨、访问天数、方向6署名与知识产权未载，须咨询；已取得年度PDF，不需再找指南。,https://www.bnrist.tsinghua.edu.cn/info/1110/4271.htm,2026-10-09,正式开放课题公告,保留,已截止
N002,申请资格,国内外高校、研究机构及公司科研人员；博士或中级以上职称；负责人限1项，在研未结题不得申请；参与限2项。,"https://gcyjzx.whvcse.edu.cn/info/1041/3921.htm
https://www.whvcse.edu.cn/info/2289/209518.htm",2026-10-09,官方正文/附件；具体缺口逐字段标示,保留,已截止
N002,合作及访问,保证研究时间，具体天数未载；固定合作人员硬性要求未载。,"https://gcyjzx.whvcse.edu.cn/info/1041/3921.htm
https://www.whvcse.edu.cn/info/2289/209518.htm",2026-10-09,官方正文/附件；具体缺口逐字段标示,保留,已截止
N002,经费使用及外拨,依学校纵向科研项目管理办法及合同执行；科目、管理费、外拨与报销细则未取得。,"https://gcyjzx.whvcse.edu.cn/info/1041/3921.htm
https://www.whvcse.edu.cn/info/2289/209518.htm",2026-10-09,官方正文/附件；具体缺口逐字段标示,保留,已截止
N002,研究周期,一般不超过2年。,"https://gcyjzx.whvcse.edu.cn/info/1041/3921.htm
https://www.whvcse.edu.cn/info/2289/209518.htm",2026-10-09,官方正文/附件；具体缺口逐字段标示,保留,已截止
N002,成果数量及署名,至少满足七类成果中的两类：关键技术、新产品及收益、科技奖、标准、省部级项目/横向到账、发明专利或软著、全国中文核心以上论文。具体单类数量未载，不能改成固定2篇论文。成果署中心；鉴定由中心组织，奖励共同申报。,"https://gcyjzx.whvcse.edu.cn/info/1041/3921.htm
https://www.whvcse.edu.cn/info/2289/209518.htm",2026-10-09,官方正文/附件；具体缺口逐字段标示,保留,已截止
N002,知识产权,中心与负责人所在单位共享。,"https://gcyjzx.whvcse.edu.cn/info/1041/3921.htm
https://www.whvcse.edu.cn/info/2289/209518.htm",2026-10-09,官方正文/附件；具体缺口逐字段标示,保留,已截止
N002,材料及提交方式,电子申请书及汇总表2026-06-30 24:00前至gcyjzx2025@163.com；签章纸质材料7月10日前报送，具体份数及收件位置需完整附件。,"https://gcyjzx.whvcse.edu.cn/info/1041/3921.htm
https://www.whvcse.edu.cn/info/2289/209518.htm",2026-10-09,官方正文/附件；具体缺口逐字段标示,保留,已截止
N002,年度与受理,2026；截止2026-06-30 24:00（北京时间）,https://gcyjzx.whvcse.edu.cn/info/1041/3921.htm,2026-10-09,正式开放课题公告,保留,已截止
N002,任务筛选,工业机器人五轴扫描路径规划；AMR与协作臂、三维扫描闭环联动；自适应支脚力反馈调平,https://gcyjzx.whvcse.edu.cn/info/1041/3921.htm,2026-10-09,正式开放课题公告,保留,已截止
N002,金额,原则5万元/项；可按评审增加，上限未载,https://gcyjzx.whvcse.edu.cn/info/1041/3921.htm,2026-10-09,正式开放课题公告,保留,已截止
N002,手动补充事项,官方正文取得主要条款；附件和正文末尾具体纸质份数/收件地址未取得。另一个学校官方转载域名亦访问失败，停止尝试。,https://gcyjzx.whvcse.edu.cn/info/1041/3921.htm,2026-10-09,正式开放课题公告,保留,已截止
N003,申请资格,定向项目优先合作机构；非合作单位须通过中心协调，事先与资助方达成合作意向。非定向另列博士/副高、年龄≤40等，是否适用于机器人定向方向8须确认，不能直接套用。,https://prefabcenter.tongji.edu.cn/c0/f8/c15384a377080/page.htm,2026-10-09,官方正文/附件；具体缺口逐字段标示,保留,已截止
N003,合作及访问,至少1名中心固定成员参与；依托单位同意；未载具体访问天数。,https://prefabcenter.tongji.edu.cn/c0/f8/c15384a377080/page.htm,2026-10-09,官方正文/附件；具体缺口逐字段标示,保留,已截止
N003,经费使用及外拨,官方未公开（已取得正文未载）；管理附件未取得，不能推填。,https://prefabcenter.tongji.edu.cn/c0/f8/c15384a377080/page.htm,2026-10-09,官方正文/附件；具体缺口逐字段标示,保留,已截止
N003,研究周期,2年：2026-09-01—2028-08-31。,https://prefabcenter.tongji.edu.cn/c0/f8/c15384a377080/page.htm,2026-10-09,官方正文/附件；具体缺口逐字段标示,保留,已截止
N003,成果数量及署名,定向考核由中心和资助方协商；不套非定向的论文/专利数量。中期检查，结束60天内交报告与决算；延期提前90天申请，最长1年。,https://prefabcenter.tongji.edu.cn/c0/f8/c15384a377080/page.htm,2026-10-09,官方正文/附件；具体缺口逐字段标示,保留,已截止
N003,知识产权,官方未公开（已取得正文未载）；管理附件未取得，不能推填。,https://prefabcenter.tongji.edu.cn/c0/f8/c15384a377080/page.htm,2026-10-09,官方正文/附件；具体缺口逐字段标示,保留,已截止
N003,材料及提交方式,签章纸质4份及一致PDF发liyan0714@tongji.edu.cn；获批任务书4份；上海四平路1239号衷和楼2014，200092。,https://prefabcenter.tongji.edu.cn/c0/f8/c15384a377080/page.htm,2026-10-09,官方正文/附件；具体缺口逐字段标示,保留,已截止
N003,年度与受理,2026；截止2026-06-30 ,https://prefabcenter.tongji.edu.cn/c0/f8/c15384a377080/page.htm,2026-10-09,正式开放课题公告,保留,已截止
N003,任务筛选,定向方向8：村镇模块化钢结构体系，以及焊接机器人适配工艺、路径和参数；同时包括建筑被动式降温任务,https://prefabcenter.tongji.edu.cn/c0/f8/c15384a377080/page.htm,2026-10-09,正式开放课题公告,保留,已截止
N003,金额,机器人相关方向为定向项目20万元；非定向每项7.5万元另列，不混填,https://prefabcenter.tongji.edu.cn/c0/f8/c15384a377080/page.htm,2026-10-09,正式开放课题公告,保留,已截止
N003,手动补充事项,机器人方向为定向项目，须确认接洽意向和其资格适用范围；经费外拨、权属、定向成果指标待管理办法/协议。,https://prefabcenter.tongji.edu.cn/c0/f8/c15384a377080/page.htm,2026-10-09,正式开放课题公告,保留,已截止
N004,申请资格,中级及以上职称的国内外科研、教学与技术人员；鼓励来室合作。,https://www.nercita.org.cn/infos/detail?id=10341&type=203,2026-10-09,官方正文/附件；具体缺口逐字段标示,保留,已截止
N004,合作及访问,获批执行期间为客座研究人员；固定人员联合与明确到访天数未载。,https://www.nercita.org.cn/infos/detail?id=10341&type=203,2026-10-09,官方正文/附件；具体缺口逐字段标示,保留,已截止
N004,经费使用及外拨,专款专用，报销制、不外拨；本室研究实验费、到访差旅、相关资料与学术活动费。,https://www.nercita.org.cn/infos/detail?id=10341&type=203,2026-10-09,官方正文/附件；具体缺口逐字段标示,保留,已截止
N004,研究周期,2年，从批准日起执行。,https://www.nercita.org.cn/infos/detail?id=10341&type=203,2026-10-09,官方正文/附件；具体缺口逐字段标示,保留,已截止
N004,成果数量及署名,相关SCI/EI收录论文1篇；每年进展，期满3个月内结题；论文须含实验室单位署名。,https://www.nercita.org.cn/infos/detail?id=10341&type=203,2026-10-09,官方正文/附件；具体缺口逐字段标示,保留,已截止
N004,知识产权,实验室与申请人所在单位共享。,https://www.nercita.org.cn/infos/detail?id=10341&type=203,2026-10-09,官方正文/附件；具体缺口逐字段标示,保留,已截止
N004,材料及提交方式,申请书电子版至0921a09@zju.edu.cn；截止2025-03-31；纸质要求未载。,https://www.nercita.org.cn/infos/detail?id=10341&type=203,2026-10-09,官方正文/附件；具体缺口逐字段标示,保留,已截止
N004,年度与受理,2025；截止2025-03-31 ,https://www.nercita.org.cn/infos/detail?id=10341&type=203,2026-10-09,正式开放课题公告,保留,已截止
N004,任务筛选,农业信息感知；作物收获与移栽装备；动物饲喂和产后处理机器人,https://www.nercita.org.cn/infos/detail?id=10341&type=203,2026-10-09,正式开放课题公告,保留,已截止
N004,金额,2—3万元/项左右,https://www.nercita.org.cn/infos/detail?id=10341&type=203,2026-10-09,正式开放课题公告,保留,已截止
N004,手动补充事项,取得北京市农林科学院官方转载全文；原实验室申请表未取得；2026—2027正式年度公告未检出，不沿用2025窗口。,https://www.nercita.org.cn/infos/detail?id=10341&type=203,2026-10-09,正式开放课题公告,保留,已截止
N005,申请资格,国内外中级以上或博士科研人员；正文另列校内副高/博士中级和专家推荐途径，保留不同对象条件；外部合作/访问等科研人员可申请。,https://www.nuc.edu.cn/info/1014/28267.htm,2026-10-09,官方正文/附件；具体缺口逐字段标示,保留,已截止
N005,合作及访问,固定成员合作优先，并非正文一律强制；负责人每年限1项。,https://www.nuc.edu.cn/info/1014/28267.htm,2026-10-09,官方正文/附件；具体缺口逐字段标示,保留,已截止
N005,经费使用及外拨,合同后50%、中期检查后50%；开支科目、外拨及管理费未载，需办法。,https://www.nuc.edu.cn/info/1014/28267.htm,2026-10-09,官方正文/附件；具体缺口逐字段标示,保留,已截止
N005,研究周期,2年，从2023年9月起执行。,https://www.nuc.edu.cn/info/1014/28267.htm,2026-10-09,官方正文/附件；具体缺口逐字段标示,保留,已截止
N005,成果数量及署名,结题2篇高水平论文，或1篇高水平论文加1件发明专利申请；年度进展与次年计划、中期报告、答辩；按实验室署名要求。,https://www.nuc.edu.cn/info/1014/28267.htm,2026-10-09,官方正文/附件；具体缺口逐字段标示,保留,已截止
N005,知识产权,已取得正文未载完整权属。,https://www.nuc.edu.cn/info/1014/28267.htm,2026-10-09,官方正文/附件；具体缺口逐字段标示,保留,已截止
N005,材料及提交方式,2023-07-20—07-30；签字盖章纸质3份及电子1份；czy1393518@163.com；太原学院路3号深孔楼2层。,https://www.nuc.edu.cn/info/1014/28267.htm,2026-10-09,官方正文/附件；具体缺口逐字段标示,保留,已截止
N005,年度与受理,2023；截止2023-07-30 ,https://www.nuc.edu.cn/info/1014/28267.htm,2026-10-09,正式开放课题公告,保留,已截止
N005,任务筛选,开放方向（六）：机器人理论及技术；不以其他材料类方向作为保留依据,https://www.nuc.edu.cn/info/1014/28267.htm,2026-10-09,正式开放课题公告,保留,已截止
N005,金额,拟资助8—10项；单项金额未载,https://www.nuc.edu.cn/info/1014/28267.htm,2026-10-09,正式开放课题公告,保留,已截止
N005,手动补充事项,2023年度金额、外拨及权属管理办法未取得；2026—2027本平台指南未检出。,https://www.nuc.edu.cn/info/1014/28267.htm,2026-10-09,正式开放课题公告,保留,已截止
N006,申请资格,中级以上职称海内外教学科研、博士后及企业研发人员；原文含在职博士生、全日制博士生推荐途径，适用细节须按申请人类别确认；校内立项原则不超过50%。,https://isdm.ygu.edu.cn/info/1100/1376.htm,2026-10-09,官方正文/附件；具体缺口逐字段标示,保留,已截止
N006,合作及访问,项目组原则上含1名实验室全职科研人员；具体到访天数未载。,https://isdm.ygu.edu.cn/info/1100/1376.htm,2026-10-09,官方正文/附件；具体缺口逐字段标示,保留,已截止
N006,经费使用及外拨,科研直接支出；原则不向外单位直接外拨，合法票据寄室报销；按学校纵向经费办法；禁止基建、偿债、罚款、捐赠、投资等无关支出。,https://isdm.ygu.edu.cn/info/1100/1376.htm,2026-10-09,官方正文/附件；具体缺口逐字段标示,保留,已截止
N006,研究周期,一般1年；重点1—2年。,https://isdm.ygu.edu.cn/info/1100/1376.htm,2026-10-09,官方正文/附件；具体缺口逐字段标示,保留,已截止
N006,成果数量及署名,一般SCI/EI-JA/CSCD核心非扩展论文1篇；重点至少1件申请并授权发明专利及软硬件可演示系统、源代码，专利可结题后1年补授权。总结3份、经费结算1份、成果复印1份；校外作者允许所在单位第一署名，同时含实验室署名及基金编号。,https://isdm.ygu.edu.cn/info/1100/1376.htm,2026-10-09,官方正文/附件；具体缺口逐字段标示,保留,已截止
N006,知识产权,负责人享有著作权及发表权（保密论文除外）；成果实验室与依托单位共享。,https://isdm.ygu.edu.cn/info/1100/1376.htm,2026-10-09,官方正文/附件；具体缺口逐字段标示,保留,已截止
N006,材料及提交方式,2022-10-04—11-04；签章原件3份寄达及Word发fhhuang@ygu.edu.cn；福州马尾登龙路99号30-304，350015。,https://isdm.ygu.edu.cn/info/1100/1376.htm,2026-10-09,官方正文/附件；具体缺口逐字段标示,保留,已截止
N006,年度与受理,2022；截止2022-11-04 ,https://isdm.ygu.edu.cn/info/1100/1376.htm,2026-10-09,正式开放课题公告,保留,已截止
N006,任务筛选,机器人导航：SLAM与视觉导航、雷达视觉融合、深度学习路径规划、ROS移动机器人开发,https://isdm.ygu.edu.cn/info/1100/1376.htm,2026-10-09,正式开放课题公告,保留,已截止
N006,金额,一般2万元；重点4—6万元,https://isdm.ygu.edu.cn/info/1100/1376.htm,2026-10-09,正式开放课题公告,保留,已截止
N006,手动补充事项,官网正文已完整取得；2026—2027指南未检出；2022申请附件未取得，历史机制不表示当期受理。,https://isdm.ygu.edu.cn/info/1100/1376.htm,2026-10-09,正式开放课题公告,保留,已截止
N007,申请资格,官方未公开（已取得正文未载）；管理附件未取得，不能推填。,https://www.swpu.edu.cn/jdy/info/1040/32450.htm,2026-10-09,官方正文/附件；具体缺口逐字段标示,待核,线索待核
N007,合作及访问,官方未公开（已取得正文未载）；管理附件未取得，不能推填。,https://www.swpu.edu.cn/jdy/info/1040/32450.htm,2026-10-09,官方正文/附件；具体缺口逐字段标示,待核,线索待核
N007,经费使用及外拨,官方未公开（已取得正文未载）；管理附件未取得，不能推填。,https://www.swpu.edu.cn/jdy/info/1040/32450.htm,2026-10-09,官方正文/附件；具体缺口逐字段标示,待核,线索待核
N007,研究周期,官方未公开（已取得正文未载）；管理附件未取得，不能推填。,https://www.swpu.edu.cn/jdy/info/1040/32450.htm,2026-10-09,官方正文/附件；具体缺口逐字段标示,待核,线索待核
N007,成果数量及署名,官方未公开（已取得正文未载）；管理附件未取得，不能推填。,https://www.swpu.edu.cn/jdy/info/1040/32450.htm,2026-10-09,官方正文/附件；具体缺口逐字段标示,待核,线索待核
N007,知识产权,官方未公开（已取得正文未载）；管理附件未取得，不能推填。,https://www.swpu.edu.cn/jdy/info/1040/32450.htm,2026-10-09,官方正文/附件；具体缺口逐字段标示,待核,线索待核
N007,材料及提交方式,官方未公开（已取得正文未载）；管理附件未取得，不能推填。,https://www.swpu.edu.cn/jdy/info/1040/32450.htm,2026-10-09,官方正文/附件；具体缺口逐字段标示,待核,线索待核
N007,年度与受理,2026；截止未取得 ,https://www.swpu.edu.cn/jdy/info/1040/32450.htm,2026-10-09,官方线索/长期机制,待核,线索待核
N007,任务筛选,官方评审公示含蛇形机器人重大装备深腔检测等；原始任务指南未取得,https://www.swpu.edu.cn/jdy/info/1040/32450.htm,2026-10-09,官方线索/长期机制,待核,线索待核
N007,金额,公示12项，不能由立项数推算单项金额,https://www.swpu.edu.cn/jdy/info/1040/32450.htm,2026-10-09,官方线索/长期机制,待核,线索待核
N007,手动补充事项,仅取得2026-04-02拟立项公示，非申报通知。需原2026联合指南：任务、截止、资格合作、金额、周期、外拨、成果和知识产权。,https://www.swpu.edu.cn/jdy/info/1040/32450.htm,2026-10-09,官方线索/长期机制,待核,线索待核
N008,申请资格,官方未公开（已取得正文未载）；管理附件未取得，不能推填。,https://cogskl.iflytek.com/archives/3471,2026-10-09,官方正文/附件；具体缺口逐字段标示,待核,线索待核
N008,合作及访问,官方未公开（已取得正文未载）；管理附件未取得，不能推填。,https://cogskl.iflytek.com/archives/3471,2026-10-09,官方正文/附件；具体缺口逐字段标示,待核,线索待核
N008,经费使用及外拨,官方未公开（已取得正文未载）；管理附件未取得，不能推填。,https://cogskl.iflytek.com/archives/3471,2026-10-09,官方正文/附件；具体缺口逐字段标示,待核,线索待核
N008,研究周期,不超过2年。,https://cogskl.iflytek.com/archives/3471,2026-10-09,官方正文/附件；具体缺口逐字段标示,待核,线索待核
N008,成果数量及署名,官方未公开（已取得正文未载）；管理附件未取得，不能推填。,https://cogskl.iflytek.com/archives/3471,2026-10-09,官方正文/附件；具体缺口逐字段标示,待核,线索待核
N008,知识产权,官方未公开（已取得正文未载）；管理附件未取得，不能推填。,https://cogskl.iflytek.com/archives/3471,2026-10-09,官方正文/附件；具体缺口逐字段标示,待核,线索待核
N008,材料及提交方式,电子申报至jfjiang6@iflytek.com，截止2026-08-15；初审后按通知交双面签章纸质2份。,https://cogskl.iflytek.com/archives/3471,2026-10-09,官方正文/附件；具体缺口逐字段标示,待核,线索待核
N008,年度与受理,2026；截止2026-08-15 ,https://cogskl.iflytek.com/archives/3471,2026-10-09,官方线索/长期机制,待核,线索待核
N008,任务筛选,高教教学管评测智能体；具身智能场景感知及虚实融合数据处理，机器人具体任务适用范围待核,https://cogskl.iflytek.com/archives/3471,2026-10-09,官方线索/长期机制,待核,线索待核
N008,金额,已取得正文未载,https://cogskl.iflytek.com/archives/3471,2026-10-09,官方线索/长期机制,待核,线索待核
N008,手动补充事项,须核高教专项具身方向具体任务与机器人联系，以及管理办法资格、金额、外拨、署名和权属；属于已截止线索，不是当前受理。,https://cogskl.iflytek.com/archives/3471,2026-10-09,官方线索/长期机制,待核,线索待核
N009,申请资格,官方未公开（已取得正文未载）；管理附件未取得，不能推填。,https://robotics-lab.nimte.ac.cn/view-13552.html,2026-10-09,官方正文/附件；具体缺口逐字段标示,待核,线索待核
N009,合作及访问,官方未公开（已取得正文未载）；管理附件未取得，不能推填。,https://robotics-lab.nimte.ac.cn/view-13552.html,2026-10-09,官方正文/附件；具体缺口逐字段标示,待核,线索待核
N009,经费使用及外拨,官方未公开（已取得正文未载）；管理附件未取得，不能推填。,https://robotics-lab.nimte.ac.cn/view-13552.html,2026-10-09,官方正文/附件；具体缺口逐字段标示,待核,线索待核
N009,研究周期,官方未公开（已取得正文未载）；管理附件未取得，不能推填。,https://robotics-lab.nimte.ac.cn/view-13552.html,2026-10-09,官方正文/附件；具体缺口逐字段标示,待核,线索待核
N009,成果数量及署名,官方未公开（已取得正文未载）；管理附件未取得，不能推填。,https://robotics-lab.nimte.ac.cn/view-13552.html,2026-10-09,官方正文/附件；具体缺口逐字段标示,待核,线索待核
N009,知识产权,官方未公开（已取得正文未载）；管理附件未取得，不能推填。,https://robotics-lab.nimte.ac.cn/view-13552.html,2026-10-09,官方正文/附件；具体缺口逐字段标示,待核,线索待核
N009,材料及提交方式,官方未公开（已取得正文未载）；管理附件未取得，不能推填。,https://robotics-lab.nimte.ac.cn/view-13552.html,2026-10-09,官方正文/附件；具体缺口逐字段标示,待核,线索待核
N009,年度与受理,历史机制／年度待核；截止未取得 ,https://robotics-lab.nimte.ac.cn/view-13552.html,2026-10-09,官方线索/长期机制,待核,线索待核
N009,任务筛选,精密驱动与控制、智能感知与测试、工业机器人；官方介绍明确设开放基金和开放课题,https://robotics-lab.nimte.ac.cn/view-13552.html,2026-10-09,官方线索/长期机制,待核,线索待核
N009,金额,年度金额未取得,https://robotics-lab.nimte.ac.cn/view-13552.html,2026-10-09,官方线索/长期机制,待核,线索待核
N009,手动补充事项,机制有官方证据，但2026—2027正式年度指南未取得；资格、合作、金额、窗口、经费、周期、成果及权属均需当期文件。,https://robotics-lab.nimte.ac.cn/view-13552.html,2026-10-09,官方线索/长期机制,待核,线索待核
N010,申请资格,官方未公开（已取得正文未载）；管理附件未取得，不能推填。,https://jxxy.xju.edu.cn/__local/0/23/6F/B2938303B9580E6741F5D6F72BE_A1C96726_4AE3B.pdf,2026-10-09,官方正文/附件；具体缺口逐字段标示,待核,线索待核
N010,合作及访问,制度列客座交流及执行期至少1次学术报告；年度合作细则未取得。,https://jxxy.xju.edu.cn/__local/0/23/6F/B2938303B9580E6741F5D6F72BE_A1C96726_4AE3B.pdf,2026-10-09,官方正文/附件；具体缺口逐字段标示,待核,线索待核
N010,经费使用及外拨,官方未公开（已取得正文未载）；管理附件未取得，不能推填。,https://jxxy.xju.edu.cn/__local/0/23/6F/B2938303B9580E6741F5D6F72BE_A1C96726_4AE3B.pdf,2026-10-09,官方正文/附件；具体缺口逐字段标示,待核,线索待核
N010,研究周期,官方未公开（已取得正文未载）；管理附件未取得，不能推填。,https://jxxy.xju.edu.cn/__local/0/23/6F/B2938303B9580E6741F5D6F72BE_A1C96726_4AE3B.pdf,2026-10-09,官方正文/附件；具体缺口逐字段标示,待核,线索待核
N010,成果数量及署名,官方未公开（已取得正文未载）；管理附件未取得，不能推填。,https://jxxy.xju.edu.cn/__local/0/23/6F/B2938303B9580E6741F5D6F72BE_A1C96726_4AE3B.pdf,2026-10-09,官方正文/附件；具体缺口逐字段标示,待核,线索待核
N010,知识产权,官方未公开（已取得正文未载）；管理附件未取得，不能推填。,https://jxxy.xju.edu.cn/__local/0/23/6F/B2938303B9580E6741F5D6F72BE_A1C96726_4AE3B.pdf,2026-10-09,官方正文/附件；具体缺口逐字段标示,待核,线索待核
N010,材料及提交方式,官方未公开（已取得正文未载）；管理附件未取得，不能推填。,https://jxxy.xju.edu.cn/__local/0/23/6F/B2938303B9580E6741F5D6F72BE_A1C96726_4AE3B.pdf,2026-10-09,官方正文/附件；具体缺口逐字段标示,待核,线索待核
N010,年度与受理,历史机制／年度待核；截止未取得 ,https://jxxy.xju.edu.cn/__local/0/23/6F/B2938303B9580E6741F5D6F72BE_A1C96726_4AE3B.pdf,2026-10-09,官方线索/长期机制,待核,线索待核
N010,任务筛选,农牧机器人与智能装备；取得开放课题管理制度，年度任务未取得,https://jxxy.xju.edu.cn/__local/0/23/6F/B2938303B9580E6741F5D6F72BE_A1C96726_4AE3B.pdf,2026-10-09,官方线索/长期机制,待核,线索待核
N010,金额,中心建设总经费不是单项额度；年度金额未取得,https://jxxy.xju.edu.cn/__local/0/23/6F/B2938303B9580E6741F5D6F72BE_A1C96726_4AE3B.pdf,2026-10-09,官方线索/长期机制,待核,线索待核
N010,手动补充事项,管理制度文本存在其他领域模板措辞，不能推填年度申报条件；须2026—2027指南及实际资格、单项金额、窗口、周期、成果权属和外拨确认。,https://jxxy.xju.edu.cn/__local/0/23/6F/B2938303B9580E6741F5D6F72BE_A1C96726_4AE3B.pdf,2026-10-09,官方线索/长期机制,待核,线索待核
N011,申请资格,官方搜索片段：中级以上或博士，单位同意；同年申报或参与限1项。,https://sice.lnpu.edu.cn/__local/6/85/AD/618AB99B1482BA4F1A20906037B_DEDEC0FE_32C8D.pdf,2026-10-09,官方正文/附件；具体缺口逐字段标示,待核,线索待核
N011,合作及访问,片段：至少1名实验室固定人员参与。,https://sice.lnpu.edu.cn/__local/6/85/AD/618AB99B1482BA4F1A20906037B_DEDEC0FE_32C8D.pdf,2026-10-09,官方正文/附件；具体缺口逐字段标示,待核,线索待核
N011,经费使用及外拨,官方未公开（已取得正文未载）；管理附件未取得，不能推填。,https://sice.lnpu.edu.cn/__local/6/85/AD/618AB99B1482BA4F1A20906037B_DEDEC0FE_32C8D.pdf,2026-10-09,官方正文/附件；具体缺口逐字段标示,待核,线索待核
N011,研究周期,片段：2025-10-01—2026-09-30或2027-09-30，1—2年。,https://sice.lnpu.edu.cn/__local/6/85/AD/618AB99B1482BA4F1A20906037B_DEDEC0FE_32C8D.pdf,2026-10-09,官方正文/附件；具体缺口逐字段标示,待核,线索待核
N011,成果数量及署名,官方未公开（已取得正文未载）；管理附件未取得，不能推填。,https://sice.lnpu.edu.cn/__local/6/85/AD/618AB99B1482BA4F1A20906037B_DEDEC0FE_32C8D.pdf,2026-10-09,官方正文/附件；具体缺口逐字段标示,待核,线索待核
N011,知识产权,官方未公开（已取得正文未载）；管理附件未取得，不能推填。,https://sice.lnpu.edu.cn/__local/6/85/AD/618AB99B1482BA4F1A20906037B_DEDEC0FE_32C8D.pdf,2026-10-09,官方正文/附件；具体缺口逐字段标示,待核,线索待核
N011,材料及提交方式,官方未公开（已取得正文未载）；管理附件未取得，不能推填。,https://sice.lnpu.edu.cn/__local/6/85/AD/618AB99B1482BA4F1A20906037B_DEDEC0FE_32C8D.pdf,2026-10-09,官方正文/附件；具体缺口逐字段标示,待核,线索待核
N011,年度与受理,2025；截止未取得 ,https://sice.lnpu.edu.cn/__local/6/85/AD/618AB99B1482BA4F1A20906037B_DEDEC0FE_32C8D.pdf,2026-10-09,官方线索/长期机制,待核,线索待核
N011,任务筛选,年度指南线索为过程优化、安全运行、深度学习；机器人巡检见个人立项，不替代指南任务,https://sice.lnpu.edu.cn/__local/6/85/AD/618AB99B1482BA4F1A20906037B_DEDEC0FE_32C8D.pdf,2026-10-09,官方线索/长期机制,待核,线索待核
N011,金额,年度额度未取得；个人立项3万元不直接套用,https://sice.lnpu.edu.cn/__local/6/85/AD/618AB99B1482BA4F1A20906037B_DEDEC0FE_32C8D.pdf,2026-10-09,官方线索/长期机制,待核,线索待核
N011,手动补充事项,官方PDF下载TLS失败；机器人具体年度任务、截止、金额及全部条款须读取原PDF。个人研究项目仅证明机制线索，不算新的年度公告。,https://sice.lnpu.edu.cn/__local/6/85/AD/618AB99B1482BA4F1A20906037B_DEDEC0FE_32C8D.pdf,2026-10-09,官方线索/长期机制,待核,线索待核
N012,申请资格,非吉林大学国内外高校/研究院人员；博士或副高，否则2名副高专家推荐；主持和参与共计≤2项；本室在研未结题负责人不得申报；需有团队成员。,"https://bionic.jlu.edu.cn/info/1041/1693.htm
https://bionic.jlu.edu.cn/system/_content/download.jsp?owner=1503487058&urltype=news.DownloadAttachUrl&wbfileid=18114730",2026-10-09,官方正文/附件；具体缺口逐字段标示,保留,已截止
N012,合作及访问,必须有本室固定人员参加并任内部联系人；访问天数未载。,"https://bionic.jlu.edu.cn/info/1041/1693.htm
https://bionic.jlu.edu.cn/system/_content/download.jsp?owner=1503487058&urltype=news.DownloadAttachUrl&wbfileid=18114730",2026-10-09,官方正文/附件；具体缺口逐字段标示,保留,已截止
N012,经费使用及外拨,官方未公开（已取得正文未载）；管理附件未取得，不能推填。,"https://bionic.jlu.edu.cn/info/1041/1693.htm
https://bionic.jlu.edu.cn/system/_content/download.jsp?owner=1503487058&urltype=news.DownloadAttachUrl&wbfileid=18114730",2026-10-09,官方正文/附件；具体缺口逐字段标示,保留,已截止
N012,研究周期,正文称一般不超过2年，却要求填写2026-06-01—2027-05-30，约1年；以通知下达为准，须确认差异。,"https://bionic.jlu.edu.cn/info/1041/1693.htm
https://bionic.jlu.edu.cn/system/_content/download.jsp?owner=1503487058&urltype=news.DownloadAttachUrl&wbfileid=18114730",2026-10-09,官方正文/附件；具体缺口逐字段标示,保留,已截止
N012,成果数量及署名,二选一：申请发明1件加SCI/EI论文2篇；或核心论文3篇其中SCI/EI至少2篇。实验室为完成单位之一，联合署名并标基金与编号；结束交成果报告。,"https://bionic.jlu.edu.cn/info/1041/1693.htm
https://bionic.jlu.edu.cn/system/_content/download.jsp?owner=1503487058&urltype=news.DownloadAttachUrl&wbfileid=18114730",2026-10-09,官方正文/附件；具体缺口逐字段标示,保留,已截止
N012,知识产权,实验室与负责人单位共有；专利须含实验室申请单位。,"https://bionic.jlu.edu.cn/info/1041/1693.htm
https://bionic.jlu.edu.cn/system/_content/download.jsp?owner=1503487058&urltype=news.DownloadAttachUrl&wbfileid=18114730",2026-10-09,官方正文/附件；具体缺口逐字段标示,保留,已截止
N012,材料及提交方式,电子Word和PDF及负责人联系方式至xinyi@jlu.edu.cn；收到回复才算成功。2026-04-28 16:00截止。,"https://bionic.jlu.edu.cn/info/1041/1693.htm
https://bionic.jlu.edu.cn/system/_content/download.jsp?owner=1503487058&urltype=news.DownloadAttachUrl&wbfileid=18114730",2026-10-09,官方正文/附件；具体缺口逐字段标示,保留,已截止
N012,年度与受理,2026；截止2026-04-28 16:00（北京时间）,https://bionic.jlu.edu.cn/info/1041/1693.htm,2026-10-09,正式开放课题公告,保留,已截止
N012,任务筛选,松软地面机械仿生行走理论与技术；生物生产及加工机械设计，不将仿生材料自动算机器人任务,https://bionic.jlu.edu.cn/info/1041/1693.htm,2026-10-09,正式开放课题公告,保留,已截止
N012,金额,5万元/项；拟8项,https://bionic.jlu.edu.cn/info/1041/1693.htm,2026-10-09,正式开放课题公告,保留,已截止
N012,手动补充事项,周期原文差异需确认；管理PDF验证码，另一官方渠道检索未取得全文。需管理办法开支、外拨、访问及申报模板。,https://bionic.jlu.edu.cn/info/1041/1693.htm,2026-10-09,正式开放课题公告,保留,已截止
N013,申请资格,国内外汽车相关高校教师/企业科研人员；一般博士或中级，重点原则高级职称且博士。限项正文未载。,https://acib.jlu.edu.cn/info/1041/1643.htm,2026-10-09,官方正文/附件；具体缺口逐字段标示,保留,已截止
N013,合作及访问,必须有实验室固定研究人员为合作者；保证时间，天数未载。,https://acib.jlu.edu.cn/info/1041/1643.htm,2026-10-09,官方正文/附件；具体缺口逐字段标示,保留,已截止
N013,经费使用及外拨,官方未公开（已取得正文未载）；管理附件未取得，不能推填。,https://acib.jlu.edu.cn/info/1041/1643.htm,2026-10-09,官方正文/附件；具体缺口逐字段标示,保留,已截止
N013,研究周期,一般3年。,https://acib.jlu.edu.cn/info/1041/1643.htm,2026-10-09,官方正文/附件；具体缺口逐字段标示,保留,已截止
N013,成果数量及署名,国际权威期刊论文、新标准、新技术原理样机等；统一数量、署名细则正文未载，不能套2025。,https://acib.jlu.edu.cn/info/1041/1643.htm,2026-10-09,官方正文/附件；具体缺口逐字段标示,保留,已截止
N013,知识产权,官方未公开（已取得正文未载）；管理附件未取得，不能推填。,https://acib.jlu.edu.cn/info/1041/1643.htm,2026-10-09,官方正文/附件；具体缺口逐字段标示,保留,已截止
N013,材料及提交方式,截止2026-04-15；纸质2份顺丰寄吉林大学南岭校区人民大街5988号，130025；Word和PDF各1份至cuishan@jlu.edu.cn。,https://acib.jlu.edu.cn/info/1041/1643.htm,2026-10-09,官方正文/附件；具体缺口逐字段标示,保留,已截止
N013,年度与受理,2026；截止2026-04-15 ,https://acib.jlu.edu.cn/info/1041/1643.htm,2026-10-09,正式开放课题公告,保留,已截止
N013,任务筛选,底盘动力学一体化自学习控制与域控制器；数字孪生智能运维、动力学仿真与测试装备,https://acib.jlu.edu.cn/info/1041/1643.htm,2026-10-09,正式开放课题公告,保留,已截止
N013,金额,一般5—8万元；重点20万元,https://acib.jlu.edu.cn/info/1041/1643.htm,2026-10-09,正式开放课题公告,保留,已截止
N013,手动补充事项,管理文件尚未取得：经费开支/外拨、限项、成果数量/署名和IP；2026年度与M117的2025年度分开。,https://acib.jlu.edu.cn/info/1041/1643.htm,2026-10-09,正式开放课题公告,保留,已截止
N014,申请资格,一般≤55岁，高级职称或博士教学科研人员；每人限1项，不重复已资助/已有重大成果选题。,"https://jcxy.jxfu.edu.cn/info/1042/14661.htm
https://jcxy.jxfu.edu.cn/system/_content/download.jsp?owner=2063664427&urltype=news.DownloadAttachUrl&wbfileid=F1546CE1EE4272F24E211B6ABEFF1453",2026-10-09,官方正文/附件；具体缺口逐字段标示,保留,已截止
N014,合作及访问,团队原则≤5人；依托本室一个课题组，获批后合作研究和经费报销。,"https://jcxy.jxfu.edu.cn/info/1042/14661.htm
https://jcxy.jxfu.edu.cn/system/_content/download.jsp?owner=2063664427&urltype=news.DownloadAttachUrl&wbfileid=F1546CE1EE4272F24E211B6ABEFF1453",2026-10-09,官方正文/附件；具体缺口逐字段标示,保留,已截止
N014,经费使用及外拨,与依托课题组合作报销；外拨、开支科目和管理费正文未载，管理条例未取得。,"https://jcxy.jxfu.edu.cn/info/1042/14661.htm
https://jcxy.jxfu.edu.cn/system/_content/download.jsp?owner=2063664427&urltype=news.DownloadAttachUrl&wbfileid=F1546CE1EE4272F24E211B6ABEFF1453",2026-10-09,官方正文/附件；具体缺口逐字段标示,保留,已截止
N014,研究周期,2年。,"https://jcxy.jxfu.edu.cn/info/1042/14661.htm
https://jcxy.jxfu.edu.cn/system/_content/download.jsp?owner=2063664427&urltype=news.DownloadAttachUrl&wbfileid=F1546CE1EE4272F24E211B6ABEFF1453",2026-10-09,官方正文/附件；具体缺口逐字段标示,保留,已截止
N014,成果数量及署名,官方未公开（已取得正文未载）；管理附件未取得，不能推填。,"https://jcxy.jxfu.edu.cn/info/1042/14661.htm
https://jcxy.jxfu.edu.cn/system/_content/download.jsp?owner=2063664427&urltype=news.DownloadAttachUrl&wbfileid=F1546CE1EE4272F24E211B6ABEFF1453",2026-10-09,官方正文/附件；具体缺口逐字段标示,保留,已截止
N014,知识产权,官方未公开（已取得正文未载）；管理附件未取得，不能推填。,"https://jcxy.jxfu.edu.cn/info/1042/14661.htm
https://jcxy.jxfu.edu.cn/system/_content/download.jsp?owner=2063664427&urltype=news.DownloadAttachUrl&wbfileid=F1546CE1EE4272F24E211B6ABEFF1453",2026-10-09,官方正文/附件；具体缺口逐字段标示,保留,已截止
N014,材料及提交方式,申请表纸质3份寄送，电子至jxchang@jxfu.edu.cn；2026-08-30截止；南昌卧龙路269号330088。,"https://jcxy.jxfu.edu.cn/info/1042/14661.htm
https://jcxy.jxfu.edu.cn/system/_content/download.jsp?owner=2063664427&urltype=news.DownloadAttachUrl&wbfileid=F1546CE1EE4272F24E211B6ABEFF1453",2026-10-09,官方正文/附件；具体缺口逐字段标示,保留,已截止
N014,年度与受理,2026；截止2026-08-30 ,https://jcxy.jxfu.edu.cn/info/1042/14661.htm,2026-10-09,正式开放课题公告,保留,已截止
N014,任务筛选,低空航路规划；无人机AED快速投送与空地协同调度；空地协同城市航路规划,https://jcxy.jxfu.edu.cn/info/1042/14661.htm,2026-10-09,正式开放课题公告,保留,已截止
N014,金额,重点5万元；一般2万元；共6—8项,https://jcxy.jxfu.edu.cn/info/1042/14661.htm,2026-10-09,正式开放课题公告,保留,已截止
N014,手动补充事项,申报附件RAR下载超时；另官方渠道未取得条例。需指南任务细则、管理办法成果数量、IP、署名及经费外拨。,https://jcxy.jxfu.edu.cn/info/1042/14661.htm,2026-10-09,正式开放课题公告,保留,已截止
N015,申请资格,校内外博士或高级职称，否则两名高级推荐；相关研究基础，近3年相关项目或产业经验优先；主持限1项，参与不限；已主持2项省部级以上在研、研究精力不足者及本校开放课题未结題负责人不得申报（保留原文）。,"https://www.hnit.edu.cn/kjc/info/1134/7693.htm
https://www.hnit.edu.cn/system/_content/download.jsp?owner=1438105372&urltype=news.DownloadAttachUrl&wbfileid=11958961",2026-10-09,官方正文/附件；具体缺口逐字段标示,保留,已截止
N015,合作及访问,校外人员必须联合本校1名在职教师任合作责任人。,"https://www.hnit.edu.cn/kjc/info/1134/7693.htm
https://www.hnit.edu.cn/system/_content/download.jsp?owner=1438105372&urltype=news.DownloadAttachUrl&wbfileid=11958961",2026-10-09,官方正文/附件；具体缺口逐字段标示,保留,已截止
N015,经费使用及外拨,官方未公开（已取得正文未载）；管理附件未取得，不能推填。,"https://www.hnit.edu.cn/kjc/info/1134/7693.htm
https://www.hnit.edu.cn/system/_content/download.jsp?owner=1438105372&urltype=news.DownloadAttachUrl&wbfileid=11958961",2026-10-09,官方正文/附件；具体缺口逐字段标示,保留,已截止
N015,研究周期,1年。,"https://www.hnit.edu.cn/kjc/info/1134/7693.htm
https://www.hnit.edu.cn/system/_content/download.jsp?owner=1438105372&urltype=news.DownloadAttachUrl&wbfileid=11958961",2026-10-09,官方正文/附件；具体缺口逐字段标示,保留,已截止
N015,成果数量及署名,官方未公开（已取得正文未载）；管理附件未取得，不能推填。,"https://www.hnit.edu.cn/kjc/info/1134/7693.htm
https://www.hnit.edu.cn/system/_content/download.jsp?owner=1438105372&urltype=news.DownloadAttachUrl&wbfileid=11958961",2026-10-09,官方正文/附件；具体缺口逐字段标示,保留,已截止
N015,知识产权,官方未公开（已取得正文未载）；管理附件未取得，不能推填。,"https://www.hnit.edu.cn/kjc/info/1134/7693.htm
https://www.hnit.edu.cn/system/_content/download.jsp?owner=1438105372&urltype=news.DownloadAttachUrl&wbfileid=11958961",2026-10-09,官方正文/附件；具体缺口逐字段标示,保留,已截止
N015,材料及提交方式,电子至1005105362@qq.com，主题2026产教融合专项－姓名－课题；A4双面纸质3份，普通封面直接装订至机械学院4215；2026-07-10 16:00截止。,"https://www.hnit.edu.cn/kjc/info/1134/7693.htm
https://www.hnit.edu.cn/system/_content/download.jsp?owner=1438105372&urltype=news.DownloadAttachUrl&wbfileid=11958961",2026-10-09,官方正文/附件；具体缺口逐字段标示,保留,已截止
N015,年度与受理,2026；截止2026-07-10 16:00（北京时间）,https://www.hnit.edu.cn/kjc/info/1134/7693.htm,2026-10-09,正式开放课题公告,保留,已截止
N015,任务筛选,方向6：轻型汽车电控悬架系统动力学建模与智能控制策略；其他育人管理方向不纳入,https://www.hnit.edu.cn/kjc/info/1134/7693.htm,2026-10-09,正式开放课题公告,保留,已截止
N015,金额,5万元/项；专项拟2项,https://www.hnit.edu.cn/kjc/info/1134/7693.htm,2026-10-09,正式开放课题公告,保留,已截止
N015,手动补充事项,2026修订管理办法PDF验证码；另一官方渠道未取得。需经费开支/外拨、成果数量署名、IP及签章模板要求。,https://www.hnit.edu.cn/kjc/info/1134/7693.htm,2026-10-09,正式开放课题公告,保留,已截止
R006,申请资格,国内外高校、科研院所、企业正式在职科研人员，原则博士或中级以上；单位书面同意；同一执行期仅申报/承担1项本基金。,"https://www.gml.ac.cn/xxgs/923.html
https://www.gml.ac.cn/core/extend/kindeditor/attached/file/20260226/20260226174223_19105.docx",2026-10-09,官方正文/附件；具体缺口逐字段标示,待核,已截止
R006,合作及访问,正文未载必须固定合作者或具体到访天数，管理办法未取得。,"https://www.gml.ac.cn/xxgs/923.html
https://www.gml.ac.cn/core/extend/kindeditor/attached/file/20260226/20260226174223_19105.docx",2026-10-09,官方正文/附件；具体缺口逐字段标示,待核,已截止
R006,经费使用及外拨,合同签订30%、中期评审50%、结题20%；开支、管理费及能否外拨未载，不能将拨付节点等同于外拨承诺。,"https://www.gml.ac.cn/xxgs/923.html
https://www.gml.ac.cn/core/extend/kindeditor/attached/file/20260226/20260226174223_19105.docx",2026-10-09,官方正文/附件；具体缺口逐字段标示,待核,已截止
R006,研究周期,1年：2026-05-01—2027-04-30。,"https://www.gml.ac.cn/xxgs/923.html
https://www.gml.ac.cn/core/extend/kindeditor/attached/file/20260226/20260226174223_19105.docx",2026-10-09,官方正文/附件；具体缺口逐字段标示,待核,已截止
R006,成果数量及署名,创新算法、文档、代码、软著/专利；CCF A或中科院一区及以上论文，数量未载。论文/报告要求实验室为第一作者/通讯作者/共同第一作者的第一单位；软件代码显著署名及基金号，不规范不计成果。,"https://www.gml.ac.cn/xxgs/923.html
https://www.gml.ac.cn/core/extend/kindeditor/attached/file/20260226/20260226174223_19105.docx",2026-10-09,官方正文/附件；具体缺口逐字段标示,待核,已截止
R006,知识产权,论文、模型、代码、系统、数据、报告等共享；专利、软件需实验室共同申请。,"https://www.gml.ac.cn/xxgs/923.html
https://www.gml.ac.cn/core/extend/kindeditor/attached/file/20260226/20260226174223_19105.docx",2026-10-09,官方正文/附件；具体缺口逐字段标示,待核,已截止
R006,材料及提交方式,Word与签章PDF 2026-03-31 18:00前至lihaipeng@gml.ac.cn；签章纸质1份须2026-04-03 18:00前寄出（以寄出为准）；深圳光明玉塘科润大厦B座10楼。,"https://www.gml.ac.cn/xxgs/923.html
https://www.gml.ac.cn/core/extend/kindeditor/attached/file/20260226/20260226174223_19105.docx",2026-10-09,官方正文/附件；具体缺口逐字段标示,待核,已截止
R006,年度与受理,2026（首轮）；截止2026-03-31 18:00（北京时间；纸质寄出4月3日18:00）,https://www.gml.ac.cn/xxgs/923.html,2026-10-09,正式开放课题公告,待核,已截止
R006,任务筛选,多模态世界模型、智能体感知交互、3D/4D重建及可交互场景；与M097第二批分别记录,https://www.gml.ac.cn/xxgs/923.html,2026-10-09,正式开放课题公告,待核,已截止
R006,金额,30—100万元/项,https://www.gml.ac.cn/xxgs/923.html,2026-10-09,正式开放课题公告,待核,已截止
R006,手动补充事项,首轮完整正文与申请书已取得，不套第二批M097；管理办法未取得：开支/外拨、管理费、访问天数待补；论文数量未载。网页发布时间与落款不同，保留证据，不改变截止。,https://www.gml.ac.cn/xxgs/923.html,2026-10-09,正式开放课题公告,待核,已截止
M068,申请资格,高级职称或相关学科博士；没有中级单独可申请条款。,https://www.nuc.edu.cn/info/1014/62433.htm,2026-10-09,官方正文/附件；具体缺口逐字段标示,保留,已截止
M068,合作及访问,成果须至少含1名本实验室固定研究人员，固定合作未落实；访问天数正文未载。,https://www.nuc.edu.cn/info/1014/62433.htm,2026-10-09,官方正文/附件；具体缺口逐字段标示,保留,已截止
M068,经费使用及外拨,报销经办公室主任审核、主任和负责人共同签字；外拨和科目未载。,https://www.nuc.edu.cn/info/1014/62433.htm,2026-10-09,官方正文/附件；具体缺口逐字段标示,保留,已截止
M068,研究周期,2年：2026-09-01—2028-08-31。,https://www.nuc.edu.cn/info/1014/62433.htm,2026-10-09,官方正文/附件；具体缺口逐字段标示,保留,已截止
M068,成果数量及署名,重点≥1篇负责人一作/通讯的中科院大类SCI一区或CCF A；一般≥1篇SCI二区或CCF B；实验室必须第一完成单位，至少1固定人员作者；基金与编号标注必需；结题答辩。原文“第二年年末中期及下一年计划”与2年周期待确认。,https://www.nuc.edu.cn/info/1014/62433.htm,2026-10-09,官方正文/附件；具体缺口逐字段标示,保留,已截止
M068,知识产权,官方未公开（已取得正文未载）；管理附件未取得，不能推填。,https://www.nuc.edu.cn/info/1014/62433.htm,2026-10-09,官方正文/附件；具体缺口逐字段标示,保留,已截止
M068,材料及提交方式,电子至hhy980344@163.com；纸质申请书2份，不能沿用旧3份；获批任务书2份共同签字；太原学院路3号软件实验大楼508。,https://www.nuc.edu.cn/info/1014/62433.htm,2026-10-09,官方正文/附件；具体缺口逐字段标示,保留,已截止
M068,年度与受理,2026；截止2026-10-08 具体时点未公开（日期已过）,https://www.nuc.edu.cn/info/1014/62433.htm,2026-10-09,正式开放课题公告,保留,已截止
M068,任务筛选,机器人机械臂抓取、路径规划与自主导航（截止日当天时点待确认）,https://www.nuc.edu.cn/info/1014/62433.htm,2026-10-09,正式开放课题公告,保留,已截止
M068,金额,一般2万元；重点4万元（以评审为准）,https://www.nuc.edu.cn/info/1014/62433.htm,2026-10-09,正式开放课题公告,保留,已截止
M068,手动补充事项,截至北京时间10月9日，10月8日截止已过；管理办法/模板未取得，外拨、IP、访问及中期时间条款待补。,https://www.nuc.edu.cn/info/1014/62433.htm,2026-10-09,正式开放课题公告,保留,已截止
M043,申请资格,国内外中级及以上职称科研人员；博士不替代职称；申请人同年限1项（不含参与者）。,https://www.nuc.edu.cn/info/1014/62493.htm,2026-10-09,官方正文/附件；具体缺口逐字段标示,保留,已截止
M043,合作及访问,固定成员联合申请优先，并非强制；至少1次到室学术交流、1次相关国内外学术会议。,https://www.nuc.edu.cn/info/1014/62493.htm,2026-10-09,官方正文/附件；具体缺口逐字段标示,保留,已截止
M043,经费使用及外拨,官方未公开（已取得正文未载）；管理附件未取得，不能推填。,https://www.nuc.edu.cn/info/1014/62493.htm,2026-10-09,官方正文/附件；具体缺口逐字段标示,保留,已截止
M043,研究周期,2026年10月—2028年10月。,https://www.nuc.edu.cn/info/1014/62493.htm,2026-10-09,官方正文/附件；具体缺口逐字段标示,保留,已截止
M043,成果数量及署名,中北A2及以上论文至少1篇，或B及以上至少2篇；实验室第一标注单位，基金与编号致谢。,https://www.nuc.edu.cn/info/1014/62493.htm,2026-10-09,官方正文/附件；具体缺口逐字段标示,保留,已截止
M043,知识产权,官方未公开（已取得正文未载）；管理附件未取得，不能推填。,https://www.nuc.edu.cn/info/1014/62493.htm,2026-10-09,官方正文/附件；具体缺口逐字段标示,保留,已截止
M043,材料及提交方式,2026-09-24—10-08；签章纸质3份至太原学院路3号，签章扫描电子至lnzhang0810@163.com。,https://www.nuc.edu.cn/info/1014/62493.htm,2026-10-09,官方正文/附件；具体缺口逐字段标示,保留,已截止
M043,年度与受理,2026；截止2026-10-08 具体时点未公开（日期已过）,https://www.nuc.edu.cn/info/1014/62493.htm,2026-10-09,正式开放课题公告,保留,已截止
M043,任务筛选,微型机器人及微纳执行器、精密定位（截止日当天时点待确认）,https://www.nuc.edu.cn/info/1014/62493.htm,2026-10-09,正式开放课题公告,保留,已截止
M043,金额,2—4万元,https://www.nuc.edu.cn/info/1014/62493.htm,2026-10-09,正式开放课题公告,保留,已截止
M043,手动补充事项,截止日期已过；管理办法及论文等级办法未取得，外拨、IP、具体A2/B认定需补。,https://www.nuc.edu.cn/info/1014/62493.htm,2026-10-09,正式开放课题公告,保留,已截止
M035,申请资格,"官方明确｜非本实验室固定人员；
博士学历或副高及以上；
须有基础研究经历。
同年仅申请1项、在研仅限1项。",https://klip-humaco.sist.shanghaitech.edu.cn/2026/0914/c14914a1126983/page.htm,2026-10-09,官方正文/附件；具体缺口逐字段标示,保留,已截止
M035,合作及访问,官方明确｜须联合至少1名实验室固定人员。,https://klip-humaco.sist.shanghaitech.edu.cn/2026/0914/c14914a1126983/page.htm,2026-10-09,官方正文/附件；具体缺口逐字段标示,保留,已截止
M035,经费使用及外拨,公开资料未载明｜已取得公告没有经费外拨或报销范围的具体条款；须取得管理办法或任务书，不能只写“官方明确”。,https://klip-humaco.sist.shanghaitech.edu.cn/2026/0914/c14914a1126983/page.htm,2026-10-09,官方正文/附件；具体缺口逐字段标示,保留,已截止
M035,研究周期,官方明确｜2年：2027-01-01至2028-12-31。,https://klip-humaco.sist.shanghaitech.edu.cn/2026/0914/c14914a1126983/page.htm,2026-10-09,官方正文/附件；具体缺口逐字段标示,保留,已截止
M035,成果数量及署名,"已核条款（仍有缺口）｜公告未公布统一论文/专利数量与署名细则；
须取得任务书确认。
获批后1个月内提交签字盖章计划任务书4份。",https://klip-humaco.sist.shanghaitech.edu.cn/2026/0914/c14914a1126983/page.htm,2026-10-09,官方正文/附件；具体缺口逐字段标示,保留,已截止
M035,知识产权,"已核条款（仍有缺口）｜公告未明确知识产权归属；
须取得管理办法或合同确认。",https://klip-humaco.sist.shanghaitech.edu.cn/2026/0914/c14914a1126983/page.htm,2026-10-09,官方正文/附件；具体缺口逐字段标示,保留,已截止
M035,材料及提交方式,"官方明确｜2026-10-08前，经所在单位同意并签署意见的申请书发送stu_keylab.sist@shanghaitech.edu.cn；
彭老师021-20685748。
获批后另寄任务书4份。
公告未写截止时点。",https://klip-humaco.sist.shanghaitech.edu.cn/2026/0914/c14914a1126983/page.htm,2026-10-09,官方正文/附件；具体缺口逐字段标示,保留,已截止
M035,年度与受理,2026；截止2026-10-08 原文“10月8日前”，具体时点未载（日期已过）,https://klip-humaco.sist.shanghaitech.edu.cn/2026/0914/c14914a1126983/page.htm,2026-10-09,正式开放课题公告,保留,已截止
M035,任务筛选,机器人遥操作、双臂操作与人机协同（截止日当天时点待确认）,https://klip-humaco.sist.shanghaitech.edu.cn/2026/0914/c14914a1126983/page.htm,2026-10-09,正式开放课题公告,保留,已截止
M035,金额,公告未公布统一金额，评审确定。,https://klip-humaco.sist.shanghaitech.edu.cn/2026/0914/c14914a1126983/page.htm,2026-10-09,正式开放课题公告,保留,已截止
M035,手动补充事项,"截止时间：公告截止为核查当天，未载明北京时间时点；不能认定仍可提交，须联系确认。
经费使用及外拨：已取得公告没有经费外拨或报销范围的具体条款；须取得管理办法或任务书，不能只写“官方明确”。
成果数量及署名：公告未公布统一论文/专利数量与署名细则；
须取得任务书确认。
获批后1个月内提交签字盖章计划任务书4份。
知识产权：公告未明确知识产权归属；
须取得管理办法或合同确认。
资助金额：待核；北京时间已到10月9日，原截止日期已过。取得官方索引全文片段，直接访问404/TLS失败；具体金额和完整附件仍须手动补，不猜测。",https://klip-humaco.sist.shanghaitech.edu.cn/2026/0914/c14914a1126983/page.htm,2026-10-09,正式开放课题公告,保留,已截止
M041,申请资格,主要校外；博士或副高，年龄≤40；每人1项，单位≤2；课题组成员“不能同时参加两个以上项目”原文保留。,"https://institution.ustc.edu.cn/BIPCLab/zh_CN/article/994106/content/5479.htm
https://institution.ustc.edu.cn/system/resource/tsites/download.jsp?ap=jswzfj&fl=jeUbqmVvyQne&uid=26977&fid=83A8D1A74FAA46BCB0C268B172083B7B",2026-10-09,官方正文/附件；具体缺口逐字段标示,待核,方向待核·公告已发布
M041,合作及访问,鼓励联合实验室成员；获批后确定/推荐校内联系人辅助报销；访问天数未载。,"https://institution.ustc.edu.cn/BIPCLab/zh_CN/article/994106/content/5479.htm
https://institution.ustc.edu.cn/system/resource/tsites/download.jsp?ap=jswzfj&fl=jeUbqmVvyQne&uid=26977&fid=83A8D1A74FAA46BCB0C268B172083B7B",2026-10-09,官方正文/附件；具体缺口逐字段标示,待核,方向待核·公告已发布
M041,经费使用及外拨,明确不外拨，实验室统一管理，依中科大科研经费办法报销；结题余款原则不再用于原课题。,"https://institution.ustc.edu.cn/BIPCLab/zh_CN/article/994106/content/5479.htm
https://institution.ustc.edu.cn/system/resource/tsites/download.jsp?ap=jswzfj&fl=jeUbqmVvyQne&uid=26977&fid=83A8D1A74FAA46BCB0C268B172083B7B",2026-10-09,官方正文/附件；具体缺口逐字段标示,待核,方向待核·公告已发布
M041,研究周期,1—2年申请人确定；接到资助通知起，1个月内签任务书。,"https://institution.ustc.edu.cn/BIPCLab/zh_CN/article/994106/content/5479.htm
https://institution.ustc.edu.cn/system/resource/tsites/download.jsp?ap=jswzfj&fl=jeUbqmVvyQne&uid=26977&fid=83A8D1A74FAA46BCB0C268B172083B7B",2026-10-09,官方正文/附件；具体缺口逐字段标示,待核,方向待核·公告已发布
M041,成果数量及署名,每年进展及结题报告、成果证明；实验室署名和项目号，不标不计。正文未统一规定论文数量。,"https://institution.ustc.edu.cn/BIPCLab/zh_CN/article/994106/content/5479.htm
https://institution.ustc.edu.cn/system/resource/tsites/download.jsp?ap=jswzfj&fl=jeUbqmVvyQne&uid=26977&fid=83A8D1A74FAA46BCB0C268B172083B7B",2026-10-09,官方正文/附件；具体缺口逐字段标示,待核,方向待核·公告已发布
M041,知识产权,实验室与负责人单位共同所有。,"https://institution.ustc.edu.cn/BIPCLab/zh_CN/article/994106/content/5479.htm
https://institution.ustc.edu.cn/system/resource/tsites/download.jsp?ap=jswzfj&fl=jeUbqmVvyQne&uid=26977&fid=83A8D1A74FAA46BCB0C268B172083B7B",2026-10-09,官方正文/附件；具体缺口逐字段标示,待核,方向待核·公告已发布
M041,材料及提交方式,单位签章纸质4份及电子至niant209@ustc.edu.cn；主题姓名-教育部重点实验室开放课题申请-课题名；2026-10-31截止。,"https://institution.ustc.edu.cn/BIPCLab/zh_CN/article/994106/content/5479.htm
https://institution.ustc.edu.cn/system/resource/tsites/download.jsp?ap=jswzfj&fl=jeUbqmVvyQne&uid=26977&fid=83A8D1A74FAA46BCB0C268B172083B7B",2026-10-09,官方正文/附件；具体缺口逐字段标示,待核,方向待核·公告已发布
M041,年度与受理,2026；截止2026-10-31 ,https://institution.ustc.edu.cn/BIPCLab/zh_CN/article/994106/content/5479.htm,2026-10-09,正式开放课题公告,待核,方向待核·公告已发布
M041,任务筛选,方向待核：公告资助脑启发感知、认知、芯片及示范系统，但未明确机器人验证对象；需确认机器人感知或具身任务是否属于本期范围。,https://institution.ustc.edu.cn/BIPCLab/zh_CN/article/994106/content/5479.htm,2026-10-09,正式开放课题公告,待核,方向待核·公告已发布
M041,金额,5万元/项,https://institution.ustc.edu.cn/BIPCLab/zh_CN/article/994106/content/5479.htm,2026-10-09,正式开放课题公告,待核,方向待核·公告已发布
M041,手动补充事项,正文已取得完整资格/外拨/权属，不能重复列为未知；年度任务为脑成像、脑启发视觉听觉嗅觉、知识图谱推理决策、芯片系统。机器人相关具体任务适用范围仍待核；申请/任务书等附件未取得。,https://institution.ustc.edu.cn/BIPCLab/zh_CN/article/994106/content/5479.htm,2026-10-09,正式开放课题公告,待核,方向待核·公告已发布
M106,申请资格,"官方明确｜国内中级以上；
副高及以上或博士且中级可直接申请，其他须两名高级专家推荐；
同年1项。",https://www.nuc.edu.cn/info/1014/62583.htm,2026-10-09,官方正文/附件；具体缺口逐字段标示,保留,已截止
M106,合作及访问,"官方明确｜联合固定人员优先，非公告硬性申请条件；
发表成果须至少1名本室固定人员署名。",https://www.nuc.edu.cn/info/1014/62583.htm,2026-10-09,官方正文/附件；具体缺口逐字段标示,保留,已截止
M106,经费使用及外拨,"官方明确｜仅中北大学财务结算，不外拨。
可报差旅、材料、服务器租赁、版面、专利、试验等。",https://www.nuc.edu.cn/info/1014/62583.htm,2026-10-09,官方正文/附件；具体缺口逐字段标示,保留,已截止
M106,研究周期,官方明确｜2年，2026年10月—2028年10月。,https://www.nuc.edu.cn/info/1014/62583.htm,2026-10-09,官方正文/附件；具体缺口逐字段标示,保留,已截止
M106,成果数量及署名,"官方明确｜SCI二区及以上1篇或三区2篇；
同时署本人单位和本室，至少1名本室固定人员作作者；
结题报告。",https://www.nuc.edu.cn/info/1014/62583.htm,2026-10-09,官方正文/附件；具体缺口逐字段标示,保留,已截止
M106,知识产权,公开资料未载明｜已取得公开资料未载明知识产权的完整条款。,https://www.nuc.edu.cn/info/1014/62583.htm,2026-10-09,官方正文/附件；具体缺口逐字段标示,保留,已截止
M106,材料及提交方式,"官方明确｜申请书单位同意签字盖章，电子1份+纸质3份；
guhao@nuc.edu.cn；
顾灏18435119916；
太原学院路3号；
10-08前",https://www.nuc.edu.cn/info/1014/62583.htm,2026-10-09,官方正文/附件；具体缺口逐字段标示,保留,已截止
M106,年度与受理,2026；截止2026-10-08 具体时点未公开（日期已过）,https://www.nuc.edu.cn/info/1014/62583.htm,2026-10-09,正式开放课题公告,保留,已截止
M106,任务筛选,无人平台智能探测与多源感知,https://www.nuc.edu.cn/info/1014/62583.htm,2026-10-09,正式开放课题公告,保留,已截止
M106,金额,2—4万元/项，拟5—8项,https://www.nuc.edu.cn/info/1014/62583.htm,2026-10-09,正式开放课题公告,保留,已截止
M106,手动补充事项,"北京时间10月9日，10月8日申报日期已过；既有已核研究任务和条款完整复用，不因本轮页面受限倒退证据。
知识产权：已取得公开资料未载明知识产权的完整条款。",https://www.nuc.edu.cn/info/1014/62583.htm,2026-10-09,正式开放课题公告,保留,已截止
M114,申请资格,"官方明确｜本年度通知要求主持人一般高级职称；
无高级职称需2名正高推荐；
本室在研未结题负责人不得申报。
通用办法写博士或副高，存在口径差异，博士但无高级职称者须问是否仍需推荐。","https://bridge.swjtu.edu.cn/info/1066/8471.htm
https://bridge.swjtu.edu.cn/system/_content/download.jsp?urltype=news.DownloadAttachUrl&owner=2032271566&wbfileid=0FB163E2F98C3D524A0F981EAF70F123",2026-10-09,官方正文/附件；具体缺口逐字段标示,保留,已截止
M114,合作及访问,"官方明确｜公告未规定强制固定人员合作，实验室指定课题专员管理；
爬壁机器人实物与桥梁场景需合作方提供条件。","https://bridge.swjtu.edu.cn/info/1066/8471.htm
https://bridge.swjtu.edu.cn/system/_content/download.jsp?urltype=news.DownloadAttachUrl&owner=2032271566&wbfileid=0FB163E2F98C3D524A0F981EAF70F123",2026-10-09,官方正文/附件；具体缺口逐字段标示,保留,已截止
M114,经费使用及外拨,"已核条款（仍有缺口）｜根据合同付款方式和进度分批拨至项目负责人所在单位；
专款专用，可结转。
直接费允许材料、测试加工、动力、出版信息知识产权等，具体合同预算须确认。","https://bridge.swjtu.edu.cn/info/1066/8471.htm
https://bridge.swjtu.edu.cn/system/_content/download.jsp?urltype=news.DownloadAttachUrl&owner=2032271566&wbfileid=0FB163E2F98C3D524A0F981EAF70F123",2026-10-09,官方正文/附件；具体缺口逐字段标示,保留,已截止
M114,研究周期,"官方明确｜一般2年，特殊可至3年；
具体依合同。","https://bridge.swjtu.edu.cn/info/1066/8471.htm
https://bridge.swjtu.edu.cn/system/_content/download.jsp?urltype=news.DownloadAttachUrl&owner=2032271566&wbfileid=0FB163E2F98C3D524A0F981EAF70F123",2026-10-09,官方正文/附件；具体缺口逐字段标示,保留,已截止
M114,成果数量及署名,"官方明确｜选桥墩桥塔重载负压爬壁机器人：SCI/EI论文2篇、申请发明专利1项；
还须完成指南列明吸附动力学、运动协同、安全处置与模拟壁面验证任务。
第一作者或通讯作者第一单位须实验室。","https://bridge.swjtu.edu.cn/info/1066/8471.htm
https://bridge.swjtu.edu.cn/system/_content/download.jsp?urltype=news.DownloadAttachUrl&owner=2032271566&wbfileid=0FB163E2F98C3D524A0F981EAF70F123",2026-10-09,官方正文/附件；具体缺口逐字段标示,保留,已截止
M114,知识产权,"官方明确｜成果双方共有或按合同；
知识产权申请须把实验室依托单位列第一完成单位共同申请人。","https://bridge.swjtu.edu.cn/info/1066/8471.htm
https://bridge.swjtu.edu.cn/system/_content/download.jsp?urltype=news.DownloadAttachUrl&owner=2032271566&wbfileid=0FB163E2F98C3D524A0F981EAF70F123",2026-10-09,官方正文/附件；具体缺口逐字段标示,保留,已截止
M114,材料及提交方式,"官方明确｜2026-10-08截止，邮寄以寄出日为准。
签字盖章纸质原件2份、Word和扫描件。
爬壁机器人方向寄武汉汉阳四新大道6号桥梁科技大厦，张老师18971002721，11106345@qq.com。","https://bridge.swjtu.edu.cn/info/1066/8471.htm
https://bridge.swjtu.edu.cn/system/_content/download.jsp?urltype=news.DownloadAttachUrl&owner=2032271566&wbfileid=0FB163E2F98C3D524A0F981EAF70F123",2026-10-09,官方正文/附件；具体缺口逐字段标示,保留,已截止
M114,年度与受理,2026；截止2026-10-08 具体时点未公开（日期已过）,https://bridge.swjtu.edu.cn/info/1066/8471.htm,2026-10-09,正式开放课题公告,保留,已截止
M114,任务筛选,爬壁机器人负压吸附、曲面作业与控制,https://bridge.swjtu.edu.cn/info/1066/8471.htm,2026-10-09,正式开放课题公告,保留,已截止
M114,金额,资助类型A/B/C分别20/15/10万元（与科研匹配等级无关）,https://bridge.swjtu.edu.cn/info/1066/8471.htm,2026-10-09,正式开放课题公告,保留,已截止
M114,手动补充事项,"北京时间10月9日，10月8日申报日期已过；既有已核研究任务和条款完整复用，不因本轮页面受限倒退证据。
经费使用及外拨：根据合同付款方式和进度分批拨至项目负责人所在单位；
专款专用，可结转。
直接费允许材料、测试加工、动力、出版信息知识产权等，具体合同预算须确认。",https://bridge.swjtu.edu.cn/info/1066/8471.htm,2026-10-09,正式开放课题公告,保留,已截止
N016,申请资格,官方未公开（已取得正文未载）；管理附件未取得，不能推填。,"https://www.tju.edu.cn/info/4732/81752.htm
https://www.tju.edu.cn/system/_content/download.jsp?owner=2111843594&urltype=news.DownloadAttachUrl&wbfileid=0B6513F198BAEE0063A23A18FD934464",2026-10-09,官方正文/附件；具体缺口逐字段标示,保留,已截止
N016,合作及访问,官方未公开（已取得正文未载）；管理附件未取得，不能推填。,"https://www.tju.edu.cn/info/4732/81752.htm
https://www.tju.edu.cn/system/_content/download.jsp?owner=2111843594&urltype=news.DownloadAttachUrl&wbfileid=0B6513F198BAEE0063A23A18FD934464",2026-10-09,官方正文/附件；具体缺口逐字段标示,保留,已截止
N016,经费使用及外拨,官方未公开（已取得正文未载）；管理附件未取得，不能推填。,"https://www.tju.edu.cn/info/4732/81752.htm
https://www.tju.edu.cn/system/_content/download.jsp?owner=2111843594&urltype=news.DownloadAttachUrl&wbfileid=0B6513F198BAEE0063A23A18FD934464",2026-10-09,官方正文/附件；具体缺口逐字段标示,保留,已截止
N016,研究周期,官方未公开（已取得正文未载）；管理附件未取得，不能推填。,"https://www.tju.edu.cn/info/4732/81752.htm
https://www.tju.edu.cn/system/_content/download.jsp?owner=2111843594&urltype=news.DownloadAttachUrl&wbfileid=0B6513F198BAEE0063A23A18FD934464",2026-10-09,官方正文/附件；具体缺口逐字段标示,保留,已截止
N016,成果数量及署名,官方未公开（已取得正文未载）；管理附件未取得，不能推填。,"https://www.tju.edu.cn/info/4732/81752.htm
https://www.tju.edu.cn/system/_content/download.jsp?owner=2111843594&urltype=news.DownloadAttachUrl&wbfileid=0B6513F198BAEE0063A23A18FD934464",2026-10-09,官方正文/附件；具体缺口逐字段标示,保留,已截止
N016,知识产权,官方未公开（已取得正文未载）；管理附件未取得，不能推填。,"https://www.tju.edu.cn/info/4732/81752.htm
https://www.tju.edu.cn/system/_content/download.jsp?owner=2111843594&urltype=news.DownloadAttachUrl&wbfileid=0B6513F198BAEE0063A23A18FD934464",2026-10-09,官方正文/附件；具体缺口逐字段标示,保留,已截止
N016,材料及提交方式,2025-11-18—2026-01-31受理；hsskl@tju.edu.cn；具体材料要求见受限年度PDF，不能套天津大学其他实验室。,"https://www.tju.edu.cn/info/4732/81752.htm
https://www.tju.edu.cn/system/_content/download.jsp?owner=2111843594&urltype=news.DownloadAttachUrl&wbfileid=0B6513F198BAEE0063A23A18FD934464",2026-10-09,官方正文/附件；具体缺口逐字段标示,保留,已截止
N016,年度与受理,2026；截止2026-01-31 ,https://www.tju.edu.cn/info/4732/81752.htm,2026-10-09,正式开放课题公告,保留,已截止
N016,任务筛选,少人化/无人化智能建设装备；异质智能建设装备群协同与规模化施工,https://www.tju.edu.cn/info/4732/81752.htm,2026-10-09,正式开放课题公告,保留,已截止
N016,金额,资料未取得｜详细年度PDF验证码,https://www.tju.edu.cn/info/4732/81752.htm,2026-10-09,正式开放课题公告,保留,已截止
N016,手动补充事项,正式公告任务及受理截止已核，中文指南PDF验证码；另官方渠道未取得全文。需资格、固定合作、金额、周期、经费外拨/报销、成果IP及具体材料。,https://www.tju.edu.cn/info/4732/81752.htm,2026-10-09,正式开放课题公告,保留,已截止
M014,2026金额,不超过20万元，原表待核为遗漏,https://sist.pku.edu.cn/info/2320/10785.htm,2026-10-09,独立官方公告复核,保留,已截止
M014,2026交流与联系人,须定期到室及提交阶段报告；2026联系人为周凡，删除2025联系人,https://sist.pku.edu.cn/info/2320/10785.htm,2026-10-09,独立官方公告复核,保留,已截止
M078,知识产权,第22条外单位人员成果由实验室与课题承担单位共有；不等于经费可外拨,https://dqxylib.szut.edu.cn/info/1016/27682.htm,2026-10-09,2026实验室管理办法正文,保留,受理中·条件待核
R011,公告与研究方向,高校科研院官方转载全文：无人车/无人系统自主导航，6月15日已截止，10万元，周期12或24个月,https://keyanchu.syuct.edu.cn/info/1028/2075.htm,2026-10-09,2026年度官方高校转载,保留,已截止·管理细则待核
R008,官方线索排误,90052.htm为科技活动周通知，非2026年度开放基金公告；真正年度正式来源仍未取得,https://slmt.cqu.edu.cn/info/10663/90052.htm,2026-10-09,独立网页类型核对,保留待核,线索待核
M014,详情与历史页一致性,历史页金额同步为2026年度单项不超过20万元；旧年度信息留原档案。,https://sist.pku.edu.cn/info/2320/10785.htm,2026-10-09,官方页面/官方索引复核,保留,已截止
R011,分类与管理缺口,官方高校转载已确认机器人任务及2026-06-15截止，转历史；管理办法、经费外拨和IP仍待核。,https://keyanchu.syuct.edu.cn/info/1028/2075.htm,2026-10-09,官方页面/官方索引复核,保留,已截止·管理细则待核
M078,同URL不同官方快照,当前直开为2026年度指南，搜索官方缓存为管理办法；第22条支持外单位成果共有。一般办法与年度指南的周期/材料差异须确认，当前年度条款不替换。,https://dqxylib.szut.edu.cn/info/1016/27682.htm,2026-10-09,官方页面/官方索引复核,保留,受理中·条件待核
M100,资助金额及类别,0.5—2万元/项；方向1—3各1—3项；调研方向另列。,https://news.cqjtu.edu.cn/info/1024/68220.htm,2026-10-09,用户回传原件；90_历史归档/03_核验来源与处理记录/20261009_手动操作清单,保留,受理中·条件待核
M100,申请资格,指南前言及管理办法：中级及以上或博士；指南申报要求第6条：高级职称或博士学历。两处职称门槛冲突，须主办方确认。,https://news.cqjtu.edu.cn/info/1024/68220.htm,2026-10-09,用户回传原件；90_历史归档/03_核验来源与处理记录/20261009_手动操作清单,保留,受理中·条件待核
M100,合作及访问,校外申请人必须联合实验室固定科研人员及应用单位共同申请；年度报告、中期检查，结题时至少到实验室汇报1次；其他访问天数未载。,https://news.cqjtu.edu.cn/info/1024/68220.htm,2026-10-09,用户回传原件；90_历史归档/03_核验来源与处理记录/20261009_手动操作清单,保留,受理中·条件待核
M100,经费使用及外拨,材料、仪器使用、国内差旅/会议及学术资料等；立项30%、中期30%、结题40%划拨，专款专用、当年用完。文件未明确校外拨款接收主体和外拨操作。,https://news.cqjtu.edu.cn/info/1024/68220.htm,2026-10-09,用户回传原件；90_历史归档/03_核验来源与处理记录/20261009_手动操作清单,保留,受理中·条件待核
M100,研究周期,指南1—2年；管理办法特殊情况可不超过3年，需确认适用。,https://news.cqjtu.edu.cn/info/1024/68220.htm,2026-10-09,用户回传原件；90_历史归档/03_核验来源与处理记录/20261009_手动操作清单,保留,受理中·条件待核
M100,成果数量及署名,方向1—3：SCI/EI期刊1篇，或授权发明1项+CSCD论文1篇，或授权发明1项+样机1套及报告/实物，或省部级/行业学会科技奖，或省部级首台套认定；同时须工程应用推广及应用企业证明。论文实验室第一单位；负责人第一作者，或其学生第一作者、负责人第二/通讯作者，标基金及编号；奖项/首台套重庆交通大学第一或第二单位。方向4：市级及以上政府批示，或SCI/EI综述并经学委会答辩。每年12月31日前年度报告，中期检查，结束3个月内结题、到室汇报，原始数据/代码归档。,https://news.cqjtu.edu.cn/info/1024/68220.htm,2026-10-09,用户回传原件；90_历史归档/03_核验来源与处理记录/20261009_手动操作清单,保留,受理中·条件待核
M100,知识产权,实验室与申请人所在单位共享。,https://news.cqjtu.edu.cn/info/1024/68220.htm,2026-10-09,用户回传原件；90_历史归档/03_核验来源与处理记录/20261009_手动操作清单,保留,受理中·条件待核
M100,材料及提交方式,2026-10-30 17:00前；指南申请材料段要求A4双面纸质7份，联系段写纸质1份，存在冲突须确认。电子至zhangzhitong@cqjtu.edu.cn，主题2026开放基金+姓名+单位+电话，附代表论文/专利/软著PDF；重庆南岸区学府大道66号机电与车辆工程学院，400074。,https://news.cqjtu.edu.cn/info/1024/68220.htm,2026-10-09,用户回传原件；90_历史归档/03_核验来源与处理记录/20261009_手动操作清单,保留,受理中·条件待核
M100,缺失条款及联系事项,已收到指南及管理办法。须确认职称中级/高级、纸质7份/1份冲突、特殊3年适用及校外资金接收/外拨；落实固定科研人员与应用单位，不代表已有合作者。,https://news.cqjtu.edu.cn/info/1024/68220.htm,2026-10-09,用户回传原件；90_历史归档/03_核验来源与处理记录/20261009_手动操作清单,保留,受理中·条件待核
M100,联系入口,张老师19823661919；zhangzhitong@cqjtu.edu.cn,https://news.cqjtu.edu.cn/info/1024/68220.htm,2026-10-09,用户回传原件；90_历史归档/03_核验来源与处理记录/20261009_手动操作清单,保留,受理中·条件待核
M100,核查基准（北京时间）,2026-10-09（用户回传原件核验）,https://news.cqjtu.edu.cn/info/1024/68220.htm,2026-10-09,用户回传原件；90_历史归档/03_核验来源与处理记录/20261009_手动操作清单,保留,受理中·条件待核
M100,经费与成果条款摘要,经费、成果及知识产权分别见M/O/P列；已收到原件，具体剩余缺口见S列。,https://news.cqjtu.edu.cn/info/1024/68220.htm,2026-10-09,用户回传原件；90_历史归档/03_核验来源与处理记录/20261009_手动操作清单,保留,受理中·条件待核
N012,申请资格,非吉林大学国内外高校/研究院人员；博士或副高，否则2名副高专家推荐；主持和参与共计≤2项；本室在研未结题负责人不得申报；需有团队成员。 通用管理办法原则上面向国外知名高校/国内211、985及中科院研究所；非上述单位是否接受须确认，不据此推断本人资格。,https://bionic.jlu.edu.cn/info/1041/1693.htm,2026-10-09,用户回传原件；90_历史归档/03_核验来源与处理记录/20261009_手动操作清单,保留,已截止
N012,经费使用及外拨,管理办法明确经费不外拨，由本室固定内部联系人托管并负责执行；具体开支科目未列明。,https://bionic.jlu.edu.cn/info/1041/1693.htm,2026-10-09,用户回传原件；90_历史归档/03_核验来源与处理记录/20261009_手动操作清单,保留,已截止
N012,成果数量及署名,二选一：申请发明1件加SCI/EI论文2篇；或核心论文3篇其中SCI/EI至少2篇。实验室为完成单位之一，联合署名并标基金与编号；结束交成果报告。 通用办法要求结束后1个月内提交结题材料及原始资料；年度进展在学委会会议前报送。,https://bionic.jlu.edu.cn/info/1041/1693.htm,2026-10-09,用户回传原件；90_历史归档/03_核验来源与处理记录/20261009_手动操作清单,保留,已截止
N012,缺失条款及联系事项,管理办法已收到，不再索取同一PDF。须确认原则上211/985/中科院的适用范围、年度约1年与一般不超过2年的周期差异；具体开支、访问天数和申报模板仍未取得。,https://bionic.jlu.edu.cn/info/1041/1693.htm,2026-10-09,用户回传原件；90_历史归档/03_核验来源与处理记录/20261009_手动操作清单,保留,已截止
N012,核查基准（北京时间）,2026-10-09（用户回传原件核验）,https://bionic.jlu.edu.cn/info/1041/1693.htm,2026-10-09,用户回传原件；90_历史归档/03_核验来源与处理记录/20261009_手动操作清单,保留,已截止
N012,经费与成果条款摘要,经费、成果及知识产权分别见M/O/P列；已收到原件，具体剩余缺口见S列。,https://bionic.jlu.edu.cn/info/1041/1693.htm,2026-10-09,用户回传原件；90_历史归档/03_核验来源与处理记录/20261009_手动操作清单,保留,已截止
N014,研究主题,低空航路规划；无人机AED空地协同投送；城市空地协同四维航路；有人机/无人机多视角配准融合与三维城市重建；无人机森林火灾环境感知与决策。,https://jcxy.jxfu.edu.cn/info/1042/14661.htm,2026-10-09,用户回传原件；90_历史归档/03_核验来源与处理记录/20261009_手动操作清单,保留,已截止
N014,申请资格,一般≤55岁，高级职称或博士教学科研人员；每人限1项，不重复已资助/已有重大成果选题。 管理条例另允许副高或博士直接申请、中级或硕士需2名副高推荐，与年度高级/博士门槛存在差异，须确认。,https://jcxy.jxfu.edu.cn/info/1042/14661.htm,2026-10-09,用户回传原件；90_历史归档/03_核验来源与处理记录/20261009_手动操作清单,保留,已截止
N014,经费使用及外拨,年度通知：获批后依托课题组合作研究、经费报销。管理条例：校外申请者结题后一次性拨付给申请者，开具正式发票，按申请者单位纵向项目办法管理；未用完经费由实验室统筹。两种操作方式须主办方解释，不能据此确定外拨到本人单位。,https://jcxy.jxfu.edu.cn/info/1042/14661.htm,2026-10-09,用户回传原件；90_历史归档/03_核验来源与处理记录/20261009_手动操作清单,保留,已截止
N014,成果数量及署名,至少1篇相关高水平论文，以实验室为第一完成单位；具体高水平门槛未定义。提交研究及结题报告一式3份，归档全部原始实验/观测资料。,https://jcxy.jxfu.edu.cn/info/1042/14661.htm,2026-10-09,用户回传原件；90_历史归档/03_核验来源与处理记录/20261009_手动操作清单,保留,已截止
N014,知识产权,本实验室、研究者所在单位及其他资助单位共享；研究者享有著作权及发表权；论文、发明专利等须实验室第一完成单位并用条例指定中英文署名。,https://jcxy.jxfu.edu.cn/info/1042/14661.htm,2026-10-09,用户回传原件；90_历史归档/03_核验来源与处理记录/20261009_手动操作清单,保留,已截止
N014,缺失条款及联系事项,RAR及其中2026指南、管理条例、申请表已收到。须确认年度高级/博士与条例副高/推荐资格适用、合作报销与结题后一次性拨付关系、发票主体及高水平论文定义。,https://jcxy.jxfu.edu.cn/info/1042/14661.htm,2026-10-09,用户回传原件；90_历史归档/03_核验来源与处理记录/20261009_手动操作清单,保留,已截止
N014,核查基准（北京时间）,2026-10-09（用户回传原件核验）,https://jcxy.jxfu.edu.cn/info/1042/14661.htm,2026-10-09,用户回传原件；90_历史归档/03_核验来源与处理记录/20261009_手动操作清单,保留,已截止
N014,经费与成果条款摘要,经费、成果及知识产权分别见M/O/P列；已收到原件，具体剩余缺口见S列。,https://jcxy.jxfu.edu.cn/info/1042/14661.htm,2026-10-09,用户回传原件；90_历史归档/03_核验来源与处理记录/20261009_手动操作清单,保留,已截止
N015,申请资格,校内外博士或高级职称，否则两名高级推荐；相关研究基础，近3年相关项目或产业经验优先；主持限1项，参与不限；已主持2项省部级以上在研、研究精力不足者及本校开放课题未结題负责人不得申报（保留原文）。 2026通用办法：副高或博士，或中级经正高专家推荐；主持1项、主持及参与在研合计≤2。与年度两名高级推荐及参与不限冲突，须确认。,https://www.hnit.edu.cn/kjc/info/1134/7693.htm,2026-10-09,用户回传原件；90_历史归档/03_核验来源与处理记录/20261009_手动操作清单,保留,已截止
N015,经费使用及外拨,经费由湖南工学院财务专项管理，按学校科研经费办法执行；校外经费不外拨，由校内合作责任人办理使用及报销。具体开支范围仍需学校经费办法。,https://www.hnit.edu.cn/kjc/info/1134/7693.htm,2026-10-09,用户回传原件；90_历史归档/03_核验来源与处理记录/20261009_手动操作清单,保留,已截止
N015,成果数量及署名,通用办法最低要求高水平论文≥1篇或授权国家发明专利≥1项，平台可另设更高要求；高水平定义及本专项具体指标未取得。论文学校平台第一或第二单位、标资助及编号；专利/奖项/软著学校为主要完成单位，原则上包含校内合作人。结题交报告与成果、专家评审。,https://www.hnit.edu.cn/kjc/info/1134/7693.htm,2026-10-09,用户回传原件；90_历史归档/03_核验来源与处理记录/20261009_手动操作清单,保留,已截止
N015,知识产权,校外项目知识产权由湖南工学院与申请人所在单位共享；论文、专利及奖项等署名按通用办法执行。,https://www.hnit.edu.cn/kjc/info/1134/7693.htm,2026-10-09,用户回传原件；90_历史归档/03_核验来源与处理记录/20261009_手动操作清单,保留,已截止
N015,缺失条款及联系事项,2026修订办法已收到。需确认通用与年度资格推荐/参与限项冲突、专项高水平成果定义、具体开支与签章模板；年度1年周期保留，不套用通用一般2年及延期规则。,https://www.hnit.edu.cn/kjc/info/1134/7693.htm,2026-10-09,用户回传原件；90_历史归档/03_核验来源与处理记录/20261009_手动操作清单,保留,已截止
N015,核查基准（北京时间）,2026-10-09（用户回传原件核验）,https://www.hnit.edu.cn/kjc/info/1134/7693.htm,2026-10-09,用户回传原件；90_历史归档/03_核验来源与处理记录/20261009_手动操作清单,保留,已截止
N015,经费与成果条款摘要,经费、成果及知识产权分别见M/O/P列；已收到原件，具体剩余缺口见S列。,https://www.hnit.edu.cn/kjc/info/1134/7693.htm,2026-10-09,用户回传原件；90_历史归档/03_核验来源与处理记录/20261009_手动操作清单,保留,已截止
N016,资助金额及类别,一般5—8万元/项；特殊课题可经学委会专项审批增加，未载上限。,https://www.tju.edu.cn/info/4732/81752.htm,2026-10-09,用户回传原件；90_历史归档/03_核验来源与处理记录/20261009_手动操作清单,保留,已截止
N016,申请资格,指南未列学历/职称/年龄门槛；负责人及主要成员含在研项目，主持/参与合计≤2项；其他资格须取得管理办法确认。,https://www.tju.edu.cn/info/4732/81752.htm,2026-10-09,用户回传原件；90_历史归档/03_核验来源与处理记录/20261009_手动操作清单,保留,已截止
N016,合作及访问,外单位申请人须联合依托单位教学科研人员；所有课题须来实验室开展具体实验研究，未载到访时长。,https://www.tju.edu.cn/info/4732/81752.htm,2026-10-09,用户回传原件；90_历史归档/03_核验来源与处理记录/20261009_手动操作清单,保留,已截止
N016,研究周期,指南未载研究执行周期；2025-11-18—2026-01-31是申请窗口，不是周期。,https://www.tju.edu.cn/info/4732/81752.htm,2026-10-09,用户回传原件；90_历史归档/03_核验来源与处理记录/20261009_手动操作清单,保留,已截止
N016,材料及提交方式,申请窗口2025-11-18—2026-01-31；申请电子材料至hsskl@tju.edu.cn；指南未载纸质份数等细节，须管理办法/模板确认。,https://www.tju.edu.cn/info/4732/81752.htm,2026-10-09,用户回传原件；90_历史归档/03_核验来源与处理记录/20261009_手动操作清单,保留,已截止
N016,缺失条款及联系事项,2026指南PDF已收到，不再索取。仍需开放基金管理办法：学历职称等资格、执行周期、经费开支及外拨、成果数量/署名、知识产权及材料细节；到访时长未载。,https://www.tju.edu.cn/info/4732/81752.htm,2026-10-09,用户回传原件；90_历史归档/03_核验来源与处理记录/20261009_手动操作清单,保留,已截止
N016,核查基准（北京时间）,2026-10-09（用户回传原件核验）,https://www.tju.edu.cn/info/4732/81752.htm,2026-10-09,用户回传原件；90_历史归档/03_核验来源与处理记录/20261009_手动操作清单,保留,已截止
N016,经费与成果条款摘要,经费、成果及知识产权分别见M/O/P列；已收到原件，具体剩余缺口见S列。,https://www.tju.edu.cn/info/4732/81752.htm,2026-10-09,用户回传原件；90_历史归档/03_核验来源与处理记录/20261009_手动操作清单,保留,已截止
N011,实验室/项目,石油化工过程运行优化与节能技术国家地方联合工程实验室,https://sice.lnpu.edu.cn/__local/6/85/AD/618AB99B1482BA4F1A20906037B_DEDEC0FE_32C8D.pdf,2026-10-09,用户回传原件；90_历史归档/03_核验来源与处理记录/20261009_手动操作清单,保留,方向待核·已截止
N011,申报状态,方向待核·已截止,https://sice.lnpu.edu.cn/__local/6/85/AD/618AB99B1482BA4F1A20906037B_DEDEC0FE_32C8D.pdf,2026-10-09,用户回传原件；90_历史归档/03_核验来源与处理记录/20261009_手动操作清单,保留,方向待核·已截止
N011,截止日期,45905.0,https://sice.lnpu.edu.cn/__local/6/85/AD/618AB99B1482BA4F1A20906037B_DEDEC0FE_32C8D.pdf,2026-10-09,用户回传原件；90_历史归档/03_核验来源与处理记录/20261009_手动操作清单,保留,方向待核·已截止
N011,北京时间截止时点,17:00（北京时间）,https://sice.lnpu.edu.cn/__local/6/85/AD/618AB99B1482BA4F1A20906037B_DEDEC0FE_32C8D.pdf,2026-10-09,用户回传原件；90_历史归档/03_核验来源与处理记录/20261009_手动操作清单,保留,方向待核·已截止
N011,资助金额及类别,2025首批3—5万元/项。,https://sice.lnpu.edu.cn/__local/6/85/AD/618AB99B1482BA4F1A20906037B_DEDEC0FE_32C8D.pdf,2026-10-09,用户回传原件；90_历史归档/03_核验来源与处理记录/20261009_手动操作清单,保留,方向待核·已截止
N011,申请资格,中级及以上或博士，单位同意；同年申请或参加限1项。,https://sice.lnpu.edu.cn/__local/6/85/AD/618AB99B1482BA4F1A20906037B_DEDEC0FE_32C8D.pdf,2026-10-09,用户回传原件；90_历史归档/03_核验来源与处理记录/20261009_手动操作清单,保留,方向待核·已截止
N011,合作及访问,至少1名实验室固定人员参加；具体访问要求未载。,https://sice.lnpu.edu.cn/__local/6/85/AD/618AB99B1482BA4F1A20906037B_DEDEC0FE_32C8D.pdf,2026-10-09,用户回传原件；90_历史归档/03_核验来源与处理记录/20261009_手动操作清单,保留,方向待核·已截止
N011,研究周期,1—2年：2025-10-01至2026-09-30或2027-09-30。,https://sice.lnpu.edu.cn/__local/6/85/AD/618AB99B1482BA4F1A20906037B_DEDEC0FE_32C8D.pdf,2026-10-09,用户回传原件；90_历史归档/03_核验来源与处理记录/20261009_手动操作清单,保留,方向待核·已截止
N011,成果数量及署名,任选其一：SCI/EI期刊≥2篇，或中科院一区/二区期刊≥1篇，或授权发明≥1项，或负责人获国家级项目≥1项，或企业技术升级/关键技术、新产品工艺、成果转化≥1项且到账经费不少于本基金资助。论文/专利/转化效益辽宁石油化工大学为第一单位；标项目名称及LJ232510148001。,https://sice.lnpu.edu.cn/__local/6/85/AD/618AB99B1482BA4F1A20906037B_DEDEC0FE_32C8D.pdf,2026-10-09,用户回传原件；90_历史归档/03_核验来源与处理记录/20261009_手动操作清单,保留,方向待核·已截止
N011,知识产权,实验室与项目组共有；文件未直接写申请人所在单位共有。,https://sice.lnpu.edu.cn/__local/6/85/AD/618AB99B1482BA4F1A20906037B_DEDEC0FE_32C8D.pdf,2026-10-09,用户回传原件；90_历史归档/03_核验来源与处理记录/20261009_手动操作清单,保留,方向待核·已截止
N011,材料及提交方式,截止2025-09-05 17:00；纸质原件2份及PDF至393833469@qq.com；辽宁抚顺望花区丹东路西段1号辽宁石油化工大学信息与控制工程学院。,https://sice.lnpu.edu.cn/__local/6/85/AD/618AB99B1482BA4F1A20906037B_DEDEC0FE_32C8D.pdf,2026-10-09,用户回传原件；90_历史归档/03_核验来源与处理记录/20261009_手动操作清单,保留,方向待核·已截止
N011,缺失条款及联系事项,2025首批官方PDF已收到，实验室名称已纠正。指南实际任务为石化过程优化控制、化工安全测控预警、AI/深度学习，未给出具体机器人任务；须联系办公室取得技术指标，仍放待核。经费开支/外拨及访问未载；不由个人机器人立项推断年度方向。,https://sice.lnpu.edu.cn/__local/6/85/AD/618AB99B1482BA4F1A20906037B_DEDEC0FE_32C8D.pdf,2026-10-09,用户回传原件；90_历史归档/03_核验来源与处理记录/20261009_手动操作清单,保留,方向待核·已截止
N011,联系入口,胡亚楠15941321895；393833469@qq.com,https://sice.lnpu.edu.cn/__local/6/85/AD/618AB99B1482BA4F1A20906037B_DEDEC0FE_32C8D.pdf,2026-10-09,用户回传原件；90_历史归档/03_核验来源与处理记录/20261009_手动操作清单,保留,方向待核·已截止
N011,核查基准（北京时间）,2026-10-09（用户回传原件核验）,https://sice.lnpu.edu.cn/__local/6/85/AD/618AB99B1482BA4F1A20906037B_DEDEC0FE_32C8D.pdf,2026-10-09,用户回传原件；90_历史归档/03_核验来源与处理记录/20261009_手动操作清单,保留,方向待核·已截止
N011,经费与成果条款摘要,经费、成果及知识产权分别见M/O/P列；已收到原件，具体剩余缺口见S列。,https://sice.lnpu.edu.cn/__local/6/85/AD/618AB99B1482BA4F1A20906037B_DEDEC0FE_32C8D.pdf,2026-10-09,用户回传原件；90_历史归档/03_核验来源与处理记录/20261009_手动操作清单,保留,方向待核·已截止
M035,研究主题,沉浸式三维交互；高自由度机器人遥操作；双臂织物操作；多构型机器人。,https://klip-humaco.sist.shanghaitech.edu.cn/2026/0914/c14914a1126983/page.htm,2026-10-09,用户回传原件；90_历史归档/03_核验来源与处理记录/20261009_手动操作清单,保留,已截止
M035,缺失条款及联系事项,2026指南正文已收到；10月8日前截止，现保留历史。资助金额、经费开支/外拨、成果数量及署名、知识产权仍未载，应向主办方取得任务书或合同，不再索取相同正文。,https://klip-humaco.sist.shanghaitech.edu.cn/2026/0914/c14914a1126983/page.htm,2026-10-09,用户回传原件；90_历史归档/03_核验来源与处理记录/20261009_手动操作清单,保留,已截止
M035,联系入口,彭老师021-20685748；stu_keylab.sist@shanghaitech.edu.cn,https://klip-humaco.sist.shanghaitech.edu.cn/2026/0914/c14914a1126983/page.htm,2026-10-09,用户回传原件；90_历史归档/03_核验来源与处理记录/20261009_手动操作清单,保留,已截止
M035,核查基准（北京时间）,2026-10-09（用户回传原件核验）,https://klip-humaco.sist.shanghaitech.edu.cn/2026/0914/c14914a1126983/page.htm,2026-10-09,用户回传原件；90_历史归档/03_核验来源与处理记录/20261009_手动操作清单,保留,已截止
M035,经费与成果条款摘要,经费、成果及知识产权分别见M/O/P列；已收到原件，具体剩余缺口见S列。,https://klip-humaco.sist.shanghaitech.edu.cn/2026/0914/c14914a1126983/page.htm,2026-10-09,用户回传原件；90_历史归档/03_核验来源与处理记录/20261009_手动操作清单,保留,已截止
N002,材料及提交方式,电子申请书及汇总表2026-06-30 24:00前至gcyjzx2025@163.com；签章纸质材料7月10日前报送湖北武汉洪山区光谷大道42号武汉软件工程职业学院光谷校区北院。正文未载纸质份数，附件模板未收到。,https://gcyjzx.whvcse.edu.cn/info/1041/3921.htm,2026-10-09,用户回传原件；90_历史归档/03_核验来源与处理记录/20261009_手动操作清单,保留,已截止
N002,缺失条款及联系事项,完整公告正文已收到，收件地址及联系人已补齐；仍需附件1申请书/附件2汇总表、纸质份数及学校纵向经费办法/合同的开支、外拨和管理费细则。,https://gcyjzx.whvcse.edu.cn/info/1041/3921.htm,2026-10-09,用户回传原件；90_历史归档/03_核验来源与处理记录/20261009_手动操作清单,保留,已截止
N002,联系入口,万民标18717124817；gcyjzx2025@163.com,https://gcyjzx.whvcse.edu.cn/info/1041/3921.htm,2026-10-09,用户回传原件；90_历史归档/03_核验来源与处理记录/20261009_手动操作清单,保留,已截止
N002,核查基准（北京时间）,2026-10-09（用户回传原件核验）,https://gcyjzx.whvcse.edu.cn/info/1041/3921.htm,2026-10-09,用户回传原件；90_历史归档/03_核验来源与处理记录/20261009_手动操作清单,保留,已截止
N002,经费与成果条款摘要,经费、成果及知识产权分别见M/O/P列；已收到原件，具体剩余缺口见S列。,https://gcyjzx.whvcse.edu.cn/info/1041/3921.htm,2026-10-09,用户回传原件；90_历史归档/03_核验来源与处理记录/20261009_手动操作清单,保留,已截止
R010,缺失条款及联系事项,官方首页搜索快照显示2026-03-25申请基金通知，实际打开首页及开放栏目返回旧内容。第三方有2026指南转载，不能代替官方核验。手动打开最新通知填写截止、资格、经费、周期、成果与提交要求。 本次收到的是2025立项名单，证明既往开放机制；不是2026公告或指南，不能套用其中个别项目金额及方向，2026全部年度条款仍待取得。,https://vrlab.buaa.edu.cn/index.htm,2026-10-09,用户回传原件；90_历史归档/03_核验来源与处理记录/20261009_手动操作清单,保留,线索待核
R010,核查基准（北京时间）,2026-10-09（用户回传原件核验）,https://vrlab.buaa.edu.cn/index.htm,2026-10-09,用户回传原件；90_历史归档/03_核验来源与处理记录/20261009_手动操作清单,保留,线索待核
R010,经费与成果条款摘要,经费、成果及知识产权分别见M/O/P列；已收到原件，具体剩余缺口见S列。,https://vrlab.buaa.edu.cn/index.htm,2026-10-09,用户回传原件；90_历史归档/03_核验来源与处理记录/20261009_手动操作清单,保留,线索待核
M194,实际任务筛选,2026指南仅列微结构光声量子调控、量子材料微结构芯片、太阳能材料及软物质微结构功能/统计物理，未列具体机器人任务。,https://vlssm.nju.edu.cn/_upload/article/files/ad/eb/26886d8041ee87048ddc8cc9247c/4794bafe-0a84-4545-acf6-97314ea70768.pdf,2026-10-09,回传HTML所嵌官方2026指南PDF,剔除,剔除
N017,正式公告/指南,官方正式公告（已读取）；申请表解析失败,https://oe.sjtu.edu.cn/msg.php?id=1333,2026-10-09,官方正式公告（已读取）；申请表解析失败,保留（历史）,已截止
N017,实际任务筛选,方向3：海洋智能无人装备总体及系统；海洋环境感知与目标识别；无人系统自主推理、决策与控制。,https://oe.sjtu.edu.cn/msg.php?id=1333,2026-10-09,官方正式公告（已读取）；申请表解析失败,保留（历史）,已截止
N017,截止日期,2026-09-30,https://oe.sjtu.edu.cn/msg.php?id=1333,2026-10-09,官方正式公告（已读取）；申请表解析失败,保留（历史）,已截止
N017,资助金额,重点15—20万元/项；自由探索5—10万元/项。,https://oe.sjtu.edu.cn/msg.php?id=1333,2026-10-09,官方正式公告（已读取）；申请表解析失败,保留（历史）,已截止
N017,申请资格,国内外高校、科研院所、企事业等科技工作者；有研究基础及学术道德；同年申请≤1项、在研≤1项；学历职称门槛正文未载。,https://oe.sjtu.edu.cn/msg.php?id=1333,2026-10-09,官方正式公告（已读取）；申请表解析失败,保留（历史）,已截止
N017,合作及访问,必须与本室固定研究人员联合申请；访问时长未载。,https://oe.sjtu.edu.cn/msg.php?id=1333,2026-10-09,官方正式公告（已读取）；申请表解析失败,保留（历史）,已截止
N017,经费及外拨,正文未载经费开支、外拨或报销办法。,https://oe.sjtu.edu.cn/msg.php?id=1333,2026-10-09,官方正式公告（已读取）；申请表解析失败,保留（历史）,已截止
N017,研究周期,重点2年；自由探索1年。,https://oe.sjtu.edu.cn/msg.php?id=1333,2026-10-09,官方正式公告（已读取）；申请表解析失败,保留（历史）,已截止
N017,成果要求,正文未载验收成果指标及署名；提交2篇代表成果是申请材料，不能当结题指标。,https://oe.sjtu.edu.cn/msg.php?id=1333,2026-10-09,官方正式公告（已读取）；申请表解析失败,保留（历史）,已截止
N017,知识产权,正文未载知识产权。,https://oe.sjtu.edu.cn/msg.php?id=1333,2026-10-09,官方正式公告（已读取）；申请表解析失败,保留（历史）,已截止
N017,提交方式,2026-09-30前交签章双面纸质2份、电子申请、约2页PPT、申请人信息表及2篇代表成果全文。邮寄上海东川路800号木兰船建大楼B823，200240；电子luyao0130@sjtu.edu.cn。,https://oe.sjtu.edu.cn/msg.php?id=1333,2026-10-09,官方正式公告（已读取）；申请表解析失败,保留（历史）,已截止
N017,具体缺口,申请书DOC返回乱码，需原文件；仍缺管理办法/合同的经费、成果、知识产权及访问条款。,https://oe.sjtu.edu.cn/msg.php?id=1333,2026-10-09,官方正式公告（已读取）；申请表解析失败,保留（历史）,已截止
N018,正式公告/指南,官方正式公告（已读取）,https://www.neau.edu.cn/info/1039/24043.htm,2026-10-09,官方正式公告（已读取）,保留（历史）,已截止
N018,实际任务筛选,方向5：智慧农机智能装备研发；其余农业生物方向不作为机器人任务。,https://www.neau.edu.cn/info/1039/24043.htm,2026-10-09,官方正式公告（已读取）,保留（历史）,已截止
N018,截止日期,2024-07-30,https://www.neau.edu.cn/info/1039/24043.htm,2026-10-09,官方正式公告（已读取）,保留（历史）,已截止
N018,资助金额,3万元/项；计划10项。,https://www.neau.edu.cn/info/1039/24043.htm,2026-10-09,官方正式公告（已读取）,保留（历史）,已截止
N018,申请资格,国内外高校教师、科技人员；中级或相当研究能力，或博士；年龄≤45周岁。,https://www.neau.edu.cn/info/1039/24043.htm,2026-10-09,官方正式公告（已读取）,保留（历史）,已截止
N018,合作及访问,正文未列固定合作者与访问次数门槛。,https://www.neau.edu.cn/info/1039/24043.htm,2026-10-09,官方正式公告（已读取）,保留（历史）,已截止
N018,经费及外拨,校外课题经费须在实验室内使用；材料、测试加工、外协、差旅会议、出版/知识产权等；不得购置仪器设备。每年12月15日前完成当年经费使用；不等同外拨个人或单位。,https://www.neau.edu.cn/info/1039/24043.htm,2026-10-09,官方正式公告（已读取）,保留（历史）,已截止
N018,研究周期,2024-08-30—2025-12-31。,https://www.neau.edu.cn/info/1039/24043.htm,2026-10-09,官方正式公告（已读取）,保留（历史）,已截止
N018,成果要求,负责人第一作者发表至少1篇SCI中科院二区及以上或东北农业大学一级核心期刊；第一作者单位须加实验室，可同时署原单位；标基金。年度汇报，结题交原始档案及成果。,https://www.neau.edu.cn/info/1039/24043.htm,2026-10-09,官方正式公告（已读取）,保留（历史）,已截止
N018,知识产权,实验室与课题研究人员共享；未直接写申请人所在单位共享。,https://www.neau.edu.cn/info/1039/24043.htm,2026-10-09,官方正式公告（已读取）,保留（历史）,已截止
N018,提交方式,2024-07-30前全成员签字、单位审核盖章纸质3份及电子版sftslab@neau.edu.cn；立项后8月30日前交签章任务书。哈尔滨长江路600号农学院525，150030。,https://www.neau.edu.cn/info/1039/24043.htm,2026-10-09,官方正式公告（已读取）,保留（历史）,已截止
N018,具体缺口,已核2024机制；2026/2027正式年度指南未取得，不套用2024金额和资格为当期要求。,https://www.neau.edu.cn/info/1039/24043.htm,2026-10-09,官方正式公告（已读取）,保留（历史）,已截止
N019,正式公告/指南,官方启动新闻；不是正式年度指南,https://www.ncsti.gov.cn/kjdt/xwjj/202606/t20260608_249135.html,2026-10-09,官方启动新闻；不是正式年度指南,待核,线索待核
N019,实际任务筛选,设备协同控制、实验智能规划；平台机器人抓取涉及力觉、视觉及自主学习。具体年度指南待取得。,https://www.ncsti.gov.cn/kjdt/xwjj/202606/t20260608_249135.html,2026-10-09,官方启动新闻；不是正式年度指南,待核,线索待核
N019,截止日期,资料未取得,https://www.ncsti.gov.cn/kjdt/xwjj/202606/t20260608_249135.html,2026-10-09,官方启动新闻；不是正式年度指南,待核,线索待核
N019,资助金额,资料未取得,https://www.ncsti.gov.cn/kjdt/xwjj/202606/t20260608_249135.html,2026-10-09,官方启动新闻；不是正式年度指南,待核,线索待核
N019,申请资格,启动新闻：博士或副高；正式指南适用门槛待核。,https://www.ncsti.gov.cn/kjdt/xwjj/202606/t20260608_249135.html,2026-10-09,官方启动新闻；不是正式年度指南,待核,线索待核
N019,合作及访问,新闻要求与实验室固定研究人员组队；到访要求未载。,https://www.ncsti.gov.cn/kjdt/xwjj/202606/t20260608_249135.html,2026-10-09,官方启动新闻；不是正式年度指南,待核,线索待核
N019,经费及外拨,资料未取得,https://www.ncsti.gov.cn/kjdt/xwjj/202606/t20260608_249135.html,2026-10-09,官方启动新闻；不是正式年度指南,待核,线索待核
N019,研究周期,资料未取得,https://www.ncsti.gov.cn/kjdt/xwjj/202606/t20260608_249135.html,2026-10-09,官方启动新闻；不是正式年度指南,待核,线索待核
N019,成果要求,新闻列论文、发明、样机等形式，数量及署名待指南。,https://www.ncsti.gov.cn/kjdt/xwjj/202606/t20260608_249135.html,2026-10-09,官方启动新闻；不是正式年度指南,待核,线索待核
N019,知识产权,资料未取得,https://www.ncsti.gov.cn/kjdt/xwjj/202606/t20260608_249135.html,2026-10-09,官方启动新闻；不是正式年度指南,待核,线索待核
N019,提交方式,资料未取得,https://www.ncsti.gov.cn/kjdt/xwjj/202606/t20260608_249135.html,2026-10-09,官方启动新闻；不是正式年度指南,待核,线索待核
N019,具体缺口,启动新闻称详细指南将近期发布；尚未取得正式公告、截止、金额、周期、经费、成果及IP条款。不能认定当前受理。,https://www.ncsti.gov.cn/kjdt/xwjj/202606/t20260608_249135.html,2026-10-09,官方启动新闻；不是正式年度指南,待核,线索待核
N020,正式公告/指南,正式公告正文已读取；指南及管理附件受阻,https://znss.hbpu.edu.cn/info/1018/1423.htm,2026-10-09,正式公告正文已读取；指南及管理附件受阻,待核,方向待核·已截止
N020,实际任务筛选,具体研究任务在附件1，资料未取得；不能依据‘智能输送’名称认定机器人相关。,https://znss.hbpu.edu.cn/info/1018/1423.htm,2026-10-09,正式公告正文已读取；指南及管理附件受阻,待核,方向待核·已截止
N020,截止日期,2026-06-15,https://znss.hbpu.edu.cn/info/1018/1423.htm,2026-10-09,正式公告正文已读取；指南及管理附件受阻,待核,方向待核·已截止
N020,资助金额,资料未取得,https://znss.hbpu.edu.cn/info/1018/1423.htm,2026-10-09,正式公告正文已读取；指南及管理附件受阻,待核,方向待核·已截止
N020,申请资格,资料未取得,https://znss.hbpu.edu.cn/info/1018/1423.htm,2026-10-09,正式公告正文已读取；指南及管理附件受阻,待核,方向待核·已截止
N020,合作及访问,资料未取得,https://znss.hbpu.edu.cn/info/1018/1423.htm,2026-10-09,正式公告正文已读取；指南及管理附件受阻,待核,方向待核·已截止
N020,经费及外拨,资料未取得,https://znss.hbpu.edu.cn/info/1018/1423.htm,2026-10-09,正式公告正文已读取；指南及管理附件受阻,待核,方向待核·已截止
N020,研究周期,2026-07-01—2027-12-31。,https://znss.hbpu.edu.cn/info/1018/1423.htm,2026-10-09,正式公告正文已读取；指南及管理附件受阻,待核,方向待核·已截止
N020,成果要求,资料未取得,https://znss.hbpu.edu.cn/info/1018/1423.htm,2026-10-09,正式公告正文已读取；指南及管理附件受阻,待核,方向待核·已截止
N020,知识产权,资料未取得,https://znss.hbpu.edu.cn/info/1018/1423.htm,2026-10-09,正式公告正文已读取；指南及管理附件受阻,待核,方向待核·已截止
N020,提交方式,2026-06-15前纸质2份及申请/摘要电子版，单位签章；地址黄石桂林北路16号K1-208，435003。,https://znss.hbpu.edu.cn/info/1018/1423.htm,2026-10-09,正式公告正文已读取；指南及管理附件受阻,待核,方向待核·已截止
N020,具体缺口,附件1指南验证码，附件4管理规定受限；需具体研究任务、金额、资格、合作、经费及外拨、成果、IP；已核周期与截止。,https://znss.hbpu.edu.cn/info/1018/1423.htm,2026-10-09,正式公告正文已读取；指南及管理附件受阻,待核,方向待核·已截止
N021,正式公告/指南,官方搜索定位2026公告；打开失败,https://robot.wit.edu.cn/info/1017/1552.htm,2026-10-09,官方搜索定位2026公告；打开失败,待核,线索待核
N021,实际任务筛选,年度具体机器人研究任务尚未取得，不能用2025指南替代。,https://robot.wit.edu.cn/info/1017/1552.htm,2026-10-09,官方搜索定位2026公告；打开失败,待核,线索待核
N021,截止日期,资料未取得,https://robot.wit.edu.cn/info/1017/1552.htm,2026-10-09,官方搜索定位2026公告；打开失败,待核,线索待核
N021,资助金额,资料未取得,https://robot.wit.edu.cn/info/1017/1552.htm,2026-10-09,官方搜索定位2026公告；打开失败,待核,线索待核
N021,申请资格,资料未取得,https://robot.wit.edu.cn/info/1017/1552.htm,2026-10-09,官方搜索定位2026公告；打开失败,待核,线索待核
N021,合作及访问,资料未取得,https://robot.wit.edu.cn/info/1017/1552.htm,2026-10-09,官方搜索定位2026公告；打开失败,待核,线索待核
N021,经费及外拨,资料未取得,https://robot.wit.edu.cn/info/1017/1552.htm,2026-10-09,官方搜索定位2026公告；打开失败,待核,线索待核
N021,研究周期,资料未取得,https://robot.wit.edu.cn/info/1017/1552.htm,2026-10-09,官方搜索定位2026公告；打开失败,待核,线索待核
N021,成果要求,资料未取得,https://robot.wit.edu.cn/info/1017/1552.htm,2026-10-09,官方搜索定位2026公告；打开失败,待核,线索待核
N021,知识产权,资料未取得,https://robot.wit.edu.cn/info/1017/1552.htm,2026-10-09,官方搜索定位2026公告；打开失败,待核,线索待核
N021,提交方式,资料未取得,https://robot.wit.edu.cn/info/1017/1552.htm,2026-10-09,官方搜索定位2026公告；打开失败,待核,线索待核
N021,具体缺口,2026正文打开失败；需完整正文及全部指南/管理/申请附件，逐项填截止、资格、金额、经费、周期、成果、IP和提交方式。,https://robot.wit.edu.cn/info/1017/1552.htm,2026-10-09,官方搜索定位2026公告；打开失败,待核,线索待核
N022,正式公告/指南,官方搜索定位2026指南；502失败,https://www.gxust.edu.cn/dzxy/info/1103/3308.htm,2026-10-09,官方搜索定位2026指南；502失败,待核,线索待核
N022,实际任务筛选,需核实年度指南是否包含自主驾驶感知、决策、规划或控制；不能仅凭汽车信息融合名称保留。,https://www.gxust.edu.cn/dzxy/info/1103/3308.htm,2026-10-09,官方搜索定位2026指南；502失败,待核,线索待核
N022,截止日期,资料未取得,https://www.gxust.edu.cn/dzxy/info/1103/3308.htm,2026-10-09,官方搜索定位2026指南；502失败,待核,线索待核
N022,资助金额,资料未取得,https://www.gxust.edu.cn/dzxy/info/1103/3308.htm,2026-10-09,官方搜索定位2026指南；502失败,待核,线索待核
N022,申请资格,资料未取得,https://www.gxust.edu.cn/dzxy/info/1103/3308.htm,2026-10-09,官方搜索定位2026指南；502失败,待核,线索待核
N022,合作及访问,资料未取得,https://www.gxust.edu.cn/dzxy/info/1103/3308.htm,2026-10-09,官方搜索定位2026指南；502失败,待核,线索待核
N022,经费及外拨,资料未取得,https://www.gxust.edu.cn/dzxy/info/1103/3308.htm,2026-10-09,官方搜索定位2026指南；502失败,待核,线索待核
N022,研究周期,资料未取得,https://www.gxust.edu.cn/dzxy/info/1103/3308.htm,2026-10-09,官方搜索定位2026指南；502失败,待核,线索待核
N022,成果要求,资料未取得,https://www.gxust.edu.cn/dzxy/info/1103/3308.htm,2026-10-09,官方搜索定位2026指南；502失败,待核,线索待核
N022,知识产权,资料未取得,https://www.gxust.edu.cn/dzxy/info/1103/3308.htm,2026-10-09,官方搜索定位2026指南；502失败,待核,线索待核
N022,提交方式,资料未取得,https://www.gxust.edu.cn/dzxy/info/1103/3308.htm,2026-10-09,官方搜索定位2026指南；502失败,待核,线索待核
N022,具体缺口,正文502失败，需2026完整指南和附件，先筛具体任务再核金额、资格、合作、经费、周期、成果、IP及提交。,https://www.gxust.edu.cn/dzxy/info/1103/3308.htm,2026-10-09,官方搜索定位2026指南；502失败,待核,线索待核
N023,正式公告/指南,官方搜索定位2026通知；502失败,https://asir.ac.cn/xwdt/202606/t20260610_841383.html,2026-10-09,官方搜索定位2026通知；502失败,待核,线索待核
N023,实际任务筛选,年度任务资料未取得；只核无人系统/相关智能装备任务，不将一般遥感和空天信息自动纳入。,https://asir.ac.cn/xwdt/202606/t20260610_841383.html,2026-10-09,官方搜索定位2026通知；502失败,待核,线索待核
N023,截止日期,资料未取得,https://asir.ac.cn/xwdt/202606/t20260610_841383.html,2026-10-09,官方搜索定位2026通知；502失败,待核,线索待核
N023,资助金额,资料未取得,https://asir.ac.cn/xwdt/202606/t20260610_841383.html,2026-10-09,官方搜索定位2026通知；502失败,待核,线索待核
N023,申请资格,资料未取得,https://asir.ac.cn/xwdt/202606/t20260610_841383.html,2026-10-09,官方搜索定位2026通知；502失败,待核,线索待核
N023,合作及访问,资料未取得,https://asir.ac.cn/xwdt/202606/t20260610_841383.html,2026-10-09,官方搜索定位2026通知；502失败,待核,线索待核
N023,经费及外拨,资料未取得,https://asir.ac.cn/xwdt/202606/t20260610_841383.html,2026-10-09,官方搜索定位2026通知；502失败,待核,线索待核
N023,研究周期,资料未取得,https://asir.ac.cn/xwdt/202606/t20260610_841383.html,2026-10-09,官方搜索定位2026通知；502失败,待核,线索待核
N023,成果要求,资料未取得,https://asir.ac.cn/xwdt/202606/t20260610_841383.html,2026-10-09,官方搜索定位2026通知；502失败,待核,线索待核
N023,知识产权,资料未取得,https://asir.ac.cn/xwdt/202606/t20260610_841383.html,2026-10-09,官方搜索定位2026通知；502失败,待核,线索待核
N023,提交方式,资料未取得,https://asir.ac.cn/xwdt/202606/t20260610_841383.html,2026-10-09,官方搜索定位2026通知；502失败,待核,线索待核
N023,具体缺口,公告502失败；需完整正文、指南及管理附件；先判定具体任务，相关者再填资格、金额、截止及经费、成果等。,https://asir.ac.cn/xwdt/202606/t20260610_841383.html,2026-10-09,官方搜索定位2026通知；502失败,待核,线索待核
N024,正式公告/指南,实验室官网列2026-02-12申请通知；微信公众号正文受阻,https://nkluav.nwpu.edu.cn/tzgg.htm,2026-10-09,实验室官网列2026-02-12申请通知；微信公众号正文受阻,待核,线索待核
N024,实际任务筛选,无人机用微型舵机方向；技术指标及外部负责人资格须原通知核实。,https://nkluav.nwpu.edu.cn/tzgg.htm,2026-10-09,实验室官网列2026-02-12申请通知；微信公众号正文受阻,待核,线索待核
N024,截止日期,资料未取得,https://nkluav.nwpu.edu.cn/tzgg.htm,2026-10-09,实验室官网列2026-02-12申请通知；微信公众号正文受阻,待核,线索待核
N024,资助金额,资料未取得,https://nkluav.nwpu.edu.cn/tzgg.htm,2026-10-09,实验室官网列2026-02-12申请通知；微信公众号正文受阻,待核,线索待核
N024,申请资格,资料未取得,https://nkluav.nwpu.edu.cn/tzgg.htm,2026-10-09,实验室官网列2026-02-12申请通知；微信公众号正文受阻,待核,线索待核
N024,合作及访问,资料未取得,https://nkluav.nwpu.edu.cn/tzgg.htm,2026-10-09,实验室官网列2026-02-12申请通知；微信公众号正文受阻,待核,线索待核
N024,经费及外拨,资料未取得,https://nkluav.nwpu.edu.cn/tzgg.htm,2026-10-09,实验室官网列2026-02-12申请通知；微信公众号正文受阻,待核,线索待核
N024,研究周期,资料未取得,https://nkluav.nwpu.edu.cn/tzgg.htm,2026-10-09,实验室官网列2026-02-12申请通知；微信公众号正文受阻,待核,线索待核
N024,成果要求,资料未取得,https://nkluav.nwpu.edu.cn/tzgg.htm,2026-10-09,实验室官网列2026-02-12申请通知；微信公众号正文受阻,待核,线索待核
N024,知识产权,资料未取得,https://nkluav.nwpu.edu.cn/tzgg.htm,2026-10-09,实验室官网列2026-02-12申请通知；微信公众号正文受阻,待核,线索待核
N024,提交方式,资料未取得,https://nkluav.nwpu.edu.cn/tzgg.htm,2026-10-09,实验室官网列2026-02-12申请通知；微信公众号正文受阻,待核,线索待核
N024,具体缺口,官网下载公告跳转微信后无法打开；需完整原通知及附件。稳定支持基金‘指南征集’不等于正式课题受理，未混入本条。,https://nkluav.nwpu.edu.cn/tzgg.htm,2026-10-09,实验室官网列2026-02-12申请通知；微信公众号正文受阻,待核,线索待核
N025,正式公告/指南,官方正式年度公告（已读取）,https://imet.hust.edu.cn/info/1031/2733.htm,2026-10-09,官方正式年度公告（已读取）,保留（历史）,已截止
N025,实际任务筛选,机器人曲面加工及多模态感知；多机器人协同加工与运动振动控制；人形机器人动力学、自然交互、感知、灵巧抓取和控制；多机协同管控。,https://imet.hust.edu.cn/info/1031/2733.htm,2026-10-09,官方正式年度公告（已读取）,保留（历史）,已截止
N025,截止日期,2025-12-15,https://imet.hust.edu.cn/info/1031/2733.htm,2026-10-09,官方正式年度公告（已读取）,保留（历史）,已截止
N025,资助金额,正文未公开具体资助金额。,https://imet.hust.edu.cn/info/1031/2733.htm,2026-10-09,官方正式年度公告（已读取）,保留（历史）,已截止
N025,申请资格,在职；副高及以上或博士；不具备者需2名副高书面推荐；同条件优先校外。,https://imet.hust.edu.cn/info/1031/2733.htm,2026-10-09,官方正式年度公告（已读取）,保留（历史）,已截止
N025,合作及访问,正文未载强制固定合作者或访问天数。,https://imet.hust.edu.cn/info/1031/2733.htm,2026-10-09,官方正式年度公告（已读取）,保留（历史）,已截止
N025,经费及外拨,正文未公开开支、外拨或报销方式。,https://imet.hust.edu.cn/info/1031/2733.htm,2026-10-09,官方正式年度公告（已读取）,保留（历史）,已截止
N025,研究周期,一般2年。,https://imet.hust.edu.cn/info/1031/2733.htm,2026-10-09,官方正式年度公告（已读取）,保留（历史）,已截止
N025,成果要求,正文未载验收数量、署名和技术指标。,https://imet.hust.edu.cn/info/1031/2733.htm,2026-10-09,官方正式年度公告（已读取）,保留（历史）,已截止
N025,知识产权,正文未载知识产权。,https://imet.hust.edu.cn/info/1031/2733.htm,2026-10-09,官方正式年度公告（已读取）,保留（历史）,已截止
N025,提交方式,2025-12-15前按模板申请，单位签意见；电子imet@hust.edu.cn（dmet@hust.edu.cn）。纸质份数正文未载。,https://imet.hust.edu.cn/info/1031/2733.htm,2026-10-09,官方正式年度公告（已读取）,保留（历史）,已截止
N025,具体缺口,2026年度正式公告已核；申请表/合同及管理办法未取得，仍缺金额、经费、验收指标、IP；与M029的2027年度分开，不能互相套用。,https://imet.hust.edu.cn/info/1031/2733.htm,2026-10-09,官方正式年度公告（已读取）,保留（历史）,已截止
N026,正式公告/指南,官方正式年度指南已读取,https://st.gzu.edu.cn/2026/0518/c17883a273474/page.htm,2026-10-09,官方正式年度指南已读取,保留（历史）,已截止
N026,实际任务筛选,方向3：稻油轮作全程机械化、粮油智慧农作、山地小型农机创制与应用；不将育种及基因方向纳入机器人任务。,https://st.gzu.edu.cn/2026/0518/c17883a273474/page.htm,2026-10-09,官方正式年度指南已读取,保留（历史）,已截止
N026,截止日期,2026-06-20,https://st.gzu.edu.cn/2026/0518/c17883a273474/page.htm,2026-10-09,官方正式年度指南已读取,保留（历史）,已截止
N026,资助金额,一般项目≤5万元/项；计划12项。,https://st.gzu.edu.cn/2026/0518/c17883a273474/page.htm,2026-10-09,官方正式年度指南已读取,保留（历史）,已截止
N026,申请资格,非本校在编在岗；硕士以上且中级以上；须有粮油栽培/育种或农机研究经历；具体本人经历待确认，不推断不符合。,https://st.gzu.edu.cn/2026/0518/c17883a273474/page.htm,2026-10-09,官方正式年度指南已读取,保留（历史）,已截止
N026,合作及访问,成果必须包含贵州大学固定人员；论文需该人员作为通讯作者之一。访问要求正文未载。,https://st.gzu.edu.cn/2026/0518/c17883a273474/page.htm,2026-10-09,官方正式年度指南已读取,保留（历史）,已截止
N026,经费及外拨,在贵州大学实验室内使用，明确不外拨；具体科目依经费管理办法，该办法未取得。,https://st.gzu.edu.cn/2026/0518/c17883a273474/page.htm,2026-10-09,官方正式年度指南已读取,保留（历史）,已截止
N026,研究周期,2026-07-01—2028-06-30（2年）。,https://st.gzu.edu.cn/2026/0518/c17883a273474/page.htm,2026-10-09,官方正式年度指南已读取,保留（历史）,已截止
N026,成果要求,除结题要求另满足一种：行业采纳的新产品/技术突破+第一发明人受理专利；或产业化/省部级鉴定+第一发明人受理专利；或负责人第一/通讯作者发表SCI中科院2025二区及以上1篇。论文实验室第一或第二单位、贵州大学固定人员为通讯之一；IP至少贵州大学第二单位且含固定人员。基金第一标注；成果报告归档。,https://st.gzu.edu.cn/2026/0518/c17883a273474/page.htm,2026-10-09,官方正式年度指南已读取,保留（历史）,已截止
N026,知识产权,实验室与研究者所在单位共享。,https://st.gzu.edu.cn/2026/0518/c17883a273474/page.htm,2026-10-09,官方正式年度指南已读取,保留（历史）,已截止
N026,提交方式,2026-06-20前电子申报书和合同（合同可后补）至songxy@gzu.edu.cn，同寄纸质。合同A3双面骑缝装订签章4份，6月30日前送达；贵阳花溪贵州大学西校区崇厚楼1036，550025。,https://st.gzu.edu.cn/2026/0518/c17883a273474/page.htm,2026-10-09,官方正式年度指南已读取,保留（历史）,已截止
N026,具体缺口,需经费管理办法的科目/报销和合同对额外结题指标的约定；农机经历及固定人员合作待个人确认。2027新年度指南未取得。,https://st.gzu.edu.cn/2026/0518/c17883a273474/page.htm,2026-10-09,官方正式年度指南已读取,保留（历史）,已截止
N027,正式公告/指南,官方正式年度指南已读取,https://kyy.nuaa.edu.cn/2026/0604/c5817a400921/page.htm,2026-10-09,官方正式年度指南已读取,保留（历史）,已截止
N027,实际任务筛选,方向1.3实时三维重建与场景感知；2.1星座任务规划；2.2卫星自主协同控制与健康管理。应用为商业航天，不虚构医疗/地面机器人任务。,https://kyy.nuaa.edu.cn/2026/0604/c5817a400921/page.htm,2026-10-09,官方正式年度指南已读取,保留（历史）,已截止
N027,截止日期,2026-06-30,https://kyy.nuaa.edu.cn/2026/0604/c5817a400921/page.htm,2026-10-09,官方正式年度指南已读取,保留（历史）,已截止
N027,资助金额,重点20万元/项（5项）；一般10万元/项（10项）。,https://kyy.nuaa.edu.cn/2026/0604/c5817a400921/page.htm,2026-10-09,官方正式年度指南已读取,保留（历史）,已截止
N027,申请资格,国内科研机构、高校、企事业相关人员；研究基础及条件；同人申请含在研限1项；学历职称未载。,https://kyy.nuaa.edu.cn/2026/0604/c5817a400921/page.htm,2026-10-09,官方正式年度指南已读取,保留（历史）,已截止
N027,合作及访问,必须联合实验室人员研究；获资助自动聘为客座；访问时长未载。,https://kyy.nuaa.edu.cn/2026/0604/c5817a400921/page.htm,2026-10-09,官方正式年度指南已读取,保留（历史）,已截止
N027,经费及外拨,明确拨至负责人所在单位：签合同30%、中期30%、结题40%；研究直接费用、专款专用，原则不列通用软件及设备费。,https://kyy.nuaa.edu.cn/2026/0604/c5817a400921/page.htm,2026-10-09,官方正式年度指南已读取,保留（历史）,已截止
N027,研究周期,2年。,https://kyy.nuaa.edu.cn/2026/0604/c5817a400921/page.htm,2026-10-09,官方正式年度指南已读取,保留（历史）,已截止
N027,成果要求,重点SCI二区及以上1篇+授权发明1项；一般核心论文1篇+授权发明1项；实验室第一单位，实验室人员第一/通讯作者；成果与实验室人员共同完成；基金首页题注第一标注；数据/软件/测试报告等留档。,https://kyy.nuaa.edu.cn/2026/0604/c5817a400921/page.htm,2026-10-09,官方正式年度指南已读取,保留（历史）,已截止
N027,知识产权,研究者与实验室共有；原文未直接写负责人所在单位共有。,https://kyy.nuaa.edu.cn/2026/0604/c5817a400921/page.htm,2026-10-09,官方正式年度指南已读取,保留（历史）,已截止
N027,提交方式,2026-06-30前申请书签章3份寄南京江宁南航航天学院A425，电子命名单位-姓名-课题名称至wangbo_nuaa@nuaa.edu.cn；立项公示后签任务合同。,https://kyy.nuaa.edu.cn/2026/0604/c5817a400921/page.htm,2026-10-09,官方正式年度指南已读取,保留（历史）,已截止
N027,具体缺口,年度已截止；申报模板未取得，合同细化验收/拨款和允许科目待核。SCI‘二区’及核心期刊口径正文未定义，不自行指定分区体系。,https://kyy.nuaa.edu.cn/2026/0604/c5817a400921/page.htm,2026-10-09,官方正式年度指南已读取,保留（历史）,已截止
M015,截止时点,将既有提交要求中的18:00（北京时间）同步至详情H列；没有重新推定截止时点。,https://www.ee.buaa.edu.cn/info/1061/20843.htm,2026-10-09,既有已核正文复用,保留,受理中·条件待核
N029,正式公告/指南,正式年度通知已读；具体指南验证码阻塞,https://computer.cdu.edu.cn/info/1023/12282.htm,2026-10-09,正式官方正文/附件返回；未载字段不推测,保留,已截止·任务待核
N029,截止日期,2026-08-31,https://computer.cdu.edu.cn/info/1023/12282.htm,2026-10-09,正式官方正文/附件返回；未载字段不推测,保留,已截止·任务待核
N029,截止时点,17:00（北京时间）,https://computer.cdu.edu.cn/info/1023/12282.htm,2026-10-09,正式官方正文/附件返回；未载字段不推测,保留,已截止·任务待核
N029,实际任务筛选,年度具体任务在申报指南，尚未取得；不凭模式识别平台名确定机器人相关性。,https://computer.cdu.edu.cn/info/1023/12282.htm,2026-10-09,正式官方正文/附件返回；未载字段不推测,保留,已截止·任务待核
N029,资助金额,未取得/公开正文未载,https://computer.cdu.edu.cn/info/1023/12282.htm,2026-10-09,正式官方正文/附件返回；未载字段不推测,保留,已截止·任务待核
N029,申请资格,未取得/公开正文未载,https://computer.cdu.edu.cn/info/1023/12282.htm,2026-10-09,正式官方正文/附件返回；未载字段不推测,保留,已截止·任务待核
N029,合作及访问,未取得/公开正文未载,https://computer.cdu.edu.cn/info/1023/12282.htm,2026-10-09,正式官方正文/附件返回；未载字段不推测,保留,已截止·任务待核
N029,经费使用及外拨,未取得/公开正文未载,https://computer.cdu.edu.cn/info/1023/12282.htm,2026-10-09,正式官方正文/附件返回；未载字段不推测,保留,已截止·任务待核
N029,研究周期,未取得/公开正文未载,https://computer.cdu.edu.cn/info/1023/12282.htm,2026-10-09,正式官方正文/附件返回；未载字段不推测,保留,已截止·任务待核
N029,成果数量及署名,未取得/公开正文未载,https://computer.cdu.edu.cn/info/1023/12282.htm,2026-10-09,正式官方正文/附件返回；未载字段不推测,保留,已截止·任务待核
N029,知识产权,未取得/公开正文未载,https://computer.cdu.edu.cn/info/1023/12282.htm,2026-10-09,正式官方正文/附件返回；未载字段不推测,保留,已截止·任务待核
N029,材料及提交方式,先电子申请ligen@cdu.edu.cn审核，通过后纸质3份送第十教学楼10107；截止前送达。,https://computer.cdu.edu.cn/info/1023/12282.htm,2026-10-09,正式官方正文/附件返回；未载字段不推测,保留,已截止·任务待核
N029,本人条件,未取得/公开正文未载,https://computer.cdu.edu.cn/info/1023/12282.htm,2026-10-09,正式官方正文/附件返回；未载字段不推测,保留,已截止·任务待核
N029,具体缺口,需下载2026修订版指南，核实际任务、校外资格、金额、合作、周期、经费及外拨、成果和IP。正文截止已过，不列首页。,https://computer.cdu.edu.cn/info/1023/12282.htm,2026-10-09,正式官方正文/附件返回；未载字段不推测,保留,已截止·任务待核
N029,附件入口,https://computer.cdu.edu.cn/system/_content/download.jsp?owner=1663618310&urltype=news.DownloadAttachUrl&wbfileid=18211634,https://computer.cdu.edu.cn/info/1023/12282.htm,2026-10-09,正式官方正文/附件返回；未载字段不推测,保留,已截止·任务待核
N029,联系方式,李老师；18853318883；ligen@cdu.edu.cn,https://computer.cdu.edu.cn/info/1023/12282.htm,2026-10-09,正式官方正文/附件返回；未载字段不推测,保留,已截止·任务待核
N030,正式公告/指南,官方2025通知搜索定位；首次打开超时,https://ele.cdu.edu.cn/info/1061/10210.htm,2026-10-09,正式官方正文/附件返回；未载字段不推测,保留,线索待核
N030,截止日期,未取得/公开正文未载,https://ele.cdu.edu.cn/info/1061/10210.htm,2026-10-09,正式官方正文/附件返回；未载字段不推测,保留,线索待核
N030,截止时点,未取得/公开正文未载,https://ele.cdu.edu.cn/info/1061/10210.htm,2026-10-09,正式官方正文/附件返回；未载字段不推测,保留,线索待核
N030,实际任务筛选,年度具体任务尚未取得；智能康复平台仅作相关候选。,https://ele.cdu.edu.cn/info/1061/10210.htm,2026-10-09,正式官方正文/附件返回；未载字段不推测,保留,线索待核
N030,资助金额,未取得/公开正文未载,https://ele.cdu.edu.cn/info/1061/10210.htm,2026-10-09,正式官方正文/附件返回；未载字段不推测,保留,线索待核
N030,申请资格,未取得/公开正文未载,https://ele.cdu.edu.cn/info/1061/10210.htm,2026-10-09,正式官方正文/附件返回；未载字段不推测,保留,线索待核
N030,合作及访问,未取得/公开正文未载,https://ele.cdu.edu.cn/info/1061/10210.htm,2026-10-09,正式官方正文/附件返回；未载字段不推测,保留,线索待核
N030,经费使用及外拨,未取得/公开正文未载,https://ele.cdu.edu.cn/info/1061/10210.htm,2026-10-09,正式官方正文/附件返回；未载字段不推测,保留,线索待核
N030,研究周期,未取得/公开正文未载,https://ele.cdu.edu.cn/info/1061/10210.htm,2026-10-09,正式官方正文/附件返回；未载字段不推测,保留,线索待核
N030,成果数量及署名,未取得/公开正文未载,https://ele.cdu.edu.cn/info/1061/10210.htm,2026-10-09,正式官方正文/附件返回；未载字段不推测,保留,线索待核
N030,知识产权,未取得/公开正文未载,https://ele.cdu.edu.cn/info/1061/10210.htm,2026-10-09,正式官方正文/附件返回；未载字段不推测,保留,线索待核
N030,材料及提交方式,未取得/公开正文未载,https://ele.cdu.edu.cn/info/1061/10210.htm,2026-10-09,正式官方正文/附件返回；未载字段不推测,保留,线索待核
N030,本人条件,未取得/公开正文未载,https://ele.cdu.edu.cn/info/1061/10210.htm,2026-10-09,正式官方正文/附件返回；未载字段不推测,保留,线索待核
N030,具体缺口,需完整2025正文及附件；2026/2027新指南未取得。逐项核任务、校外资格、金额、截止、合作及经费、周期、成果、IP、提交。,https://ele.cdu.edu.cn/info/1061/10210.htm,2026-10-09,正式官方正文/附件返回；未载字段不推测,保留,线索待核
N030,附件入口,未取得/公开正文未载,https://ele.cdu.edu.cn/info/1061/10210.htm,2026-10-09,正式官方正文/附件返回；未载字段不推测,保留,线索待核
N030,联系方式,未取得/公开正文未载,https://ele.cdu.edu.cn/info/1061/10210.htm,2026-10-09,正式官方正文/附件返回；未载字段不推测,保留,线索待核
N031,正式公告/指南,官方2026通知搜索定位；首次打开412,https://jybgczx.xhu.edu.cn/aa/a4/c11041a240292/page.htm,2026-10-09,正式官方正文/附件返回；未载字段不推测,保留,线索待核
N031,截止日期,未取得/公开正文未载,https://jybgczx.xhu.edu.cn/aa/a4/c11041a240292/page.htm,2026-10-09,正式官方正文/附件返回；未载字段不推测,保留,线索待核
N031,截止时点,未取得/公开正文未载,https://jybgczx.xhu.edu.cn/aa/a4/c11041a240292/page.htm,2026-10-09,正式官方正文/附件返回；未载字段不推测,保留,线索待核
N031,实际任务筛选,年度具体无人/空地载具任务待取得；不把平台名当年度任务。,https://jybgczx.xhu.edu.cn/aa/a4/c11041a240292/page.htm,2026-10-09,正式官方正文/附件返回；未载字段不推测,保留,线索待核
N031,资助金额,未取得/公开正文未载,https://jybgczx.xhu.edu.cn/aa/a4/c11041a240292/page.htm,2026-10-09,正式官方正文/附件返回；未载字段不推测,保留,线索待核
N031,申请资格,未取得/公开正文未载,https://jybgczx.xhu.edu.cn/aa/a4/c11041a240292/page.htm,2026-10-09,正式官方正文/附件返回；未载字段不推测,保留,线索待核
N031,合作及访问,未取得/公开正文未载,https://jybgczx.xhu.edu.cn/aa/a4/c11041a240292/page.htm,2026-10-09,正式官方正文/附件返回；未载字段不推测,保留,线索待核
N031,经费使用及外拨,未取得/公开正文未载,https://jybgczx.xhu.edu.cn/aa/a4/c11041a240292/page.htm,2026-10-09,正式官方正文/附件返回；未载字段不推测,保留,线索待核
N031,研究周期,未取得/公开正文未载,https://jybgczx.xhu.edu.cn/aa/a4/c11041a240292/page.htm,2026-10-09,正式官方正文/附件返回；未载字段不推测,保留,线索待核
N031,成果数量及署名,未取得/公开正文未载,https://jybgczx.xhu.edu.cn/aa/a4/c11041a240292/page.htm,2026-10-09,正式官方正文/附件返回；未载字段不推测,保留,线索待核
N031,知识产权,未取得/公开正文未载,https://jybgczx.xhu.edu.cn/aa/a4/c11041a240292/page.htm,2026-10-09,正式官方正文/附件返回；未载字段不推测,保留,线索待核
N031,材料及提交方式,未取得/公开正文未载,https://jybgczx.xhu.edu.cn/aa/a4/c11041a240292/page.htm,2026-10-09,正式官方正文/附件返回；未载字段不推测,保留,线索待核
N031,本人条件,未取得/公开正文未载,https://jybgczx.xhu.edu.cn/aa/a4/c11041a240292/page.htm,2026-10-09,正式官方正文/附件返回；未载字段不推测,保留,线索待核
N031,具体缺口,需完整2026正文及指南/管理/申请附件，确认机器人自主系统任务与全部申报经费条款；2027未取得。,https://jybgczx.xhu.edu.cn/aa/a4/c11041a240292/page.htm,2026-10-09,正式官方正文/附件返回；未载字段不推测,保留,线索待核
N031,附件入口,未取得/公开正文未载,https://jybgczx.xhu.edu.cn/aa/a4/c11041a240292/page.htm,2026-10-09,正式官方正文/附件返回；未载字段不推测,保留,线索待核
N031,联系方式,未取得/公开正文未载,https://jybgczx.xhu.edu.cn/aa/a4/c11041a240292/page.htm,2026-10-09,正式官方正文/附件返回；未载字段不推测,保留,线索待核
N032,正式公告/指南,官方2026通知搜索定位；首次打开412,https://www.ynau.edu.cn/info/1060/87504.htm,2026-10-09,正式官方正文/附件返回；未载字段不推测,保留,线索待核
N032,截止日期,未取得/公开正文未载,https://www.ynau.edu.cn/info/1060/87504.htm,2026-10-09,正式官方正文/附件返回；未载字段不推测,保留,线索待核
N032,截止时点,未取得/公开正文未载,https://www.ynau.edu.cn/info/1060/87504.htm,2026-10-09,正式官方正文/附件返回；未载字段不推测,保留,线索待核
N032,实际任务筛选,具体任务未取得；须确认是否包含农机机器人/感知控制，不能因智慧农业名称保留为相关项目。,https://www.ynau.edu.cn/info/1060/87504.htm,2026-10-09,正式官方正文/附件返回；未载字段不推测,保留,线索待核
N032,资助金额,未取得/公开正文未载,https://www.ynau.edu.cn/info/1060/87504.htm,2026-10-09,正式官方正文/附件返回；未载字段不推测,保留,线索待核
N032,申请资格,未取得/公开正文未载,https://www.ynau.edu.cn/info/1060/87504.htm,2026-10-09,正式官方正文/附件返回；未载字段不推测,保留,线索待核
N032,合作及访问,未取得/公开正文未载,https://www.ynau.edu.cn/info/1060/87504.htm,2026-10-09,正式官方正文/附件返回；未载字段不推测,保留,线索待核
N032,经费使用及外拨,未取得/公开正文未载,https://www.ynau.edu.cn/info/1060/87504.htm,2026-10-09,正式官方正文/附件返回；未载字段不推测,保留,线索待核
N032,研究周期,未取得/公开正文未载,https://www.ynau.edu.cn/info/1060/87504.htm,2026-10-09,正式官方正文/附件返回；未载字段不推测,保留,线索待核
N032,成果数量及署名,未取得/公开正文未载,https://www.ynau.edu.cn/info/1060/87504.htm,2026-10-09,正式官方正文/附件返回；未载字段不推测,保留,线索待核
N032,知识产权,未取得/公开正文未载,https://www.ynau.edu.cn/info/1060/87504.htm,2026-10-09,正式官方正文/附件返回；未载字段不推测,保留,线索待核
N032,材料及提交方式,未取得/公开正文未载,https://www.ynau.edu.cn/info/1060/87504.htm,2026-10-09,正式官方正文/附件返回；未载字段不推测,保留,线索待核
N032,本人条件,未取得/公开正文未载,https://www.ynau.edu.cn/info/1060/87504.htm,2026-10-09,正式官方正文/附件返回；未载字段不推测,保留,线索待核
N032,具体缺口,需完整2026正文及附件，先核任务；无农机机器人及相关感知控制任务则剔除。其余资格、金额、截止、合作、经费、成果、IP待核。,https://www.ynau.edu.cn/info/1060/87504.htm,2026-10-09,正式官方正文/附件返回；未载字段不推测,保留,线索待核
N032,附件入口,未取得/公开正文未载,https://www.ynau.edu.cn/info/1060/87504.htm,2026-10-09,正式官方正文/附件返回；未载字段不推测,保留,线索待核
N032,联系方式,未取得/公开正文未载,https://www.ynau.edu.cn/info/1060/87504.htm,2026-10-09,正式官方正文/附件返回；未载字段不推测,保留,线索待核
N033,正式公告/指南,正式历史指南已读；2026/2027未取得,https://aeeet.tiangong.edu.cn/2021/0816/c6096a69693/page.psp,2026-10-09,正式官方正文/附件返回；未载字段不推测,保留,已截止
N033,截止日期,2021-08-26,https://aeeet.tiangong.edu.cn/2021/0816/c6096a69693/page.psp,2026-10-09,正式官方正文/附件返回；未载字段不推测,保留,已截止
N033,截止时点,时点未载，以收到邮件为准,https://aeeet.tiangong.edu.cn/2021/0816/c6096a69693/page.psp,2026-10-09,正式官方正文/附件返回；未载字段不推测,保留,已截止
N033,实际任务筛选,年度方向电机系统及智能控制、视觉感知与智能识别；背景明确三维视觉、机器人自主控制及无人机控制。半导体器件可靠性不作为机器人任务。,https://aeeet.tiangong.edu.cn/2021/0816/c6096a69693/page.psp,2026-10-09,正式官方正文/附件返回；未载字段不推测,保留,已截止
N033,资助金额,重点2万元/项；一般1万元/项。,https://aeeet.tiangong.edu.cn/2021/0816/c6096a69693/page.psp,2026-10-09,正式官方正文/附件返回；未载字段不推测,保留,已截止
N033,申请资格,非天津工业大学在编，相关科研基础；本室未结题项目须结题后再申报；学历职称年龄门槛未载。,https://aeeet.tiangong.edu.cn/2021/0816/c6096a69693/page.psp,2026-10-09,正式官方正文/附件返回；未载字段不推测,保留,已截止
N033,合作及访问,必须与实验室合作，选择固定人员共同研究；访问天数未载。,https://aeeet.tiangong.edu.cn/2021/0816/c6096a69693/page.psp,2026-10-09,正式官方正文/附件返回；未载字段不推测,保留,已截止
N033,经费使用及外拨,实验室合作者负责报销及流程；允许科目及外拨未载。,https://aeeet.tiangong.edu.cn/2021/0816/c6096a69693/page.psp,2026-10-09,正式官方正文/附件返回；未载字段不推测,保留,已截止
N033,研究周期,1年。,https://aeeet.tiangong.edu.cn/2021/0816/c6096a69693/page.psp,2026-10-09,正式官方正文/附件返回；未载字段不推测,保留,已截止
N033,成果数量及署名,论文、专利、奖项须实验室署名；数量和等级未载，任务书待核。,https://aeeet.tiangong.edu.cn/2021/0816/c6096a69693/page.psp,2026-10-09,正式官方正文/附件返回；未载字段不推测,保留,已截止
N033,知识产权,实验室与研究者所在单位共同所有。,https://aeeet.tiangong.edu.cn/2021/0816/c6096a69693/page.psp,2026-10-09,正式官方正文/附件返回；未载字段不推测,保留,已截止
N033,材料及提交方式,纸质1份A4双面左装订，单位签章邮寄西青区宾水西道399号300387；电子同时发送chengyi@tiangong.edu.cn，内容一致。,https://aeeet.tiangong.edu.cn/2021/0816/c6096a69693/page.psp,2026-10-09,正式官方正文/附件返回；未载字段不推测,保留,已截止
N033,本人条件,未取得/公开正文未载,https://aeeet.tiangong.edu.cn/2021/0816/c6096a69693/page.psp,2026-10-09,正式官方正文/附件返回；未载字段不推测,保留,已截止
N033,具体缺口,2026/2027新年度指南未取得；历史申请模板及任务书的具体结题数量、科目和外拨待取得。,https://aeeet.tiangong.edu.cn/2021/0816/c6096a69693/page.psp,2026-10-09,正式官方正文/附件返回；未载字段不推测,保留,已截止
N033,附件入口,未取得/公开正文未载,https://aeeet.tiangong.edu.cn/2021/0816/c6096a69693/page.psp,2026-10-09,正式官方正文/附件返回；未载字段不推测,保留,已截止
N033,联系方式,成怡13920345202；chengyi@tiangong.edu.cn,https://aeeet.tiangong.edu.cn/2021/0816/c6096a69693/page.psp,2026-10-09,正式官方正文/附件返回；未载字段不推测,保留,已截止
N034,正式公告/指南,官方正式指南已核，当前申报窗口内,https://aqyj.tyut.edu.cn/info/1085/12050.htm,2026-10-09,正式官方正文/附件返回；未载字段不推测,保留,受理中·条件待核
N034,截止日期,2026-10-15,https://aqyj.tyut.edu.cn/info/1085/12050.htm,2026-10-09,正式官方正文/附件返回；未载字段不推测,保留,受理中·条件待核
N034,截止时点,具体时点未载（北京时间）,https://aqyj.tyut.edu.cn/info/1085/12050.htm,2026-10-09,正式官方正文/附件返回；未载字段不推测,保留,受理中·条件待核
N034,实际任务筛选,方向1受限环境感知/探测；方向2多源融合与救援路径规划；方向3生命通道构建装备与控制；具体应用为矿山/隧道救援，不虚构医疗机器人任务。,https://aqyj.tyut.edu.cn/info/1085/12050.htm,2026-10-09,正式官方正文/附件返回；未载字段不推测,保留,受理中·条件待核
N034,资助金额,一般2万元/项（4项）；重点3万元/项（2项）。,https://aqyj.tyut.edu.cn/info/1085/12050.htm,2026-10-09,正式官方正文/附件返回；未载字段不推测,保留,受理中·条件待核
N034,申请资格,依托单位之外国内高校、科研院所、企业及科研机构人员；学历、职称、年龄、限项正文未载，申请表/任务书待核。,https://aqyj.tyut.edu.cn/info/1085/12050.htm,2026-10-09,正式官方正文/附件返回；未载字段不推测,保留,受理中·条件待核
N034,合作及访问,鼓励科研合作；部分成果署名路径须实验室人员通讯；未明示申请时强制固定合作及访问天数。,https://aqyj.tyut.edu.cn/info/1085/12050.htm,2026-10-09,正式官方正文/附件返回；未载字段不推测,保留,受理中·条件待核
N034,经费使用及外拨,允许科目、报销地点、外拨及拨款节点正文未载，需任务书/办法确认。,https://aqyj.tyut.edu.cn/info/1085/12050.htm,2026-10-09,正式官方正文/附件返回；未载字段不推测,保留,受理中·条件待核
N034,研究周期,原则1年；所有项目2027年10月前完成验收。,https://aqyj.tyut.edu.cn/info/1085/12050.htm,2026-10-09,正式官方正文/附件返回；未载字段不推测,保留,受理中·条件待核
N034,成果数量及署名,一般相关论文≥2篇；重点≥3篇且SCI≥1篇；申请人第一作者+实验室第一单位，或申请人第一作者+实验室人员通讯+实验室第二单位；基金号；标注其他实验室/平台者不计考核；结题报告。,https://aqyj.tyut.edu.cn/info/1085/12050.htm,2026-10-09,正式官方正文/附件返回；未载字段不推测,保留,受理中·条件待核
N034,知识产权,正文未载；不能把署名规则当成果权属。,https://aqyj.tyut.edu.cn/info/1085/12050.htm,2026-10-09,正式官方正文/附件返回；未载字段不推测,保留,受理中·条件待核
N034,材料及提交方式,截止前电子申请书及签章PDF发wtao8909@126.com，按范围自拟题，评审后按任务书实施。,https://aqyj.tyut.edu.cn/info/1085/12050.htm,2026-10-09,正式官方正文/附件返回；未载字段不推测,保留,受理中·条件待核
N034,本人条件,本人博士且在国内高校任职；额外资格限项未取得、实际合作/成果署名安排待确认；不认定已满足全部条件。,https://aqyj.tyut.edu.cn/info/1085/12050.htm,2026-10-09,正式官方正文/附件返回；未载字段不推测,保留,受理中·条件待核
N034,具体缺口,申请书下载有验证码；需原表以核额外资格/限项与条款；经费科目/报销/外拨/拨付和成果IP未载，需正式办法或主办方书面答复。,https://aqyj.tyut.edu.cn/info/1085/12050.htm,2026-10-09,正式官方正文/附件返回；未载字段不推测,保留,受理中·条件待核
N034,附件入口,https://aqyj.tyut.edu.cn/system/_content/download.jsp?owner=1496470707&urltype=news.DownloadAttachUrl&wbfileid=2C927014D5412DE1400181B1F79077C8,https://aqyj.tyut.edu.cn/info/1085/12050.htm,2026-10-09,正式官方正文/附件返回；未载字段不推测,保留,受理中·条件待核
N034,联系方式,王涛18811778870、杨雪林13008316833；wtao8909@126.com,https://aqyj.tyut.edu.cn/info/1085/12050.htm,2026-10-09,正式官方正文/附件返回；未载字段不推测,保留,受理中·条件待核
N035,正式公告/指南,正式历史指南已读；实施方案PDF超时,https://jxgcxy.lntu.edu.cn/info/1056/4059.htm,2026-10-09,正式官方正文/附件返回；未载字段不推测,保留,已截止
N035,截止日期,2023-08-25,https://jxgcxy.lntu.edu.cn/info/1056/4059.htm,2026-10-09,正式官方正文/附件返回；未载字段不推测,保留,已截止
N035,截止时点,时点未载（北京时间）,https://jxgcxy.lntu.edu.cn/info/1056/4059.htm,2026-10-09,正式官方正文/附件返回；未载字段不推测,保留,已截止
N035,实际任务筛选,明确方向2机器人化智能开采装备与工艺；4工矿装备自动化智能化；6矿山流体动力与数智液控；7应急抢险装备。,https://jxgcxy.lntu.edu.cn/info/1056/4059.htm,2026-10-09,正式官方正文/附件返回；未载字段不推测,保留,已截止
N035,资助金额,重点平均3万元/项；一般平均2万元/项（保留平均口径）。,https://jxgcxy.lntu.edu.cn/info/1056/4059.htm,2026-10-09,正式官方正文/附件返回；未载字段不推测,保留,已截止
N035,申请资格,在职在岗高校/科研院所/企事业相关人员；一般副高以上或博士；≤45周岁（1978-08-25后出生，按原文不改）；本室在研者不得申请。,https://jxgcxy.lntu.edu.cn/info/1056/4059.htm,2026-10-09,正式官方正文/附件返回；未载字段不推测,保留,已截止
N035,合作及访问,鼓励实验室人员联合申请；成果须与固定人员合作发表；访问天数未载。,https://jxgcxy.lntu.edu.cn/info/1056/4059.htm,2026-10-09,正式官方正文/附件返回；未载字段不推测,保留,已截止
N035,经费使用及外拨,具体经费及外拨须实施方案，附件首次超时未取得。,https://jxgcxy.lntu.edu.cn/info/1056/4059.htm,2026-10-09,正式官方正文/附件返回；未载字段不推测,保留,已截止
N035,研究周期,一般2年；中期进展报告。,https://jxgcxy.lntu.edu.cn/info/1056/4059.htm,2026-10-09,正式官方正文/附件返回；未载字段不推测,保留,已截止
N035,成果数量及署名,一般成果须中心第一或通讯单位；重点至少1项中心第一单位成果；所有成果合作发表并基金号；具体数量等级须实施方案。,https://jxgcxy.lntu.edu.cn/info/1056/4059.htm,2026-10-09,正式官方正文/附件返回；未载字段不推测,保留,已截止
N035,知识产权,辽宁工程技术大学与研究者所在单位共享。,https://jxgcxy.lntu.edu.cn/info/1056/4059.htm,2026-10-09,正式官方正文/附件返回；未载字段不推测,保留,已截止
N035,材料及提交方式,单位审查推荐盖章，纸质3份及电子递交；阜新玉龙路88号清雅楼305；邮箱zhaoguochao@lntu.edu.cn。,https://jxgcxy.lntu.edu.cn/info/1056/4059.htm,2026-10-09,正式官方正文/附件返回；未载字段不推测,保留,已截止
N035,本人条件,未取得/公开正文未载,https://jxgcxy.lntu.edu.cn/info/1056/4059.htm,2026-10-09,正式官方正文/附件返回；未载字段不推测,保留,已截止
N035,具体缺口,需2023实施方案PDF及申请附件以补全经费、结题指标；2026/2027指南未取得，不能套用历史年龄及条款。,https://jxgcxy.lntu.edu.cn/info/1056/4059.htm,2026-10-09,正式官方正文/附件返回；未载字段不推测,保留,已截止
N035,附件入口,https://jxgcxy.lntu.edu.cn/system/_content/download.jsp?owner=1500399521&urltype=news.DownloadAttachUrl&wbfileid=F0601718C8256005472EC002F85F739B,https://jxgcxy.lntu.edu.cn/info/1056/4059.htm,2026-10-09,正式官方正文/附件返回；未载字段不推测,保留,已截止
N035,联系方式,郭/赵；18600443690、18241892970、0418-5110071；zhaoguochao@lntu.edu.cn,https://jxgcxy.lntu.edu.cn/info/1056/4059.htm,2026-10-09,正式官方正文/附件返回；未载字段不推测,保留,已截止
M085,正式公告/指南,正式2026公告；机器人具体任务边界待核,https://ai.whut.edu.cn/kxyj/kyzx/202608/t20260831_1414539.shtml,2026-10-09,正式官方正文/附件返回；未载字段不推测,保留,方向待核·公告已发布
M085,截止日期,2026-10-31,https://ai.whut.edu.cn/kxyj/kyzx/202608/t20260831_1414539.shtml,2026-10-09,正式官方正文/附件返回；未载字段不推测,保留,方向待核·公告已发布
M085,截止时点,时点未载（北京时间）,https://ai.whut.edu.cn/kxyj/kyzx/202608/t20260831_1414539.shtml,2026-10-09,正式官方正文/附件返回；未载字段不推测,保留,方向待核·公告已发布
M085,实际任务筛选,公告列交通信息多模态感知等4方向，未写明机器人/无人交通的具体任务；不仅凭物联网/感知名称判相关。,https://ai.whut.edu.cn/kxyj/kyzx/202608/t20260831_1414539.shtml,2026-10-09,正式官方正文/附件返回；未载字段不推测,保留,方向待核·公告已发布
M085,资助金额,拟5—8项；平均1—3万元/项（原文口径，非统一定额）。,https://ai.whut.edu.cn/kxyj/kyzx/202608/t20260831_1414539.shtml,2026-10-09,正式官方正文/附件返回；未载字段不推测,保留,方向待核·公告已发布
M085,申请资格,高级职称或博士；研究方向符合指南。,https://ai.whut.edu.cn/kxyj/kyzx/202608/t20260831_1414539.shtml,2026-10-09,正式官方正文/附件返回；未载字段不推测,保留,方向待核·公告已发布
M085,合作及访问,至少1名实验室固定人员联合；鼓励跨单位及国际团队。,https://ai.whut.edu.cn/kxyj/kyzx/202608/t20260831_1414539.shtml,2026-10-09,正式官方正文/附件返回；未载字段不推测,保留,方向待核·公告已发布
M085,经费使用及外拨,经费在武汉理工大学账上，自行或秘书协助报账；获批一次性划入校内账户。允许科目未载；不能当作外拨至本人单位。,https://ai.whut.edu.cn/kxyj/kyzx/202608/t20260831_1414539.shtml,2026-10-09,正式官方正文/附件返回；未载字段不推测,保留,方向待核·公告已发布
M085,研究周期,2027-01-01—2028-12-31，2年。,https://ai.whut.edu.cn/kxyj/kyzx/202608/t20260831_1414539.shtml,2026-10-09,正式官方正文/附件返回；未载字段不推测,保留,方向待核·公告已发布
M085,成果数量及署名,年度12月31日前报告；结题为中科院一区/CCF A期刊或A会议Full/Regular 1篇，或SCI/CCF期刊或会议2篇；报告及成果复印件；实验室作者单位之一，专著/鉴定需标注。,https://ai.whut.edu.cn/kxyj/kyzx/202608/t20260831_1414539.shtml,2026-10-09,正式官方正文/附件返回；未载字段不推测,保留,方向待核·公告已发布
M085,知识产权,实验室与承担人单位共有；专利申请单位须武汉理工大学。,https://ai.whut.edu.cn/kxyj/kyzx/202608/t20260831_1414539.shtml,2026-10-09,正式官方正文/附件返回；未载字段不推测,保留,方向待核·公告已发布
M085,材料及提交方式,单位意见盖章；电子1份iot@whut.edu.cn，纸质2份寄洪山区工大路学海楼524郭老师；12月底通知并签合同。,https://ai.whut.edu.cn/kxyj/kyzx/202608/t20260831_1414539.shtml,2026-10-09,正式官方正文/附件返回；未载字段不推测,保留,方向待核·公告已发布
M085,具体缺口,申请书DOC工具不支持，需用户下载；需确认所申报机器人感知/自主交通具体任务是否属于年度范围，及允许报销科目和合同条款。,https://ai.whut.edu.cn/kxyj/kyzx/202608/t20260831_1414539.shtml,2026-10-09,正式官方正文/附件返回；未载字段不推测,保留,方向待核·公告已发布
M085,附件入口,https://ai.whut.edu.cn/kxyj/kyzx/202608/P020260831508416009465.doc,https://ai.whut.edu.cn/kxyj/kyzx/202608/t20260831_1414539.shtml,2026-10-09,正式官方正文/附件返回；未载字段不推测,保留,方向待核·公告已发布
M085,联系方式,郭老师；iot@whut.edu.cn,https://ai.whut.edu.cn/kxyj/kyzx/202608/t20260831_1414539.shtml,2026-10-09,正式官方正文/附件返回；未载字段不推测,保留,方向待核·公告已发布
M169,复核恢复/稳定编号,原N027实际为已有M169；依实际任务恢复历史，不计新增；旧剔除意见留档，以本次复核为当前结论。,https://kyy.nuaa.edu.cn/2026/0604/c5817a400921/page.htm,2026-10-09,正式官方正文/附件返回；未载字段不推测,保留,已截止
M067,截止时点,2026-04-22 18:00，北京时间；原空白补齐。,https://slx.qlu.edu.cn/_t1249/2026/0409/c3946a275414/page.htm,2026-10-09,正式官方正文/附件返回；未载字段不推测,保留,已截止
E072,实际任务/对外资格筛选,指南要求PolyU全职学术人员、RIAM成员且RAP及以上；外部合作不能等同外部负责人申请。,https://www.polyu.edu.hk/riam/research/funding-opportunities/,2026-10-09,正式官方正文/附件返回；未载字段不推测,剔除,已剔除·限校内负责人
E073,实际任务/对外资格筛选,年度任务为铣头/转台/主轴/丝杠设计、装配、服役精度可靠性、刀架热特性及摆角头制造；未列机器人感知、学习、规划或自主控制任务，不仅凭高端装备/精密定位关键词收录。,https://sdjxy.qlu.edu.cn/2026/0721/c10761a281476/page.htm,2026-10-09,正式官方正文/附件返回；未载字段不推测,剔除,已剔除·实际任务范围不符
N036,正式指南,正式2025研究项目种子基金指南PDF已核；2026/2027未取得,https://www.polyu.edu.hk/rclae/-/media/department/rclae/research/rclae-seed-fund/guideline-of-project-application-rclae.pdf?hash=819336D280E1BF493E450BE2101E582E&rev=0ca29d677b05438daae12be0cee8fccb,2026-10-09,正式2025官方PDF3页；2026/2027及校外负责人资格不推测,保留历史参考,已截止
N036,截止日期,2025-04-28,https://www.polyu.edu.hk/rclae/-/media/department/rclae/research/rclae-seed-fund/guideline-of-project-application-rclae.pdf?hash=819336D280E1BF493E450BE2101E582E&rev=0ca29d677b05438daae12be0cee8fccb,2026-10-09,正式2025官方PDF3页；2026/2027及校外负责人资格不推测,保留历史参考,已截止
N036,截止时点,时点及采用时区未载,https://www.polyu.edu.hk/rclae/-/media/department/rclae/research/rclae-seed-fund/guideline-of-project-application-rclae.pdf?hash=819336D280E1BF493E450BE2101E582E&rev=0ca29d677b05438daae12be0cee8fccb,2026-10-09,正式2025官方PDF3页；2026/2027及校外负责人资格不推测,保留历史参考,已截止
N036,具体任务,明确可靠感知、鲁棒控制、应急安全飞行及无人机应用；须关联低空经济。,https://www.polyu.edu.hk/rclae/-/media/department/rclae/research/rclae-seed-fund/guideline-of-project-application-rclae.pdf?hash=819336D280E1BF493E450BE2101E582E&rev=0ca29d677b05438daae12be0cee8fccb,2026-10-09,正式2025官方PDF3页；2026/2027及校外负责人资格不推测,保留历史参考,已截止
N036,金额,应用/平台≤50万港币；基础≤30万港币；探索初始15万港币；卓越奖励为已获外部经费的10%、≤30万港币（奖励非独立新研究项目资助）。,https://www.polyu.edu.hk/rclae/-/media/department/rclae/research/rclae-seed-fund/guideline-of-project-application-rclae.pdf?hash=819336D280E1BF493E450BE2101E582E&rev=0ca29d677b05438daae12be0cee8fccb,2026-10-09,正式2025官方PDF3页；2026/2027及校外负责人资格不推测,保留历史参考,已截止
N036,资格,鼓励中心成员与本地/海外大学研究人员合作；未明确海外人员可独立担任负责人，学历职称年龄限项未载。,https://www.polyu.edu.hk/rclae/-/media/department/rclae/research/rclae-seed-fund/guideline-of-project-application-rclae.pdf?hash=819336D280E1BF493E450BE2101E582E&rev=0ca29d677b05438daae12be0cee8fccb,2026-10-09,正式2025官方PDF3页；2026/2027及校外负责人资格不推测,保留历史参考,已截止
N036,合作访问,强烈鼓励跨部门/跨学科合作；须参加中心展示成果活动；访问天数未载。,https://www.polyu.edu.hk/rclae/-/media/department/rclae/research/rclae-seed-fund/guideline-of-project-application-rclae.pdf?hash=819336D280E1BF493E450BE2101E582E&rev=0ca29d677b05438daae12be0cee8fccb,2026-10-09,正式2025官方PDF3页；2026/2027及校外负责人资格不推测,保留历史参考,已截止
N036,经费使用外拨,应用/基础项目分两次拨付，第二次视进展；比例未载。允许支出、跨境/外拨及校外承担单位经费份额未载。,https://www.polyu.edu.hk/rclae/-/media/department/rclae/research/rclae-seed-fund/guideline-of-project-application-rclae.pdf?hash=819336D280E1BF493E450BE2101E582E&rev=0ca29d677b05438daae12be0cee8fccb,2026-10-09,正式2025官方PDF3页；2026/2027及校外负责人资格不推测,保留历史参考,已截止
N036,周期,应用/基础最长2年；探索6—12个月，评估后可能延长。,https://www.polyu.edu.hk/rclae/-/media/department/rclae/research/rclae-seed-fund/guideline-of-project-application-rclae.pdf?hash=819336D280E1BF493E450BE2101E582E&rev=0ca29d677b05438daae12be0cee8fccb,2026-10-09,正式2025官方PDF3页；2026/2027及校外负责人资格不推测,保留历史参考,已截止
N036,成果署名,按目标、成果影响及合作等验收；应用类演示/原型系统，基础类高质量论文及争取外部基金；年度与结题报告；成果署中心单位及基金号；论文数量/分区门槛未载。,https://www.polyu.edu.hk/rclae/-/media/department/rclae/research/rclae-seed-fund/guideline-of-project-application-rclae.pdf?hash=819336D280E1BF493E450BE2101E582E&rev=0ca29d677b05438daae12be0cee8fccb,2026-10-09,正式2025官方PDF3页；2026/2027及校外负责人资格不推测,保留历史参考,已截止
N036,知识产权,指南未载；单位署名不作为成果权属。,https://www.polyu.edu.hk/rclae/-/media/department/rclae/research/rclae-seed-fund/guideline-of-project-application-rclae.pdf?hash=819336D280E1BF493E450BE2101E582E&rev=0ca29d677b05438daae12be0cee8fccb,2026-10-09,正式2025官方PDF3页；2026/2027及校外负责人资格不推测,保留历史参考,已截止
N036,提交,按指定申请表，2025-04-28前直接交info.rclae@polyu.edu.hk；须说明研究时序及后续外部基金申请计划。获外部资助负责人须在PGMS归属中心。,https://www.polyu.edu.hk/rclae/-/media/department/rclae/research/rclae-seed-fund/guideline-of-project-application-rclae.pdf?hash=819336D280E1BF493E450BE2101E582E&rev=0ca29d677b05438daae12be0cee8fccb,2026-10-09,正式2025官方PDF3页；2026/2027及校外负责人资格不推测,保留历史参考,已截止
N036,缺口,2025截止已过；需确认是否有2026/2027轮次、校外/大陆人员能否负责人、校内固定合作及配套出资、经费可外拨/使用和成果权属。资格不因鼓励海外合作推定已符合。,https://www.polyu.edu.hk/rclae/-/media/department/rclae/research/rclae-seed-fund/guideline-of-project-application-rclae.pdf?hash=819336D280E1BF493E450BE2101E582E&rev=0ca29d677b05438daae12be0cee8fccb,2026-10-09,正式2025官方PDF3页；2026/2027及校外负责人资格不推测,保留历史参考,已截止
N036,附件,申请表入口未取得，指南PDF已核。,https://www.polyu.edu.hk/rclae/-/media/department/rclae/research/rclae-seed-fund/guideline-of-project-application-rclae.pdf?hash=819336D280E1BF493E450BE2101E582E&rev=0ca29d677b05438daae12be0cee8fccb,2026-10-09,正式2025官方PDF3页；2026/2027及校外负责人资格不推测,保留历史参考,已截止
N036,联系方式,info.rclae@polyu.edu.hk,https://www.polyu.edu.hk/rclae/-/media/department/rclae/research/rclae-seed-fund/guideline-of-project-application-rclae.pdf?hash=819336D280E1BF493E450BE2101E582E&rev=0ca29d677b05438daae12be0cee8fccb,2026-10-09,正式2025官方PDF3页；2026/2027及校外负责人资格不推测,保留历史参考,已截止
E074,实际任务/资助筛选,年度任务为信息/系统/网络/人工智能安全、密码区块链、工控安全及隐私；未列机器人感知决策规划控制任务，不因计算智能或工控词保留。,https://cs.shzu.edu.cn/_t513/2024/0921/c12051a209837/page.htm,2026-10-09,官方年度正文,剔除,已剔除·实际任务范围不符
E075,实际任务/资助筛选,年度任务为粉尘产尘运移、煤层注水、粉尘监测、风雾/超重力除尘、呼吸防护及职业健康机制；未列机器人或自主装备感知规划控制任务，不仅凭精准智能监测保留。,https://eklab.aust.edu.cn/info/1004/1214.htm,2026-10-09,官方年度正文,剔除,已剔除·实际任务范围不符
E076,实际任务/资助筛选,官方正文明确项目经费自筹，未提供主办方资助；本台账目标补充经费，不列为有资助开放项目。结论仅适用2025轮次。,https://mims.gxnu.edu.cn/2025/1011/c6728a327370/page.htm,2026-10-09,官方年度正文,剔除,已剔除·经费自筹
N037,正式来源,2025—2026共享批次正式官方公告全文已核；管理经费页面2021版已核，当前适用待确认,https://cmnm.cust.edu.cn/kfyjl/kfkt/deeaacf5c4cd4a4c99d931f74f0fd8d9.htm,2026-10-09,官方公告/PDF；未取得内容和历史通用条款适用性分开,保留,已截止
N037,截止日期,2025-11-30,https://cmnm.cust.edu.cn/kfyjl/kfkt/deeaacf5c4cd4a4c99d931f74f0fd8d9.htm,2026-10-09,官方公告/PDF；未取得内容和历史通用条款适用性分开,保留,已截止
N037,截止时点,17:00（公告未另列时区）,https://cmnm.cust.edu.cn/kfyjl/kfkt/deeaacf5c4cd4a4c99d931f74f0fd8d9.htm,2026-10-09,官方公告/PDF；未取得内容和历史通用条款适用性分开,保留,已截止
N037,实际任务,方向3明确机器人微纳操纵、微纳装配、二维/三维机器人微纳测量技术与系统；方向4有微纳制造过程智能感知、多参数信息融合质量控制及三维非接触在位检测；材料/细胞任务不据此扩充。,https://cmnm.cust.edu.cn/kfyjl/kfkt/deeaacf5c4cd4a4c99d931f74f0fd8d9.htm,2026-10-09,官方公告/PDF；未取得内容和历史通用条款适用性分开,保留,已截止
N037,资助金额,重点8—10万元/项，2项；一般3—5万元/项，5—6项。,https://cmnm.cust.edu.cn/kfyjl/kfkt/deeaacf5c4cd4a4c99d931f74f0fd8d9.htm,2026-10-09,官方公告/PDF；未取得内容和历史通用条款适用性分开,保留,已截止
N037,资格,非长春理工的国内外高校/研究院研究人员；原则上国外著名高校、国内985/211大学或中科院研究所。博士或副高；否则两位副高专家推荐。主持+参与共≤2项；本人有本室未结题项目不可申报；须有团队成员。,https://cmnm.cust.edu.cn/kfyjl/kfkt/deeaacf5c4cd4a4c99d931f74f0fd8d9.htm,2026-10-09,官方公告/PDF；未取得内容和历史通用条款适用性分开,保留,已截止
N037,合作访问,必须有本实验室固定人员参加并作校内联系人，论文列该人为通讯作者之一；访问天数未载。,https://cmnm.cust.edu.cn/kfyjl/kfkt/deeaacf5c4cd4a4c99d931f74f0fd8d9.htm,2026-10-09,官方公告/PDF；未取得内容和历史通用条款适用性分开,保留,已截止
N037,经费外拨报销,2025—2026公告未载拨付/外拨。官网2021经费管理：材料、小设备、仪器租用加工测试水电气等；客座交通住宿津贴≤开放经费30%，该部分可拨至负责人所在单位财务管理；其他开支由实验室审核校财务报销；结余/购置仪器材料留室。2021条款当前适用及拨付比例待确认，不把30%当整个项目可外拨比例。,https://cmnm.cust.edu.cn/kfyjl/kfkt/deeaacf5c4cd4a4c99d931f74f0fd8d9.htm,2026-10-09,官方公告/PDF；未取得内容和历史通用条款适用性分开,保留,已截止
N037,周期,一般不超过2年；申请起止填2025-12-01至2027-11-30，实际以下达为准。,https://cmnm.cust.edu.cn/kfyjl/kfkt/deeaacf5c4cd4a4c99d931f74f0fd8d9.htm,2026-10-09,官方公告/PDF；未取得内容和历史通用条款适用性分开,保留,已截止
N037,成果署名,一般：SCI中科院大类二区及以上1篇或SCI2篇；重点：大类一区1篇或大类二区及以上2篇或SCI3篇。实验室为完成单位之一、基金编号标注；固定联系人须通讯作者之一；实验室与负责人单位共同发表；成果报告归档。,https://cmnm.cust.edu.cn/kfyjl/kfkt/deeaacf5c4cd4a4c99d931f74f0fd8d9.htm,2026-10-09,官方公告/PDF；未取得内容和历史通用条款适用性分开,保留,已截止
N037,知识产权,年度公告明确实验室与负责人所在单位共同所有。,https://cmnm.cust.edu.cn/kfyjl/kfkt/deeaacf5c4cd4a4c99d931f74f0fd8d9.htm,2026-10-09,官方公告/PDF；未取得内容和历史通用条款适用性分开,保留,已截止
N037,提交,申请书+个人简历合成1个PDF，附详细联系方式，截止前发送yangshen@cust.edu.cn；收到回复代表提交成功。附件2份DOCX首次超时。,https://cmnm.cust.edu.cn/kfyjl/kfkt/deeaacf5c4cd4a4c99d931f74f0fd8d9.htm,2026-10-09,官方公告/PDF；未取得内容和历史通用条款适用性分开,保留,已截止
N037,个人条件,本人博士满足学历门槛；现职单位是否满足公告原则上的985/211机构限制，需主办方明确；限项/固定合作者待本人确认。,https://cmnm.cust.edu.cn/kfyjl/kfkt/deeaacf5c4cd4a4c99d931f74f0fd8d9.htm,2026-10-09,官方公告/PDF；未取得内容和历史通用条款适用性分开,保留,已截止
N037,缺口,已截止。须取得申请书/简历、开放合作机制及当年管理办法；确认非985/211依托单位是否受理、2021经费条款适用性、外拨范围/流程；2027新公告未取得。,https://cmnm.cust.edu.cn/kfyjl/kfkt/deeaacf5c4cd4a4c99d931f74f0fd8d9.htm,2026-10-09,官方公告/PDF；未取得内容和历史通用条款适用性分开,保留,已截止
N037,附件,"https://cmnm.cust.edu.cn/docs//2025-11/3b260bcd606e40549bd7b11fd8ff3d70.docx
https://cmnm.cust.edu.cn/docs//2025-11/f971c8633e45462a8fb0cd60cd81c28a.docx
https://cmnm.cust.edu.cn/yxgl/gzzd/79712.htm
https://cmnm.cust.edu.cn/yxgl/gzzd/76199.htm",https://cmnm.cust.edu.cn/kfyjl/kfkt/deeaacf5c4cd4a4c99d931f74f0fd8d9.htm,2026-10-09,官方公告/PDF；未取得内容和历史通用条款适用性分开,保留,已截止
N037,联系,杨珅；yangshen@cust.edu.cn；0431-85582815；15764395100,https://cmnm.cust.edu.cn/kfyjl/kfkt/deeaacf5c4cd4a4c99d931f74f0fd8d9.htm,2026-10-09,官方公告/PDF；未取得内容和历史通用条款适用性分开,保留,已截止
N038,正式来源,2026正式指南PDF已取得前5页文字，末页首次渲染超时；2026-04-14官方立项通知已核；非当前受理,https://seee.qhu.edu.cn/docs/2026-03/030d356bfc944682adbfd3d82afac1e0.pdf,2026-10-09,官方公告/PDF；未取得内容和历史通用条款适用性分开,保留,历史批次·截止条款待核
N038,截止日期,具体截止日未取得（2026-04-14已发布立项通知）,https://seee.qhu.edu.cn/docs/2026-03/030d356bfc944682adbfd3d82afac1e0.pdf,2026-10-09,官方公告/PDF；未取得内容和历史通用条款适用性分开,保留,历史批次·截止条款待核
N038,截止时点,资料未取得,https://seee.qhu.edu.cn/docs/2026-03/030d356bfc944682adbfd3d82afac1e0.pdf,2026-10-09,官方公告/PDF；未取得内容和历史通用条款适用性分开,保留,历史批次·截止条款待核
N038,实际任务,年度方向四2明确新能源场站先进机器人、自动巡检、故障排查及维修、无人机巡检、自动化清洁维护、机器人与AI融合实现自主运维；其他能源调度/材料任务不扩充。,https://seee.qhu.edu.cn/docs/2026-03/030d356bfc944682adbfd3d82afac1e0.pdf,2026-10-09,官方公告/PDF；未取得内容和历史通用条款适用性分开,保留,历史批次·截止条款待核
N038,资助金额,5万元/项；拟资助3项。,https://seee.qhu.edu.cn/docs/2026-03/030d356bfc944682adbfd3d82afac1e0.pdf,2026-10-09,官方公告/PDF；未取得内容和历史通用条款适用性分开,保留,历史批次·截止条款待核
N038,资格,国内外符合中心方向、有研究基础的人员；博士或副高级以上职称；无高级职称青年需两名高级职称同行推荐。在校学生、研究生及博士后申请通常不受理。,https://seee.qhu.edu.cn/docs/2026-03/030d356bfc944682adbfd3d82afac1e0.pdf,2026-10-09,官方公告/PDF；未取得内容和历史通用条款适用性分开,保留,历史批次·截止条款待核
N038,合作访问,必须同中心科研团队合作，明确合作计划；申报团队必须有中心科研人员和在读研究生；结题需青海大学学术报告1场。,https://seee.qhu.edu.cn/docs/2026-03/030d356bfc944682adbfd3d82afac1e0.pdf,2026-10-09,官方公告/PDF；未取得内容和历史通用条款适用性分开,保留,历史批次·截止条款待核
N038,经费外拨报销,明确不外拨，青海大学在岗教师协助报账；所有经费11月30日前支出完。允许论文版面、会议、技术服务、材料及相关差旅费；拨付比例未载。,https://seee.qhu.edu.cn/docs/2026-03/030d356bfc944682adbfd3d82afac1e0.pdf,2026-10-09,官方公告/PDF；未取得内容和历史通用条款适用性分开,保留,历史批次·截止条款待核
N038,周期,资助周期1年；批准后1个月内签任务书；11月30支出期限与科研周期须确认。,https://seee.qhu.edu.cn/docs/2026-03/030d356bfc944682adbfd3d82afac1e0.pdf,2026-10-09,官方公告/PDF；未取得内容和历史通用条款适用性分开,保留,历史批次·截止条款待核
N038,成果署名,论文1篇（北大核心/EI/SCI，青海大学第一单位）；青海大学学术报告1场；结题报告1份。,https://seee.qhu.edu.cn/docs/2026-03/030d356bfc944682adbfd3d82afac1e0.pdf,2026-10-09,官方公告/PDF；未取得内容和历史通用条款适用性分开,保留,历史批次·截止条款待核
N038,知识产权,已取得前5页未载；末页/管理办法未取得。,https://seee.qhu.edu.cn/docs/2026-03/030d356bfc944682adbfd3d82afac1e0.pdf,2026-10-09,官方公告/PDF；未取得内容和历史通用条款适用性分开,保留,历史批次·截止条款待核
N038,提交,申请书采用国自然青年模板；电子邮件+双面纸质2份；收件邮箱、截止日期及末页具体材料要求未取得。立项后任务书1个月内确定。,https://seee.qhu.edu.cn/docs/2026-03/030d356bfc944682adbfd3d82afac1e0.pdf,2026-10-09,官方公告/PDF；未取得内容和历史通用条款适用性分开,保留,历史批次·截止条款待核
N038,个人条件,本人博士已知；强制合作团队成员及限项须确认，未写可申请。,https://seee.qhu.edu.cn/docs/2026-03/030d356bfc944682adbfd3d82afac1e0.pdf,2026-10-09,官方公告/PDF；未取得内容和历史通用条款适用性分开,保留,历史批次·截止条款待核
N038,缺口,2026立项结果已发布，非当前申报项目；待补PDF第6页截止/联系人/知识产权等及管理办法，核研究期与11月30报账时间关系；2027公告未取得。,https://seee.qhu.edu.cn/docs/2026-03/030d356bfc944682adbfd3d82afac1e0.pdf,2026-10-09,官方公告/PDF；未取得内容和历史通用条款适用性分开,保留,历史批次·截止条款待核
N038,附件,立项通知：https://seee.qhu.edu.cn/tzgg/5f84aa3029584f37ada867a1af4cae66.htm；正文图片名单未提取。,https://seee.qhu.edu.cn/docs/2026-03/030d356bfc944682adbfd3d82afac1e0.pdf,2026-10-09,官方公告/PDF；未取得内容和历史通用条款适用性分开,保留,历史批次·截止条款待核
N038,联系,具体申报联系人在未取得末页；学院公开邮箱seee@qhu.edu.cn仅作一般联系入口。,https://seee.qhu.edu.cn/docs/2026-03/030d356bfc944682adbfd3d82afac1e0.pdf,2026-10-09,官方公告/PDF；未取得内容和历史通用条款适用性分开,保留,历史批次·截止条款待核
N039,正式来源,官方2024年度公告正文已核；附件RAR首次读取失败,https://xxgc.jxstnu.edu.cn/info/1010/1188.htm,2026-10-09,官方正文；日期矛盾及任务缺口未推测,保留,历史批次·截止年份冲突待核
N039,截止日期,原文2024-07-15至2023-07-20；年份冲突,https://xxgc.jxstnu.edu.cn/info/1010/1188.htm,2026-10-09,官方正文；日期矛盾及任务缺口未推测,保留,历史批次·截止年份冲突待核
N039,截止时点,未载截止时点，日期年份冲突不能推定,https://xxgc.jxstnu.edu.cn/info/1010/1188.htm,2026-10-09,官方正文；日期矛盾及任务缺口未推测,保留,历史批次·截止年份冲突待核
N039,实际任务,三维重建；目标感知与识别；无人移动载体自主导航及智能控制；无人移动载体协同工作控制；人工智能感知方法。,https://xxgc.jxstnu.edu.cn/info/1010/1188.htm,2026-10-09,官方正文；日期矛盾及任务缺口未推测,保留,历史批次·截止年份冲突待核
N039,资助金额,一般课题不超过3万元/项,https://xxgc.jxstnu.edu.cn/info/1010/1188.htm,2026-10-09,官方正文；日期矛盾及任务缺口未推测,保留,历史批次·截止年份冲突待核
N039,资格,具有博士学位或中级以上职称；面向校内外科研人员；主持申请不超过1项。,https://xxgc.jxstnu.edu.cn/info/1010/1188.htm,2026-10-09,官方正文；日期矛盾及任务缺口未推测,保留,历史批次·截止年份冲突待核
N039,合作访问,必须至少1名固定人员作为课题组成员及联系人；正文称“本省重点实验室”，与工程中心标题不一致，需确认人员归属。访问要求未取得。,https://xxgc.jxstnu.edu.cn/info/1010/1188.htm,2026-10-09,官方正文；日期矛盾及任务缺口未推测,保留,历史批次·截止年份冲突待核
N039,经费外拨报销,经费使用范围、外拨或校内报销规则待附件管理办法核实。,https://xxgc.jxstnu.edu.cn/info/1010/1188.htm,2026-10-09,官方正文；日期矛盾及任务缺口未推测,保留,历史批次·截止年份冲突待核
N039,周期,2024年8月起执行，1—2年；确切起止以任务书为准。,https://xxgc.jxstnu.edu.cn/info/1010/1188.htm,2026-10-09,官方正文；日期矛盾及任务缺口未推测,保留,历史批次·截止年份冲突待核
N039,成果署名,正文未列成果数量及署名要求，待管理办法及任务书。,https://xxgc.jxstnu.edu.cn/info/1010/1188.htm,2026-10-09,官方正文；日期矛盾及任务缺口未推测,保留,历史批次·截止年份冲突待核
N039,知识产权,知识产权条款未取得。,https://xxgc.jxstnu.edu.cn/info/1010/1188.htm,2026-10-09,官方正文；日期矛盾及任务缺口未推测,保留,历史批次·截止年份冲突待核
N039,提交,申请书纸质3份A4双面左装订，单位或科研部门盖章；同时PDF电子版1份；收件人刘老师；地址南昌市学府大道569号行政楼423，330038；邮箱20423232@qq.com。,https://xxgc.jxstnu.edu.cn/info/1010/1188.htm,2026-10-09,官方正文；日期矛盾及任务缺口未推测,保留,历史批次·截止年份冲突待核
N039,个人条件,本人博士背景已知；固定合作人员、在研限项、单位签章及准确截止条件未确认。,https://xxgc.jxstnu.edu.cn/info/1010/1188.htm,2026-10-09,官方正文；日期矛盾及任务缺口未推测,保留,历史批次·截止年份冲突待核
N039,缺口,截止原文“2023年度”及2024-07-15—2023-07-20互相矛盾，不改写为2024-07-20；下载RAR中的申请指南、管理办法、申请书，补金额类别、经费/外拨、成果/IP、合作要求。2026—2027公告未定位，不能当当前窗口。,https://xxgc.jxstnu.edu.cn/info/1010/1188.htm,2026-10-09,官方正文；日期矛盾及任务缺口未推测,保留,历史批次·截止年份冲突待核
N039,附件,https://xxgc.jxstnu.edu.cn/__local/1/07/46/BA21BFD52EC6B95DECC63AE06E8_0839008E_1C11A.rar?e=.rar,https://xxgc.jxstnu.edu.cn/info/1010/1188.htm,2026-10-09,官方正文；日期矛盾及任务缺口未推测,保留,历史批次·截止年份冲突待核
N039,联系,刘老师13576931367；20423232@qq.com,https://xxgc.jxstnu.edu.cn/info/1010/1188.htm,2026-10-09,官方正文；日期矛盾及任务缺口未推测,保留,历史批次·截止年份冲突待核
N040,正式来源,官方2026公告正文已核；DOCX指南及DOC申请书首次读取失败,https://zhjz.nchu.edu.cn/tzgg/content_196076,2026-10-09,官方正文；日期矛盾及任务缺口未推测,保留,任务证据待核·窗口未截止
N040,截止日期,2026-10-10,https://zhjz.nchu.edu.cn/tzgg/content_196076,2026-10-09,官方正文；日期矛盾及任务缺口未推测,保留,任务证据待核·窗口未截止
N040,截止时点,截止时点及时区未明示,https://zhjz.nchu.edu.cn/tzgg/content_196076,2026-10-09,官方正文；日期矛盾及任务缺口未推测,保留,任务证据待核·窗口未截止
N040,实际任务,公告列低空基础设施风险防控、韧性建造与智能运维、安全监测预警应急、智慧建筑绿色低碳、建筑及低空基础设施数字化智能系统、自主相关方向；未明确机器人感知、规划、控制等具体任务，须核附件，不因“低空”“智能”直接保留首页。,https://zhjz.nchu.edu.cn/tzgg/content_196076,2026-10-09,官方正文；日期矛盾及任务缺口未推测,保留,任务证据待核·窗口未截止
N040,资助金额,不超过2万元/项,https://zhjz.nchu.edu.cn/tzgg/content_196076,2026-10-09,官方正文；日期矛盾及任务缺口未推测,保留,任务证据待核·窗口未截止
N040,资格,国内外高级专业技术职务或博士及其他认可情形；课题须紧扣平台研究范围。,https://zhjz.nchu.edu.cn/tzgg/content_196076,2026-10-09,官方正文；日期矛盾及任务缺口未推测,保留,任务证据待核·窗口未截止
N040,合作访问,可在中心或申请者单位独立或合作研究；未列必须固定合作者及访问条款。,https://zhjz.nchu.edu.cn/tzgg/content_196076,2026-10-09,官方正文；日期矛盾及任务缺口未推测,保留,任务证据待核·窗口未截止
N040,经费外拨报销,依据相关平台开放基金管理规定，正文未给经费范围及外拨/报销规则。,https://zhjz.nchu.edu.cn/tzgg/content_196076,2026-10-09,官方正文；日期矛盾及任务缺口未推测,保留,任务证据待核·窗口未截止
N040,周期,正文称一年，执行2026年12月至2027年12月；起止细节以任务书为准。,https://zhjz.nchu.edu.cn/tzgg/content_196076,2026-10-09,官方正文；日期矛盾及任务缺口未推测,保留,任务证据待核·窗口未截止
N040,成果署名,按时提交研究计划、进展及结题总结；论文数量、署名、单位排序未载。,https://zhjz.nchu.edu.cn/tzgg/content_196076,2026-10-09,官方正文；日期矛盾及任务缺口未推测,保留,任务证据待核·窗口未截止
N040,知识产权,正文未载知识产权条款，待附件/管理规定。,https://zhjz.nchu.edu.cn/tzgg/content_196076,2026-10-09,官方正文；日期矛盾及任务缺口未推测,保留,任务证据待核·窗口未截止
N040,提交,开放基金申请书发71291@nchu.edu.cn，备注“开放基金+姓名+联系方式”；获准名单邮件通知；纸质签章要求待附件。,https://zhjz.nchu.edu.cn/tzgg/content_196076,2026-10-09,官方正文；日期矛盾及任务缺口未推测,保留,任务证据待核·窗口未截止
N040,个人条件,本人博士背景已知；具体机器人任务适用性、申请限项及合作要求未确认，未入首页。,https://zhjz.nchu.edu.cn/tzgg/content_196076,2026-10-09,官方正文；日期矛盾及任务缺口未推测,保留,任务证据待核·窗口未截止
N040,缺口,取得DOCX指南与DOC申请书，先核是否有实际机器人/自主装备相关任务；若无则剔除。金额上限/窗口已核，成果、IP、经费外拨、合作与签章条件待核。四个平台联合一轮，非四条独立项目。,https://zhjz.nchu.edu.cn/tzgg/content_196076,2026-10-09,官方正文；日期矛盾及任务缺口未推测,保留,任务证据待核·窗口未截止
N040,附件,"https://zhjz.nchu.edu.cn/upload/zhjz/contentmanage/article/file/2026/09/22/2026%E5%BC%80%E6%94%BE%E5%9F%BA%E9%87%91%E8%AF%BE%E9%A2%98%E7%94%B3%E8%AF%B7%E6%8C%87%E5%8D%97.docx?t=1790052165233
https://zhjz.nchu.edu.cn/upload/zhjz/contentmanage/article/file/2026/09/20/%E7%94%B3%E8%AF%B7%E4%B9%A62026.doc?t=1789902048581",https://zhjz.nchu.edu.cn/tzgg/content_196076,2026-10-09,官方正文；日期矛盾及任务缺口未推测,保留,任务证据待核·窗口未截止
N040,联系,谢老师；71291@nchu.edu.cn；电话公告脱敏159******2519；丰和南大道696号民航与交通学院综合楼中803,https://zhjz.nchu.edu.cn/tzgg/content_196076,2026-10-09,官方正文；日期矛盾及任务缺口未推测,保留,任务证据待核·窗口未截止
N041,正式来源,官方2019公告已读；具体任务附件首次读取失败,https://jxgc.nxu.edu.cn/info/1262/4078.htm,2026-10-09,正文/搜索缓存分开；受阻及未载不推测,保留,历史批次·具体任务待核
N041,截止日期,2019-12-09,https://jxgc.nxu.edu.cn/info/1262/4078.htm,2026-10-09,正文/搜索缓存分开；受阻及未载不推测,保留,历史批次·具体任务待核
N041,截止时点,截止时点未明示,https://jxgc.nxu.edu.cn/info/1262/4078.htm,2026-10-09,正文/搜索缓存分开；受阻及未载不推测,保留,历史批次·具体任务待核
N041,实际任务,公告正文介绍多目标优化、多物理场、材料本构、复杂机电耦合；具体资助方向仅称见附件。不得以智能装备名称/优化关键词判定机器人相关，须核《开放课题设置.pdf》。,https://jxgc.nxu.edu.cn/info/1262/4078.htm,2026-10-09,正文/搜索缓存分开；受阻及未载不推测,保留,历史批次·具体任务待核
N041,资助金额,3万元/项；成果突出可追加，追加额未载,https://jxgc.nxu.edu.cn/info/1262/4078.htm,2026-10-09,正文/搜索缓存分开；受阻及未载不推测,保留,历史批次·具体任务待核
N041,资格,国外知名高校及国内211、985高校、科研机构中级以上职称或博士科研人员；南京信息工程大学是否符合科研机构口径需主办方确认，不能默认符合限定高校范围。,https://jxgc.nxu.edu.cn/info/1262/4078.htm,2026-10-09,正文/搜索缓存分开；受阻及未载不推测,保留,历史批次·具体任务待核
N041,合作访问,固定合作人员及访问要求正文未载。,https://jxgc.nxu.edu.cn/info/1262/4078.htm,2026-10-09,正文/搜索缓存分开；受阻及未载不推测,保留,历史批次·具体任务待核
N041,经费外拨报销,经费科目、外拨及报销规则未取得，不能推定可外拨。,https://jxgc.nxu.edu.cn/info/1262/4078.htm,2026-10-09,正文/搜索缓存分开；受阻及未载不推测,保留,历史批次·具体任务待核
N041,周期,1年，正文2019.12—2020.12；旧批次不套作2026—2027机制。,https://jxgc.nxu.edu.cn/info/1262/4078.htm,2026-10-09,正文/搜索缓存分开；受阻及未载不推测,保留,历史批次·具体任务待核
N041,成果署名,具体成果数量及署名要求需管理条例/任务设置。,https://jxgc.nxu.edu.cn/info/1262/4078.htm,2026-10-09,正文/搜索缓存分开；受阻及未载不推测,保留,历史批次·具体任务待核
N041,知识产权,知识产权条款未取得。,https://jxgc.nxu.edu.cn/info/1262/4078.htm,2026-10-09,正文/搜索缓存分开；受阻及未载不推测,保留,历史批次·具体任务待核
N041,提交,申请书原件3份，单位审查盖章，邮寄宁夏大学实验室办公室；无评审费用；电子提交未载。,https://jxgc.nxu.edu.cn/info/1262/4078.htm,2026-10-09,正文/搜索缓存分开；受阻及未载不推测,保留,历史批次·具体任务待核
N041,个人条件,本人博士、南京信息工程大学现职；个人年龄、限项、单位资格及合作人员尚未逐项确认。,https://jxgc.nxu.edu.cn/info/1262/4078.htm,2026-10-09,正文/搜索缓存分开；受阻及未载不推测,保留,历史批次·具体任务待核
N041,缺口,年度任务PDF首次无法读取；补机器人/自主装备具体任务证据，若无则剔除；另核管理条例、成果/IP、经费外拨及限定单位。2026—2027定向搜索未定位新公告。此前误用nu.edu.cn的空结果不作宁夏大学证据，正确域名nxu.edu.cn。,https://jxgc.nxu.edu.cn/info/1262/4078.htm,2026-10-09,正文/搜索缓存分开；受阻及未载不推测,保留,历史批次·具体任务待核
N041,附件,https://jxgc.nxu.edu.cn/system/_content/download.jsp?owner=1884047012&urltype=news.DownloadAttachUrl&wbfileid=11910680,https://jxgc.nxu.edu.cn/info/1262/4078.htm,2026-10-09,正文/搜索缓存分开；受阻及未载不推测,保留,历史批次·具体任务待核
N041,联系,王老师13895189949；cae@nxu.edu.cn；2019收件：贺兰山西路539号宁大C区机械工程学院750021,https://jxgc.nxu.edu.cn/info/1262/4078.htm,2026-10-09,正文/搜索缓存分开；受阻及未载不推测,保留,历史批次·具体任务待核
N042,正式来源,官方2024年度正式公告正文已核；模板首次读取失败,https://bmi.nuaa.edu.cn/article/417830/content/1334.htm,2026-10-09,正文/搜索缓存分开；受阻及未载不推测,保留,已截止
N042,截止日期,2024-04-30,https://bmi.nuaa.edu.cn/article/417830/content/1334.htm,2026-10-09,正文/搜索缓存分开；受阻及未载不推测,保留,已截止
N042,截止时点,截止时点未明示,https://bmi.nuaa.edu.cn/article/417830/content/1334.htm,2026-10-09,正文/搜索缓存分开；受阻及未载不推测,保留,已截止
N042,实际任务,脑机接口、脑机融合智能、脑信号感知传输、脑机控制交互技术；并列多模态融合、鲁棒机器学习等方向。,https://bmi.nuaa.edu.cn/article/417830/content/1334.htm,2026-10-09,正文/搜索缓存分开；受阻及未载不推测,保留,已截止
N042,资助金额,3—5万元/项；拟15—20项,https://bmi.nuaa.edu.cn/article/417830/content/1334.htm,2026-10-09,正文/搜索缓存分开；受阻及未载不推测,保留,已截止
N042,资格,人工智能、脑科学、计算机、电子、自动化等相关专业背景，年龄不超过40岁；每人主持1项，课题组人员不得同时参加两个以上项目申请；单位同意盖章。,https://bmi.nuaa.edu.cn/article/417830/content/1334.htm,2026-10-09,正文/搜索缓存分开；受阻及未载不推测,保留,已截止
N042,合作访问,鼓励联合固定成员制定计划开展合作，未写强制；访问期限未载。,https://bmi.nuaa.edu.cn/article/417830/content/1334.htm,2026-10-09,正文/搜索缓存分开；受阻及未载不推测,保留,已截止
N042,经费外拨报销,经费科目、外拨及报销规则未取得，不能推定可外拨。,https://bmi.nuaa.edu.cn/article/417830/content/1334.htm,2026-10-09,正文/搜索缓存分开；受阻及未载不推测,保留,已截止
N042,周期,2年，自收到资助通知起，一个月内提交实施计划。,https://bmi.nuaa.edu.cn/article/417830/content/1334.htm,2026-10-09,正文/搜索缓存分开；受阻及未载不推测,保留,已截止
N042,成果署名,期限内至少1篇中科院二区及以上SCI/CCF A会议论文，须共同署名实验室、标注资助，不能仅脚注致谢；结题提交总结、论文、报告及原始资料。实验室第一单位/通讯作者要求未载，不能附加。,https://bmi.nuaa.edu.cn/article/417830/content/1334.htm,2026-10-09,正文/搜索缓存分开；受阻及未载不推测,保留,已截止
N042,知识产权,知识产权条款未取得。,https://bmi.nuaa.edu.cn/article/417830/content/1334.htm,2026-10-09,正文/搜索缓存分开；受阻及未载不推测,保留,已截止
N042,提交,个人申报单位推荐，申请书纸质2份单位盖章邮寄，完全一致电子版发sunl@nuaa.edu.cn；邮寄细地址公告未列。,https://bmi.nuaa.edu.cn/article/417830/content/1334.htm,2026-10-09,正文/搜索缓存分开；受阻及未载不推测,保留,已截止
N042,个人条件,本人博士、南京信息工程大学现职；个人年龄、限项、单位资格及合作人员尚未逐项确认。,https://bmi.nuaa.edu.cn/article/417830/content/1334.htm,2026-10-09,正文/搜索缓存分开；受阻及未载不推测,保留,已截止
N042,缺口,正文资金、年龄、限项、合作、成果已核；2024模板DOC首次失败（页面显示DOCX名但链接实际DOC），经费外拨、IP、邮寄地址待补。2026—2027查询仅定位2024，不能当当前窗口。,https://bmi.nuaa.edu.cn/article/417830/content/1334.htm,2026-10-09,正文/搜索缓存分开；受阻及未载不推测,保留,已截止
N042,附件,https://ai.nuaa.edu.cn/_upload/article/files/d8/9f/74c2bc0346ad98bb32e5b59fa8b0/61acea59-408a-4f0d-bddc-097d0c5eb3fe.doc,https://bmi.nuaa.edu.cn/article/417830/content/1334.htm,2026-10-09,正文/搜索缓存分开；受阻及未载不推测,保留,已截止
N042,联系,孙亮025-84896885；sunl@nuaa.edu.cn,https://bmi.nuaa.edu.cn/article/417830/content/1334.htm,2026-10-09,正文/搜索缓存分开；受阻及未载不推测,保留,已截止
N043,正式来源,官方公告搜索摘要及缓存片段；直接访问首次超时,https://cs.nuaa.edu.cn/_t2321/2024/0420/c10849a336622/page.psp,2026-10-09,正文/搜索缓存分开；受阻及未载不推测,保留,历史批次·公告全文待核
N043,截止日期,未取得2024准确截止,https://cs.nuaa.edu.cn/_t2321/2024/0420/c10849a336622/page.psp,2026-10-09,正文/搜索缓存分开；受阻及未载不推测,保留,历史批次·公告全文待核
N043,截止时点,截止时点未明示,https://cs.nuaa.edu.cn/_t2321/2024/0420/c10849a336622/page.psp,2026-10-09,正文/搜索缓存分开；受阻及未载不推测,保留,历史批次·公告全文待核
N043,实际任务,官方缓存列面向交互的视觉识别理解、复杂场景多模态感知、人机融合智能交互；并列特征表示、鲁棒学习、弱监督模式识别。须核全文，未限定医疗超声。,https://cs.nuaa.edu.cn/_t2321/2024/0420/c10849a336622/page.psp,2026-10-09,正文/搜索缓存分开；受阻及未载不推测,保留,历史批次·公告全文待核
N043,资助金额,官方缓存：3—5万元/项，拟4—5项；全文待核,https://cs.nuaa.edu.cn/_t2321/2024/0420/c10849a336622/page.psp,2026-10-09,正文/搜索缓存分开；受阻及未载不推测,保留,历史批次·公告全文待核
N043,资格,缓存：人工智能、脑科学、计算机、电子、自动化等背景，年龄≤40；主持1项，成员不得同时参加两个以上申请；单位同意盖章。全文待核。,https://cs.nuaa.edu.cn/_t2321/2024/0420/c10849a336622/page.psp,2026-10-09,正文/搜索缓存分开；受阻及未载不推测,保留,历史批次·公告全文待核
N043,合作访问,缓存鼓励联合实验室成员，不据此写强制；访问待核。,https://cs.nuaa.edu.cn/_t2321/2024/0420/c10849a336622/page.psp,2026-10-09,正文/搜索缓存分开；受阻及未载不推测,保留,历史批次·公告全文待核
N043,经费外拨报销,经费科目、外拨及报销规则未取得，不能推定可外拨。,https://cs.nuaa.edu.cn/_t2321/2024/0420/c10849a336622/page.psp,2026-10-09,正文/搜索缓存分开；受阻及未载不推测,保留,历史批次·公告全文待核
N043,周期,缓存为2年，准确起止待全文。,https://cs.nuaa.edu.cn/_t2321/2024/0420/c10849a336622/page.psp,2026-10-09,正文/搜索缓存分开；受阻及未载不推测,保留,历史批次·公告全文待核
N043,成果署名,缓存未取得完整成果指标、署名与单位排序。,https://cs.nuaa.edu.cn/_t2321/2024/0420/c10849a336622/page.psp,2026-10-09,正文/搜索缓存分开；受阻及未载不推测,保留,历史批次·公告全文待核
N043,知识产权,知识产权条款未取得。,https://cs.nuaa.edu.cn/_t2321/2024/0420/c10849a336622/page.psp,2026-10-09,正文/搜索缓存分开；受阻及未载不推测,保留,历史批次·公告全文待核
N043,提交,申报材料、份数、邮箱、邮寄地址需全文及模板。,https://cs.nuaa.edu.cn/_t2321/2024/0420/c10849a336622/page.psp,2026-10-09,正文/搜索缓存分开；受阻及未载不推测,保留,历史批次·公告全文待核
N043,个人条件,本人博士、南京信息工程大学现职；个人年龄、限项、单位资格及合作人员尚未逐项确认。,https://cs.nuaa.edu.cn/_t2321/2024/0420/c10849a336622/page.psp,2026-10-09,正文/搜索缓存分开；受阻及未载不推测,保留,历史批次·公告全文待核
N043,缺口,首次网页超时，不反复访问；需完整公告文字/网页PDF及全部附件，补准确截止、成果署名、经费外拨、IP、提交。2026—2027搜索仅定位2024批次，不当当前正式公告。,https://cs.nuaa.edu.cn/_t2321/2024/0420/c10849a336622/page.psp,2026-10-09,正文/搜索缓存分开；受阻及未载不推测,保留,历史批次·公告全文待核
N043,附件,附件具体下载地址未取得，请从公告下载,https://cs.nuaa.edu.cn/_t2321/2024/0420/c10849a336622/page.psp,2026-10-09,正文/搜索缓存分开；受阻及未载不推测,保留,历史批次·公告全文待核
N043,联系,联系人邮箱未取得,https://cs.nuaa.edu.cn/_t2321/2024/0420/c10849a336622/page.psp,2026-10-09,正文/搜索缓存分开；受阻及未载不推测,保留,历史批次·公告全文待核
N044,正式来源,官方公告搜索缓存部分正文；直接访问首次超时,https://cs.nuaa.edu.cn/_t2321/2024/0412/c10849a335982/page.psp,2026-10-09,正文/搜索缓存分开；受阻及未载不推测,保留,历史批次·年度任务全文待核
N044,截止日期,2024-04-20,https://cs.nuaa.edu.cn/_t2321/2024/0412/c10849a335982/page.psp,2026-10-09,正文/搜索缓存分开；受阻及未载不推测,保留,历史批次·年度任务全文待核
N044,截止时点,截止时点未明示,https://cs.nuaa.edu.cn/_t2321/2024/0412/c10849a335982/page.psp,2026-10-09,正文/搜索缓存分开；受阻及未载不推测,保留,历史批次·年度任务全文待核
N044,实际任务,平台介绍含无人自主智能系统安全分析；已见年度方向片段仅高安全软件需求、建模及形式化验证，未取得完整年度任务。须确认当年是否支持无人自主系统，不能用平台简介代替年度任务。,https://cs.nuaa.edu.cn/_t2321/2024/0412/c10849a335982/page.psp,2026-10-09,正文/搜索缓存分开；受阻及未载不推测,保留,历史批次·年度任务全文待核
N044,资助金额,缓存：2—4万元/项，拟5—10项；全文待核,https://cs.nuaa.edu.cn/_t2321/2024/0412/c10849a335982/page.psp,2026-10-09,正文/搜索缓存分开；受阻及未载不推测,保留,历史批次·年度任务全文待核
N044,资格,缓存：主持1项，成员不得同时参加两个以上申请，单位同意盖章；学历、职称、年龄全文未取得。,https://cs.nuaa.edu.cn/_t2321/2024/0412/c10849a335982/page.psp,2026-10-09,正文/搜索缓存分开；受阻及未载不推测,保留,历史批次·年度任务全文待核
N044,合作访问,固定合作与访问全文待核。,https://cs.nuaa.edu.cn/_t2321/2024/0412/c10849a335982/page.psp,2026-10-09,正文/搜索缓存分开；受阻及未载不推测,保留,历史批次·年度任务全文待核
N044,经费外拨报销,经费科目、外拨及报销规则未取得，不能推定可外拨。,https://cs.nuaa.edu.cn/_t2321/2024/0412/c10849a335982/page.psp,2026-10-09,正文/搜索缓存分开；受阻及未载不推测,保留,历史批次·年度任务全文待核
N044,周期,缓存为2年，起止待全文。,https://cs.nuaa.edu.cn/_t2321/2024/0412/c10849a335982/page.psp,2026-10-09,正文/搜索缓存分开；受阻及未载不推测,保留,历史批次·年度任务全文待核
N044,成果署名,未取得完整年度成果数量及署名。,https://cs.nuaa.edu.cn/_t2321/2024/0412/c10849a335982/page.psp,2026-10-09,正文/搜索缓存分开；受阻及未载不推测,保留,历史批次·年度任务全文待核
N044,知识产权,知识产权条款未取得。,https://cs.nuaa.edu.cn/_t2321/2024/0412/c10849a335982/page.psp,2026-10-09,正文/搜索缓存分开；受阻及未载不推测,保留,历史批次·年度任务全文待核
N044,提交,缓存：个人申报、单位推荐，申请书纸质2份单位盖章邮寄，同时发一致电子版；具体联系人和地址未取得。,https://cs.nuaa.edu.cn/_t2321/2024/0412/c10849a335982/page.psp,2026-10-09,正文/搜索缓存分开；受阻及未载不推测,保留,历史批次·年度任务全文待核
N044,个人条件,本人博士、南京信息工程大学现职；个人年龄、限项、单位资格及合作人员尚未逐项确认。,https://cs.nuaa.edu.cn/_t2321/2024/0412/c10849a335982/page.psp,2026-10-09,正文/搜索缓存分开；受阻及未载不推测,保留,历史批次·年度任务全文待核
N044,缺口,年度完整方向/任务证据不足，若仅软件验证而无无人自主机器人任务则剔除；获取全文和申请模板，补资格、成果/IP、经费外拨、联系与窗口。2026—2027未定位新正式公告。,https://cs.nuaa.edu.cn/_t2321/2024/0412/c10849a335982/page.psp,2026-10-09,正文/搜索缓存分开；受阻及未载不推测,保留,历史批次·年度任务全文待核
N044,附件,附件具体下载地址未取得，请从公告下载,https://cs.nuaa.edu.cn/_t2321/2024/0412/c10849a335982/page.psp,2026-10-09,正文/搜索缓存分开；受阻及未载不推测,保留,历史批次·年度任务全文待核
N044,联系,联系人邮箱未取得,https://cs.nuaa.edu.cn/_t2321/2024/0412/c10849a335982/page.psp,2026-10-09,正文/搜索缓存分开；受阻及未载不推测,保留,历史批次·年度任务全文待核
N045,正式来源,官方2026通知搜索摘要，直接网页首次483受阻,https://cca.nuaa.edu.cn/_t862/2026/0627/c15585a402933/page.htm,2026-10-09,正文/搜索缓存分开；受阻及未载不推测,保留,公告及具体任务待核
N045,截止日期,2026准确截止未取得,https://cca.nuaa.edu.cn/_t862/2026/0627/c15585a402933/page.htm,2026-10-09,正文/搜索缓存分开；受阻及未载不推测,保留,公告及具体任务待核
N045,截止时点,截止时点未明示,https://cca.nuaa.edu.cn/_t862/2026/0627/c15585a402933/page.htm,2026-10-09,正文/搜索缓存分开；受阻及未载不推测,保留,公告及具体任务待核
N045,实际任务,现仅确认民航飞机健康监测与智能维护课题，年度机器人/自主装备相关研究任务尚未取得，不能仅智能维护名称保留首页。,https://cca.nuaa.edu.cn/_t862/2026/0627/c15585a402933/page.htm,2026-10-09,正文/搜索缓存分开；受阻及未载不推测,保留,公告及具体任务待核
N045,资助金额,资助金额未取得,https://cca.nuaa.edu.cn/_t862/2026/0627/c15585a402933/page.htm,2026-10-09,正文/搜索缓存分开；受阻及未载不推测,保留,公告及具体任务待核
N045,资格,官方摘要提到校外负责人经费路径，但校外申请范围、职称学历、年龄及限项未取得，不直接认定本人可申报。,https://cca.nuaa.edu.cn/_t862/2026/0627/c15585a402933/page.htm,2026-10-09,正文/搜索缓存分开；受阻及未载不推测,保留,公告及具体任务待核
N045,合作访问,合作成员、驻室及访问要求未取得。,https://cca.nuaa.edu.cn/_t862/2026/0627/c15585a402933/page.htm,2026-10-09,正文/搜索缓存分开；受阻及未载不推测,保留,公告及具体任务待核
N045,经费外拨报销,官方摘要明确：校内负责人列子账号，校外负责人通过合同外协转至校外；资金实际接收单位、比例、费用范围待全文，不推定转个人账户。,https://cca.nuaa.edu.cn/_t862/2026/0627/c15585a402933/page.htm,2026-10-09,正文/搜索缓存分开；受阻及未载不推测,保留,公告及具体任务待核
N045,周期,周期和起止未取得。,https://cca.nuaa.edu.cn/_t862/2026/0627/c15585a402933/page.htm,2026-10-09,正文/搜索缓存分开；受阻及未载不推测,保留,公告及具体任务待核
N045,成果署名,成果数量、论文与单位署名要求未取得。,https://cca.nuaa.edu.cn/_t862/2026/0627/c15585a402933/page.htm,2026-10-09,正文/搜索缓存分开；受阻及未载不推测,保留,公告及具体任务待核
N045,知识产权,知识产权条款未取得。,https://cca.nuaa.edu.cn/_t862/2026/0627/c15585a402933/page.htm,2026-10-09,正文/搜索缓存分开；受阻及未载不推测,保留,公告及具体任务待核
N045,提交,提交份数、格式、盖章、邮箱、时间未取得。,https://cca.nuaa.edu.cn/_t862/2026/0627/c15585a402933/page.htm,2026-10-09,正文/搜索缓存分开；受阻及未载不推测,保留,公告及具体任务待核
N045,个人条件,本人博士、南京信息工程大学现职；个人年龄、限项、单位资格及合作人员尚未逐项确认。,https://cca.nuaa.edu.cn/_t862/2026/0627/c15585a402933/page.htm,2026-10-09,正文/搜索缓存分开；受阻及未载不推测,保留,公告及具体任务待核
N045,缺口,首次483，不再尝试；下载或复制完整2026公告及全部附件，先核真实机器人任务与外部资格；再补金额、截止、周期、成果、IP、合作、外协接收单位及提交。未进入首页。,https://cca.nuaa.edu.cn/_t862/2026/0627/c15585a402933/page.htm,2026-10-09,正文/搜索缓存分开；受阻及未载不推测,保留,公告及具体任务待核
N045,附件,请从公告页面下载全部附件，具体直链未取得,https://cca.nuaa.edu.cn/_t862/2026/0627/c15585a402933/page.htm,2026-10-09,正文/搜索缓存分开；受阻及未载不推测,保留,公告及具体任务待核
N045,联系,申报联系人及邮箱未取得,https://cca.nuaa.edu.cn/_t862/2026/0627/c15585a402933/page.htm,2026-10-09,正文/搜索缓存分开；受阻及未载不推测,保留,公告及具体任务待核
M072,依托单位,新疆天福泰钢结构有限公司（与北京化工大学联合共建）,"https://kjj.xjbt.gov.cn/c/2026-04-01/8477891.shtml
https://kjj.xjbt.gov.cn/c/2025-09-26/8446064.shtml",2026-10-09,政府年度通知/平台共建说明,保留,已截止
M072,合作访问,优先与实验室团队合作；成果论文通讯作者须为实验室固定人员。访问天数未载。,"https://kjj.xjbt.gov.cn/c/2026-04-01/8477891.shtml
https://kjj.xjbt.gov.cn/c/2025-09-26/8446064.shtml",2026-10-09,政府年度通知/平台共建说明,保留,已截止
M072,周期,每项只能延期一次，含延期总执行时间不超过1年；确切起止及正常期限以任务书确认。,"https://kjj.xjbt.gov.cn/c/2026-04-01/8477891.shtml
https://kjj.xjbt.gov.cn/c/2025-09-26/8446064.shtml",2026-10-09,政府年度通知/平台共建说明,保留,已截止
M072,缺口,周期不得仅摘录项目变更条款：正文给出含延期总执行时间≤1年，确切起止待任务书；费用不下拨、校内报账；固定人员通讯作者要求已核。,"https://kjj.xjbt.gov.cn/c/2026-04-01/8477891.shtml
https://kjj.xjbt.gov.cn/c/2025-09-26/8446064.shtml",2026-10-09,政府年度通知/平台共建说明,保留,已截止
M072,联系,何静15352668022；btzdsysfutai@163.com,"https://kjj.xjbt.gov.cn/c/2026-04-01/8477891.shtml
https://kjj.xjbt.gov.cn/c/2025-09-26/8446064.shtml",2026-10-09,政府年度通知/平台共建说明,保留,已截止
N046,正式来源,官方2026公告全文已核；申请表首次访问要求验证码,https://www.nuc.edu.cn/info/1014/63023.htm,2026-10-09,官方年度全文；未载与验证码缺口分开,待核,年度具体任务待核
N046,截止日期,2026-10-16,https://www.nuc.edu.cn/info/1014/63023.htm,2026-10-09,官方年度全文；未载与验证码缺口分开,待核,年度具体任务待核
N046,截止时点,截止时点未明示,https://www.nuc.edu.cn/info/1014/63023.htm,2026-10-09,官方年度全文；未载与验证码缺口分开,待核,年度具体任务待核
N046,实际任务,年度方向：超精密加工理论与装备制造；多能场复合加工；半导体产业链核心装备及零部件；产线AI+智造基础理论与应用。尚未明确机器人感知、规划、控制或自主装备具体任务；不能凭AI/智能装备名称进入首页。,https://www.nuc.edu.cn/info/1014/63023.htm,2026-10-09,官方年度全文；未载与验证码缺口分开,待核,年度具体任务待核
N046,资助金额,2—4万元/项，拟4—8项,https://www.nuc.edu.cn/info/1014/63023.htm,2026-10-09,官方年度全文；未载与验证码缺口分开,待核,年度具体任务待核
N046,资格,国内外相关领域博士或副高及以上；原则年龄≤45周岁；主持本实验室基金未结题验收者不得申报；单位同意签字盖章。,https://www.nuc.edu.cn/info/1014/63023.htm,2026-10-09,官方年度全文；未载与验证码缺口分开,待核,年度具体任务待核
N046,合作访问,论文成果必须署名实验室固定科研人员；未指定其担任通讯作者；访问天数未载。,https://www.nuc.edu.cn/info/1014/63023.htm,2026-10-09,官方年度全文；未载与验证码缺口分开,待核,年度具体任务待核
N046,经费外拨报销,经费使用须实验室审核，实验室主任及负责人双方签字方可报销；外拨是否允许及支出范围未明示，不能推断禁止或允许。,https://www.nuc.edu.cn/info/1014/63023.htm,2026-10-09,官方年度全文；未载与验证码缺口分开,待核,年度具体任务待核
N046,周期,2年，2026年10月至2028年9月。,https://www.nuc.edu.cn/info/1014/63023.htm,2026-10-09,官方年度全文；未载与验证码缺口分开,待核,年度具体任务待核
N046,成果署名,相关SCI≥2篇，其中≥1篇满足中北大学论文分类A2及以上（不是SCI二区）；年度报告和下一年度计划、中期学术报告、结题报告及答辩。实验室第一单位、固定研究人员署名；须同时标建设计划基金202504010932044及开放课题号，未标不计入验收。,https://www.nuc.edu.cn/info/1014/63023.htm,2026-10-09,官方年度全文；未载与验证码缺口分开,待核,年度具体任务待核
N046,知识产权,知识产权归属及转化条款未载，需管理办法确认。,https://www.nuc.edu.cn/info/1014/63023.htm,2026-10-09,官方年度全文；未载与验证码缺口分开,待核,年度具体任务待核
N046,提交,纸质3份单位同意签章，提交学院路3号中北大学实验室；电子版songtjarvin@nuc.edu.cn；正文另并列yuruien@nuc.edu.cn，是否同时提交需确认。,https://www.nuc.edu.cn/info/1014/63023.htm,2026-10-09,官方年度全文；未载与验证码缺口分开,待核,年度具体任务待核
N046,个人条件,本人博士满足学历选项；年龄、实验室在研限项、固定合作署名尚待本人/主办方确认。,https://www.nuc.edu.cn/info/1014/63023.htm,2026-10-09,官方年度全文；未载与验证码缺口分开,待核,年度具体任务待核
N046,缺口,先取得申请表及管理办法，核有无实际机器人/自主装备任务；无则剔除。附件验证码；经费外拨、IP、具体截止时点及第二邮箱用途未明示；不因日期未过直接写可申请。,https://www.nuc.edu.cn/info/1014/63023.htm,2026-10-09,官方年度全文；未载与验证码缺口分开,待核,年度具体任务待核
N046,附件,https://www.nuc.edu.cn/system/_content/download.jsp?owner=1472165184&urltype=news.DownloadAttachUrl&wbfileid=BBFEEDA971110196880E465484B14C3F,https://www.nuc.edu.cn/info/1014/63023.htm,2026-10-09,官方年度全文；未载与验证码缺口分开,待核,年度具体任务待核
N046,联系,宋天骄15525035460；songtjarvin@nuc.edu.cn；正文另列yuruien@nuc.edu.cn；山西太原尖草坪学院路3号中北大学030051,https://www.nuc.edu.cn/info/1014/63023.htm,2026-10-09,官方年度全文；未载与验证码缺口分开,待核,年度具体任务待核
N047,正式来源,官方公告搜索缓存及摘要；正文首次500失败,https://cise.sdust.edu.cn/home/page/details/catId/18/id/999001273.html,2026-10-09,官方缓存、第三方及未载分开；首次受阻交人工,历史/待核,历史批次·公告附件待核
N047,截止日期,2026-10-01,https://cise.sdust.edu.cn/home/page/details/catId/18/id/999001273.html,2026-10-09,官方缓存、第三方及未载分开；首次受阻交人工,历史/待核,历史批次·公告附件待核
N047,截止时点,寄出时间须在2026年10月01日之前，具体时点未取得,https://cise.sdust.edu.cn/home/page/details/catId/18/id/999001273.html,2026-10-09,官方缓存、第三方及未载分开；首次受阻交人工,历史/待核,历史批次·公告附件待核
N047,实际任务,官方摘要明确煤矿全场景视觉感知、恶劣条件多模态增强感知与鲁棒分析、复杂矿山环境感知与设备自适应控制、智能巡检设备、矿山具身智能装备。其他地质/矿山大模型方向不代替机器人具体任务。,https://cise.sdust.edu.cn/home/page/details/catId/18/id/999001273.html,2026-10-09,官方缓存、第三方及未载分开；首次受阻交人工,历史/待核,历史批次·公告附件待核
N047,资助金额,资助金额及项数尚未取得,https://cise.sdust.edu.cn/home/page/details/catId/18/id/999001273.html,2026-10-09,官方缓存、第三方及未载分开；首次受阻交人工,历史/待核,历史批次·公告附件待核
N047,资格,官方缓存欢迎国内外人才利用实验室条件开展基础研究；学历职称、年龄、限项具体条款未取得，不能代为确认可申报。,https://cise.sdust.edu.cn/home/page/details/catId/18/id/999001273.html,2026-10-09,官方缓存、第三方及未载分开；首次受阻交人工,历史/待核,历史批次·公告附件待核
N047,合作访问,固定合作者、共同署名及驻室要求未取得。,https://cise.sdust.edu.cn/home/page/details/catId/18/id/999001273.html,2026-10-09,官方缓存、第三方及未载分开；首次受阻交人工,历史/待核,历史批次·公告附件待核
N047,经费外拨报销,费用范围、外拨及报销条件未取得。,https://cise.sdust.edu.cn/home/page/details/catId/18/id/999001273.html,2026-10-09,官方缓存、第三方及未载分开；首次受阻交人工,历史/待核,历史批次·公告附件待核
N047,周期,周期及起止尚未取得。,https://cise.sdust.edu.cn/home/page/details/catId/18/id/999001273.html,2026-10-09,官方缓存、第三方及未载分开；首次受阻交人工,历史/待核,历史批次·公告附件待核
N047,成果署名,成果数量、第一单位、指定作者及结题要求未取得。,https://cise.sdust.edu.cn/home/page/details/catId/18/id/999001273.html,2026-10-09,官方缓存、第三方及未载分开；首次受阻交人工,历史/待核,历史批次·公告附件待核
N047,知识产权,知识产权条款未取得。,https://cise.sdust.edu.cn/home/page/details/catId/18/id/999001273.html,2026-10-09,官方缓存、第三方及未载分开；首次受阻交人工,历史/待核,历史批次·公告附件待核
N047,提交,官方摘要第8条：申请书纸质2份，2026-10-01之前（寄出时间）邮寄实验室，并将电子版发指定邮箱；地址、邮箱、盖章格式未取得。,https://cise.sdust.edu.cn/home/page/details/catId/18/id/999001273.html,2026-10-09,官方缓存、第三方及未载分开；首次受阻交人工,历史/待核,历史批次·公告附件待核
N047,个人条件,本人博士；具体资格全文未取得，年龄/限项及合作需按完整公告核实。,https://cise.sdust.edu.cn/home/page/details/catId/18/id/999001273.html,2026-10-09,官方缓存、第三方及未载分开；首次受阻交人工,历史/待核,历史批次·公告附件待核
N047,缺口,正文首次500，保存完整2026公告和附件；补金额、资格、合作、经费外拨、周期、成果/IP、联系方式及时点。截止已过，非当前申报项目；2027年度未取得。,https://cise.sdust.edu.cn/home/page/details/catId/18/id/999001273.html,2026-10-09,官方缓存、第三方及未载分开；首次受阻交人工,历史/待核,历史批次·公告附件待核
N047,附件,完整公告附件入口未取得，请从网页下载全部当年指南/管理办法/申请书,https://cise.sdust.edu.cn/home/page/details/catId/18/id/999001273.html,2026-10-09,官方缓存、第三方及未载分开；首次受阻交人工,历史/待核,历史批次·公告附件待核
N047,联系,指定邮箱、收件地址及联系人未取得,https://cise.sdust.edu.cn/home/page/details/catId/18/id/999001273.html,2026-10-09,官方缓存、第三方及未载分开；首次受阻交人工,历史/待核,历史批次·公告附件待核
N048,正式来源,第三方2026-01-20转载及本校教师履历机制线索；候选官方路径首次受阻，非已核正式公告,https://www.10100.com/article/115636790,2026-10-09,官方缓存、第三方及未载分开；首次受阻交人工,历史/待核,历史线索·官方公告待核
N048,截止日期,2026-03-06,https://www.10100.com/article/115636790,2026-10-09,官方缓存、第三方及未载分开；首次受阻交人工,历史/待核,历史线索·官方公告待核
N048,截止时点,转载为16:00，须官方原件确认,https://www.10100.com/article/115636790,2026-10-09,官方缓存、第三方及未载分开；首次受阻交人工,历史/待核,历史线索·官方公告待核
N048,实际任务,转载方向含多维制造信息融合感知与控制、非结构动态环境下人机协同制造、制造系统集成与智能运维、数字孪生建模、智能测试标定等。浙江工业教师主页另记2026多机械臂协同感知控制获本实验室基金，证明机制线索，不能代替完整年度正式任务及条款。,https://www.10100.com/article/115636790,2026-10-09,官方缓存、第三方及未载分开；首次受阻交人工,历史/待核,历史线索·官方公告待核
N048,资助金额,转载每项2—3万元，未取得官方确认,https://www.10100.com/article/115636790,2026-10-09,官方缓存、第三方及未载分开；首次受阻交人工,历史/待核,历史线索·官方公告待核
N048,资格,转载：国内外高校/科研院所科研人员，博士或副高以上；本年度限1项，实验室在研负责人不得参与；实际需官方核验。,https://www.10100.com/article/115636790,2026-10-09,官方缓存、第三方及未载分开；首次受阻交人工,历史/待核,历史线索·官方公告待核
N048,合作访问,固定合作人员及访问要求转载未載，待官方。,https://www.10100.com/article/115636790,2026-10-09,官方缓存、第三方及未载分开；首次受阻交人工,历史/待核,历史线索·官方公告待核
N048,经费外拨报销,支出、外拨报销规则未取得。,https://www.10100.com/article/115636790,2026-10-09,官方缓存、第三方及未载分开；首次受阻交人工,历史/待核,历史线索·官方公告待核
N048,周期,项目期限及起止未取得，不按教师项目起止推断。,https://www.10100.com/article/115636790,2026-10-09,官方缓存、第三方及未载分开；首次受阻交人工,历史/待核,历史线索·官方公告待核
N048,成果署名,转载：期限内≥3篇SCI/EI期刊，标实验室中文/英文资助及课题号；第一单位、指定作者需官方确认。,https://www.10100.com/article/115636790,2026-10-09,官方缓存、第三方及未载分开；首次受阻交人工,历史/待核,历史线索·官方公告待核
N048,知识产权,IP未取得管理办法。,https://www.10100.com/article/115636790,2026-10-09,官方缓存、第三方及未载分开；首次受阻交人工,历史/待核,历史线索·官方公告待核
N048,提交,转载：2026-03-06 16:00前申请书发20220051@wfu.edu.cn，评审立项签技术合同；份数、签章等待原件。,https://www.10100.com/article/115636790,2026-10-09,官方缓存、第三方及未载分开；首次受阻交人工,历史/待核,历史线索·官方公告待核
N048,个人条件,本人博士；待官方明确真实资格、限项及合作，无推荐判断。,https://www.10100.com/article/115636790,2026-10-09,官方缓存、第三方及未载分开；首次受阻交人工,历史/待核,历史线索·官方公告待核
N048,缺口,第三方不是正式凭据；候选官方URL无法读取且真实性未确认，需人工从学校机械学院官网定位2026指南及附件、管理办法。转载电话区号0356与潍坊所在地不同，原样保留待核不自行改为0536；日期/金额不得当作已核。,https://www.10100.com/article/115636790,2026-10-09,官方缓存、第三方及未载分开；首次受阻交人工,历史/待核,历史线索·官方公告待核
N048,附件,候选路径（未确认）：https://jid.wfu.edu.cn/2026/0119/c1036a258486/page.htm；学校学院入口https://jid.wfu.edu.cn/,https://www.10100.com/article/115636790,2026-10-09,官方缓存、第三方及未载分开；首次受阻交人工,历史/待核,历史线索·官方公告待核
N048,联系,转载王老师0356-8785603；20220051@wfu.edu.cn，须官网确认,https://www.10100.com/article/115636790,2026-10-09,官方缓存、第三方及未载分开；首次受阻交人工,历史/待核,历史线索·官方公告待核
N049,正式来源,官方2023公告搜索缓存全文已取得；网页首次直接访问不可达,https://jdgcxy.gdut.edu.cn/info/1086/4035.htm,2026-10-09,官方缓存、第三方及未载分开；首次受阻交人工,历史/待核,已截止
N049,截止日期,2023-12-01,https://jdgcxy.gdut.edu.cn/info/1086/4035.htm,2026-10-09,官方缓存、第三方及未载分开；首次受阻交人工,历史/待核,已截止
N049,截止时点,当年截止时点未明示；常年收材料描述不替代当年截止,https://jdgcxy.gdut.edu.cn/info/1086/4035.htm,2026-10-09,官方缓存、第三方及未载分开；首次受阻交人工,历史/待核,已截止
N049,实际任务,高速精密运动机构/平台、宏微协同精密运动控制、非线性响应运动规划、多模三维显微成像、大视场高速视觉检测、精密电子制造智能装备（含3C机器人）关键技术、柔性产线快速定制设计。仅相关条款入方向，材料制备不凭关键词延伸。,https://jdgcxy.gdut.edu.cn/info/1086/4035.htm,2026-10-09,官方缓存、第三方及未载分开；首次受阻交人工,历史/待核,已截止
N049,资助金额,一般约5万元/项；重点约10万元/项,https://jdgcxy.gdut.edu.cn/info/1086/4035.htm,2026-10-09,官方缓存、第三方及未载分开；首次受阻交人工,历史/待核,已截止
N049,资格,在职博士或副高以上；其他需2名正高书面推荐；35岁以下优先而非年龄硬限制；负责人不能同期承担≥2项开放课题；国内外学者。,https://jdgcxy.gdut.edu.cn/info/1086/4035.htm,2026-10-09,官方缓存、第三方及未载分开；首次受阻交人工,历史/待核,已截止
N049,合作访问,鼓励固定研究人员联合申报，未列强制；客座访问天数未明示。,https://jdgcxy.gdut.edu.cn/info/1086/4035.htm,2026-10-09,官方缓存、第三方及未载分开；首次受阻交人工,历史/待核,已截止
N049,经费外拨报销,资金来源中央财政及学校实验室拨款；具体科目、外拨和报销办法未取得。,https://jdgcxy.gdut.edu.cn/info/1086/4035.htm,2026-10-09,官方缓存、第三方及未载分开；首次受阻交人工,历史/待核,已截止
N049,周期,3年，确切执行起止待任务书。,https://jdgcxy.gdut.edu.cn/info/1086/4035.htm,2026-10-09,官方缓存、第三方及未载分开；首次受阻交人工,历史/待核,已截止
N049,成果署名,一般≥1篇、重点≥2篇广工国际TOP目录高质量论文；另验收条款要求成果至少发表或录用2篇高质量论文，两段数量差异保留待确认。论文第一/通讯作者完成单位含实验室；全部成果实验室第一完成单位。结题报告成果原件复印件验收。,https://jdgcxy.gdut.edu.cn/info/1086/4035.htm,2026-10-09,官方缓存、第三方及未载分开；首次受阻交人工,历史/待核,已截止
N049,知识产权,成果由实验室、研究者单位及其他资助单位共享；具体专利/转化处置未载。,https://jdgcxy.gdut.edu.cn/info/1086/4035.htm,2026-10-09,官方缓存、第三方及未载分开；首次受阻交人工,历史/待核,已截止
N049,提交,按附件申请书申请，专家评审后任务书再合同；合同双方单位签署盖章2份寄实验室。常年收材料但2023年度截止2023-12-01，不能视当前受理；初始申请份数及提交途径应核附件。,https://jdgcxy.gdut.edu.cn/info/1086/4035.htm,2026-10-09,官方缓存、第三方及未载分开；首次受阻交人工,历史/待核,已截止
N049,个人条件,本人博士满足学历选项；在职、同期开放限项可按本人实际确认；合作鼓励非强制。,https://jdgcxy.gdut.edu.cn/info/1086/4035.htm,2026-10-09,官方缓存、第三方及未载分开；首次受阻交人工,历史/待核,已截止
N049,缺口,直接网页首次不可达；人工保存2023完整公告及附件1申请书，补经费外拨、初始申请提交格式，确认一般1篇与验收至少2篇的口径；2026—2027新指南未取得。不同于R003教育部平台2018年度，不合并年度/不同平台。,https://jdgcxy.gdut.edu.cn/info/1086/4035.htm,2026-10-09,官方缓存、第三方及未载分开；首次受阻交人工,历史/待核,已截止
N049,附件,附件1《省部共建精密电子制造技术与装备国家重点实验室开放课题申请书（2023年）》DOC，具体下载直链未取得,https://jdgcxy.gdut.edu.cn/info/1086/4035.htm,2026-10-09,官方缓存、第三方及未载分开；首次受阻交人工,历史/待核,已截止
N049,联系,刘金花；jmdz_gz@gdut.edu.cn；020-39325372、15013234272；广州市番禺区大学城外环西路100号工学二号馆301室510006,https://jdgcxy.gdut.edu.cn/info/1086/4035.htm,2026-10-09,官方缓存、第三方及未载分开；首次受阻交人工,历史/待核,已截止
N050,正式来源,官方2024首批正文前段已读，续读末段首次超时,https://imeie.upc.edu.cn/2024/0612/c10897a460865/page.htm,2026-10-09,正文前段；末段首次超时及未载不推测,历史/待核,历史批次·公告末段附件待核
N050,截止日期,2024申报截止原文未取得；研究期已结束,https://imeie.upc.edu.cn/2024/0612/c10897a460865/page.htm,2026-10-09,正文前段；末段首次超时及未载不推测,历史/待核,历史批次·公告末段附件待核
N050,截止时点,具体截止时点未取得,https://imeie.upc.edu.cn/2024/0612/c10897a460865/page.htm,2026-10-09,正文前段；末段首次超时及未载不推测,历史/待核,历史批次·公告末段附件待核
N050,实际任务,1.2运动船载雷达目标检测与测向；1.4海雾/AIS碰撞风险建模及航行路径规划；2.1复杂地形动态气象下无人机集群组网观测；2.3声传播折射下水下航行器非线性卡尔曼定位；2.4水上/水下一体化导航。其他土壤/温盐反演和地质任务不凭关键词扩展。,https://imeie.upc.edu.cn/2024/0612/c10897a460865/page.htm,2026-10-09,正文前段；末段首次超时及未载不推测,历史/待核,历史批次·公告末段附件待核
N050,资助金额,正文已见部分未给金额，需管理办法确认；不是确认零资助,https://imeie.upc.edu.cn/2024/0612/c10897a460865/page.htm,2026-10-09,正文前段；末段首次超时及未载不推测,历史/待核,历史批次·公告末段附件待核
N050,资格,国内外相关研发人员，原则年龄≤40；中级或博士或中心直接聘任客座/访问学者；申请人不得为中心固定人员；同年1项、前项未结题不申请。,https://imeie.upc.edu.cn/2024/0612/c10897a460865/page.htm,2026-10-09,正文前段；末段首次超时及未载不推测,历史/待核,历史批次·公告末段附件待核
N050,合作访问,必须与依托单位正式工作人员合作，对方协同研究并负责经费报销；是否驻室及天数未载。,https://imeie.upc.edu.cn/2024/0612/c10897a460865/page.htm,2026-10-09,正文前段；末段首次超时及未载不推测,历史/待核,历史批次·公告末段附件待核
N050,经费外拨报销,依托中央高校基本科研业务费自主创新科研计划平台专项，由校内人员负责报销；外拨是否允许、科目比例待管理办法，不根据报销描述推定外拨禁止。,https://imeie.upc.edu.cn/2024/0612/c10897a460865/page.htm,2026-10-09,正文前段；末段首次超时及未载不推测,历史/待核,历史批次·公告末段附件待核
N050,周期,2年，2024-01-01—2025-12-31；非当前受理。,https://imeie.upc.edu.cn/2024/0612/c10897a460865/page.htm,2026-10-09,正文前段；末段首次超时及未载不推测,历史/待核,历史批次·公告末段附件待核
N050,成果署名,每项至少1个仪器装备样机或数据集，加1篇SCI/EI期刊论文；须同时标中央高校基本科研业务费及专项号、创新中心开放课题资助，未标成果不认可；第一单位及指定作者要求待办法。,https://imeie.upc.edu.cn/2024/0612/c10897a460865/page.htm,2026-10-09,正文前段；末段首次超时及未载不推测,历史/待核,历史批次·公告末段附件待核
N050,知识产权,知识产权条款未取得。,https://imeie.upc.edu.cn/2024/0612/c10897a460865/page.htm,2026-10-09,正文前段；末段首次超时及未载不推测,历史/待核,历史批次·公告末段附件待核
N050,提交,填附件2申请书提交中心、形式审查及专家评审；公告末段未取得，准确截止、份数、签章、收件邮箱地址尚未核。,https://imeie.upc.edu.cn/2024/0612/c10897a460865/page.htm,2026-10-09,正文前段；末段首次超时及未载不推测,历史/待核,历史批次·公告末段附件待核
N050,个人条件,本人博士满足学历选项；年龄、中心固定身份/限项及合作人需按本人实际确认，尚未落实固定合作者。,https://imeie.upc.edu.cn/2024/0612/c10897a460865/page.htm,2026-10-09,正文前段；末段首次超时及未载不推测,历史/待核,历史批次·公告末段附件待核
N050,缺口,首次正文前段可读，续读末段超时即停止；人工保存完整2024公告及附件1管理办法、附件2申请书，补截止、金额、提交、经费外拨/IP。2025第二批和2026第三批实为海洋流场/遥感环境任务，按各年任务独立剔除，不覆盖2024相关结论。,https://imeie.upc.edu.cn/2024/0612/c10897a460865/page.htm,2026-10-09,正文前段；末段首次超时及未载不推测,历史/待核,历史批次·公告末段附件待核
N050,附件,正文称附件1开放基金管理办法（试行）、附件2申请书；末段具体下载链接未取得,https://imeie.upc.edu.cn/2024/0612/c10897a460865/page.htm,2026-10-09,正文前段；末段首次超时及未载不推测,历史/待核,历史批次·公告末段附件待核
N050,联系,研究方向联系人：1.2纪永刚jiyonggang@upc.edu.cn、崔学荣cxr@upc.edu.cn；1.4刘善伟20110052@upc.edu.cn；2.1罗偲luo_cai@upc.edu.cn；2.3余相20240018@upc.edu.cn；2.4贺凯飞kfhe@upc.edu.cn。受理联系人及提交地址待末段，不能套2026联系信息。,https://imeie.upc.edu.cn/2024/0612/c10897a460865/page.htm,2026-10-09,正文前段；末段首次超时及未载不推测,历史/待核,历史批次·公告末段附件待核
M059,实际任务,无人系统多源传感融合/环境适配、轻量化目标识别跟踪、无卫星定位地图构建、机载边缘感知、高精运动控制轨迹规划、多导航融合、异构无人集群分布式协同、空地任务调度、数字孪生协同仿真、容错控制及无人系统协同安全。,https://jqr.sasu.edu.cn/info/1009/1062.htm,2026-10-09,M059/M060复用既有sources官方完整原文；M105同批官方缓存,校正漏摘/补充,已截止
M059,资格,高校、科研院所、机关企事业单位中级以上或正科职级或硕士学位；否则2名同领域高级职称推荐。每人申报主持1项，未结题开放课题负责人不能参与当年申请；校内主持≤1、参与≤2。,https://jqr.sasu.edu.cn/info/1009/1062.htm,2026-10-09,M059/M060复用既有sources官方完整原文；M105同批官方缓存,校正漏摘/补充,已截止
M059,合作访问,必须指定1名四川文理学院固定人员联系人；论文专利须含1名实验室固定人员；产学研联合鼓励，驻室/访问天数未载。,https://jqr.sasu.edu.cn/info/1009/1062.htm,2026-10-09,M059/M060复用既有sources官方完整原文；M105同批官方缓存,校正漏摘/补充,已截止
M059,周期,一般2年，执行以下达为准；申报书统一填写2026-01-01至2027-12-31。,https://jqr.sasu.edu.cn/info/1009/1062.htm,2026-10-09,M059/M060复用既有sources官方完整原文；M105同批官方缓存,校正漏摘/补充,已截止
M059,成果署名,重点和一般均须工程实际应用推广、效果良好及企业工程应用证明；重点另满足5类中的2项，一般另满足1项：样机/系统1台套、省部级及行业学会奖、论文（重点SCI/EI1或核心2；一般核心1或普刊2，授权专利可折核心）、省部级首台套、同水平其他成果。自筹无现金，验证测试报告/期刊1或IP1/同水平三者选1。论文专利实验室或学校第一/第二单位并含1名固定人员、标资助课题号；结题总结、应用及各类成果证明。不把论文单项替代工程应用要求。,https://jqr.sasu.edu.cn/info/1009/1062.htm,2026-10-09,M059/M060复用既有sources官方完整原文；M105同批官方缓存,校正漏摘/补充,已截止
M059,缺口,固定人员联系人及署名已由现有2026正文核实；驻室天数未载，是否另有合同访问要求待主办方确认。2026-07-18首页索引与旧档拟立项标题不同，需核其公告性质/是否新轮，不能当新申报批次。,https://jqr.sasu.edu.cn/info/1009/1062.htm,2026-10-09,M059/M060复用既有sources官方完整原文；M105同批官方缓存,校正漏摘/补充,已截止
M059,联系,熊浩18111791715；3282644598@qq.com；达州市达川区南坝路四川文理学院南坝校区二教楼604，635000,https://jqr.sasu.edu.cn/info/1009/1062.htm,2026-10-09,M059/M060复用既有sources官方完整原文；M105同批官方缓存,校正漏摘/补充,已截止
M060,资格,高校、科研院所、机关企事业单位中级以上（含警务技术）或正科或硕士；否则2名同领域高级职称推荐。每人申报主持1项，未结题开放课题负责人不能参与当年申请；校内主持≤1、参与≤2。,https://jqr.sasu.edu.cn/info/1009/1061.htm,2026-10-09,M059/M060复用既有sources官方完整原文；M105同批官方缓存,校正漏摘/补充,已截止
M060,合作访问,必须指定1名四川文理学院固定人员联系人；论文专利须含1名实验室固定人员；鼓励与公安实战单位/产学研联合；驻室天数未载。,https://jqr.sasu.edu.cn/info/1009/1061.htm,2026-10-09,M059/M060复用既有sources官方完整原文；M105同批官方缓存,校正漏摘/补充,已截止
M060,周期,一般2年，执行以下达为准；申报书统一填写2026-01-01至2027-12-31。,https://jqr.sasu.edu.cn/info/1009/1061.htm,2026-10-09,M059/M060复用既有sources官方完整原文；M105同批官方缓存,校正漏摘/补充,已截止
M060,成果署名,重点和一般均须工程实际应用推广、效果良好及企业工程应用证明；重点另满足5类中的2项，一般另满足1项：样机/系统1台套、省部级及行业学会奖、论文（重点SCI/EI1或核心2；一般核心1或普刊2，授权专利可折核心）、省部级首台套、同水平其他成果。自筹无现金，验证测试报告/期刊1或IP1/同水平三者选1。论文专利实验室或学校第一/第二单位并含1名固定人员、标资助课题号；结题总结、应用及各类成果证明。不把论文单项替代工程应用要求。,https://jqr.sasu.edu.cn/info/1009/1061.htm,2026-10-09,M059/M060复用既有sources官方完整原文；M105同批官方缓存,校正漏摘/补充,已截止
M060,缺口,固定人员联系人、论文署名和工程应用证明已从现有年度原文补齐；驻室天数未载，需按主办方合同确认。,https://jqr.sasu.edu.cn/info/1009/1061.htm,2026-10-09,M059/M060复用既有sources官方完整原文；M105同批官方缓存,校正漏摘/补充,已截止
M060,联系,熊浩18111791715；3282644598@qq.com；达州市达川区南坝路四川文理学院南坝校区二教楼604，635000,https://jqr.sasu.edu.cn/info/1009/1061.htm,2026-10-09,M059/M060复用既有sources官方完整原文；M105同批官方缓存,校正漏摘/补充,已截止
M105,联系,姜老师028-87600869；qybgky@swjtu.edu.cn；成都市二环路北一段111号实验室，610031,https://rvl.swjtu.edu.cn/info/1071/20938.htm,2026-10-09,M059/M060复用既有sources官方完整原文；M105同批官方缓存,校正漏摘/补充,受理中·条件待核
M105,X,完整经费条款见M列，成果O列，IP在P列；经费外拨和IP仍待核。同一2027批次补充官方通知：https://rvl.swjtu.edu.cn/info/1071/20938.htm；不另立项目。,https://rvl.swjtu.edu.cn/info/1071/20938.htm,2026-10-09,M059/M060复用既有sources官方完整原文；M105同批官方缓存,校正漏摘/补充,受理中·条件待核
M105,AA,同一2027申报批次官方公告：20938（原已核20948保留），非新增项目。,https://rvl.swjtu.edu.cn/info/1071/20938.htm,2026-10-09,M059/M060复用既有sources官方完整原文；M105同批官方缓存,校正漏摘/补充,受理中·条件待核
N051,正式来源,正式历史公告完整正文已读；两类申请模板首次超时,https://airs.cuhk.edu.cn/page/372,2026-10-09,完整官方正文；附件首次超时/验证码不重试,历史/待核,已截止
N051,截止日期,2020-02-07,https://airs.cuhk.edu.cn/page/372,2026-10-09,完整官方正文；附件首次超时/验证码不重试,历史/待核,已截止
N051,截止时点,电子版2020-02-07之前；盖章纸质版2020-02-14前；均未列具体时点,https://airs.cuhk.edu.cn/page/372,2026-10-09,完整官方正文；附件首次超时/验证码不重试,历史/待核,已截止
N051,实际任务,探索：机器学习、计算机视觉、群体智能、智能云物联网、机器人设计理论/系统及应用。重点当年6项：可信学习、联邦强化学习、工业机器学习、机器人与AI教育素养测评、大型机翼内部检测机器人、5G智能网联调度规划；按实际任务选择，不把2020任务套2026。,https://airs.cuhk.edu.cn/page/372,2026-10-09,完整官方正文；附件首次超时/验证码不重试,历史/待核,已截止
N051,资助金额,探索20—50万元/年；重点≤150万元/年；周期1—2年，最终立项额度由评审决定；未给统一两年总额。,https://airs.cuhk.edu.cn/page/372,2026-10-09,完整官方正文；附件首次超时/验证码不重试,历史/待核,已截止
N051,资格,境内高校、科研机构、国家高新技术企业等为依托；港澳高校/公营科研机构通过深圳设立单位申请。负责人全职聘用获单位书面同意；港澳单位深圳项目可由港澳全职且具PI经历者主持。探索博士/中级以上/高企主要技术负责人，或1名同领域高级推荐；重点高级/高企主要技术负责人，或2名同领域高级推荐。执行期内负责人或参与者合计≤1项（AIRS合作人例外）；AIRS人员/分院在研项目负责人不能主持。,https://airs.cuhk.edu.cn/page/372,2026-10-09,完整官方正文；附件首次超时/验证码不重试,历史/待核,已截止
N051,合作访问,探索需参与研究院学术交流，研究院额外资助差旅；重点须至少1名AIRS副研究员及以上合作人，提交前签合作协议，约定任务、经费分配、IP及成果转化收益。访问天数未载。,https://airs.cuhk.edu.cn/page/372,2026-10-09,完整官方正文；附件首次超时/验证码不重试,历史/待核,已截止
N051,经费外拨报销,探索经费拨到申请人依托单位；重点部分外拨依托单位、部分留AIRS，比例须预先合作协议约定。首批50%依市政府经费到位拨付，中期通过后1个月内拨尾款。按深圳科技研发资金及各单位财务制度报账；结题需指定清单会计所专项审计，审计费用列项目预算。,https://airs.cuhk.edu.cn/page/372,2026-10-09,完整官方正文；附件首次超时/验证码不重试,历史/待核,已截止
N051,周期,1—2年；具体起止日期公开正文未载。,https://airs.cuhk.edu.cn/page/372,2026-10-09,完整官方正文；附件首次超时/验证码不重试,历史/待核,已截止
N051,成果署名,项目结束经费决算+指定会计所专项审计；正文未公开论文/专利/样机数量、第一单位或作者指标，不能推定仅凭论文结题。,https://airs.cuhk.edu.cn/page/372,2026-10-09,完整官方正文；附件首次超时/验证码不重试,历史/待核,已截止
N051,知识产权,重点提交前协议约定IP及转化收益；探索具体IP归属正文未载，须管理办法/任务书确认。,https://airs.cuhk.edu.cn/page/372,2026-10-09,完整官方正文；附件首次超时/验证码不重试,历史/待核,已截止
N051,提交,电子版2020-02-07前发openproj-airs@cuhk.edu.cn，主题单位+姓名+开放项目申请；盖章纸质2020-02-14前邮寄深圳龙岗坂田雅宝路1号星河WORLD G2-15层，518172，鄢老师。两类表为公告附件。,https://airs.cuhk.edu.cn/page/372,2026-10-09,完整官方正文；附件首次超时/验证码不重试,历史/待核,已截止
N051,个人条件,本人博士及南京信息工程大学现职可对应探索学历及境内高校条件；本轮已截止。重点职称/推荐、执行期其他项目限项及合作协议须按后续年度实核，不认熟人已落实。,https://airs.cuhk.edu.cn/page/372,2026-10-09,完整官方正文；附件首次超时/验证码不重试,历史/待核,已截止
N051,缺口,2020已截止，仅历史机制参考。两份DOC模板首次超时；数量成果/署名/探索IP、当年管理办法未取得；不得套用2020金额和外拨到2026。M098已记录2026另轮不重复。,https://airs.cuhk.edu.cn/page/372,2026-10-09,完整官方正文；附件首次超时/验证码不重试,历史/待核,已截止
N051,附件,公告附件1探索申请模板、2重点模板：各首次TimeoutError；原精确URL见原始访问记录及人工N051。,https://airs.cuhk.edu.cn/page/372,2026-10-09,完整官方正文；附件首次超时/验证码不重试,历史/待核,已截止
N051,联系,鄢老师，（86）755-23518016；openproj-airs@cuhk.edu.cn；深圳龙岗坂田雅宝路1号星河WORLD G2-15层518172（2020提交地址）；页尾现办公G2-14层不是替换历史申报地址。,https://airs.cuhk.edu.cn/page/372,2026-10-09,完整官方正文；附件首次超时/验证码不重试,历史/待核,已截止
N052,正式来源,正式2026联合公告完整正文已读；机器人任务证据未够，申请附件需验证码,https://kjc.sau.edu.cn/info/1074/2420.htm,2026-10-09,完整官方正文；附件首次超时/验证码不重试,历史/待核,线索待核·已截止
N052,截止日期,2026-08-15,https://kjc.sau.edu.cn/info/1074/2420.htm,2026-10-09,完整官方正文；附件首次超时/验证码不重试,历史/待核,线索待核·已截止
N052,截止时点,具体截止时点未载,https://kjc.sau.edu.cn/info/1074/2420.htm,2026-10-09,完整官方正文；附件首次超时/验证码不重试,历史/待核,线索待核·已截止
N052,实际任务,2026四项原任务：新型结构创新设计及考核验证、航空高性能增材制造、智能化航空制造工艺、航空新结构智能制造及智能装备。正文未具体列机器人感知/规划/学习控制任务，不能由智能制造标题判定已相关；待附件/具体任务说明。,https://kjc.sau.edu.cn/info/1074/2420.htm,2026-10-09,完整官方正文；附件首次超时/验证码不重试,历史/待核,线索待核·已截止
N052,资助金额,合同金额2万元/项；计划≤10项。,https://kjc.sau.edu.cn/info/1074/2420.htm,2026-10-09,完整官方正文；附件首次超时/验证码不重试,历史/待核,线索待核·已截止
N052,资格,一般副高以上或博士；项目必须由沈航及其他高校/研究院所/企业等人员共同承担；年龄/限项正文未载。,https://kjc.sau.edu.cn/info/1074/2420.htm,2026-10-09,完整官方正文；附件首次超时/验证码不重试,历史/待核,线索待核·已截止
N052,合作访问,必须沈航+校外共同承担；执行期至少参加1次教育部实验室学术交流并作汇报；没有在本公告指定合作人级别/驻室天数。,https://kjc.sau.edu.cn/info/1074/2420.htm,2026-10-09,完整官方正文；附件首次超时/验证码不重试,历史/待核,线索待核·已截止
N052,经费外拨报销,须按申请书研究计划/经费预算执行、提交进展和支出说明；外拨比例、报账地点、开支细项正文未载，不推断2万可全拨南信大。,https://kjc.sau.edu.cn/info/1074/2420.htm,2026-10-09,完整官方正文；附件首次超时/验证码不重试,历史/待核,线索待核·已截止
N052,周期,研究期限2年；起止日期未载。,https://kjc.sau.edu.cn/info/1074/2420.htm,2026-10-09,完整官方正文；附件首次超时/验证码不重试,历史/待核,线索待核·已截止
N052,成果署名,负责人第一或通讯作者且与非沈航参研人共同：公开SCI≥1篇，或EI/一级学报≥2篇，或授权发明专利≥1项；至少1次交流汇报；进展、支出说明、结题报告。论文及其他成果须基金标注，第一单位顺序未载。,https://kjc.sau.edu.cn/info/1074/2420.htm,2026-10-09,完整官方正文；附件首次超时/验证码不重试,历史/待核,线索待核·已截止
N052,知识产权,开放基金成果归飞行器快速试制技术研究教育部重点实验室、航空制造技术国防重点学科与技术研究中心共有；正文未明确校外单位共有比例，须协议确认。,https://kjc.sau.edu.cn/info/1074/2420.htm,2026-10-09,完整官方正文；附件首次超时/验证码不重试,历史/待核,线索待核·已截止
N052,提交,填写联合申请书，附研究基础佐证；课题名称（研究方向）+申请人+单位命名；申请书与佐证合并PDF，2026-08-15前发136478034@qq.com。纸质份数/盖章正文未載，附件待取。,https://kjc.sau.edu.cn/info/1074/2420.htm,2026-10-09,完整官方正文；附件首次超时/验证码不重试,历史/待核,线索待核·已截止
N052,个人条件,本人博士/高校现职已知；与沈航合作人尚未落实。年度任务是否涵盖实际机器人或相关装备算法待核，本轮已截止。,https://kjc.sau.edu.cn/info/1074/2420.htm,2026-10-09,完整官方正文；附件首次超时/验证码不重试,历史/待核,线索待核·已截止
N052,缺口,年度任务只有航空工艺/结构/智能装备大项，无具体机器人任务证据，放待核不首页。申请DOC验证码未取；须补任务细项、外拨报账、起止日期、第一单位/IP校外权属。,https://kjc.sau.edu.cn/info/1074/2420.htm,2026-10-09,完整官方正文；附件首次超时/验证码不重试,历史/待核,线索待核·已截止
N052,附件,申请DOC验证码：https://kjc.sau.edu.cn/system/_content/download.jsp?owner=2133624617&urltype=news.DownloadAttachUrl&wbfileid=18212205,https://kjc.sau.edu.cn/info/1074/2420.htm,2026-10-09,完整官方正文；附件首次超时/验证码不重试,历史/待核,线索待核·已截止
N052,联系,赵朔024-89724538；136478034@qq.com；沈阳道义南大街37号110136（科研院页尾地址，未作为指定邮寄要求）。,https://kjc.sau.edu.cn/info/1074/2420.htm,2026-10-09,完整官方正文；附件首次超时/验证码不重试,历史/待核,线索待核·已截止
N053,正式来源,官方2026完整正文已读；智能可穿戴任务未细化，办法/申请表验证码,https://klftpme.xpu.edu.cn/info/1042/1495.htm,2026-10-09,完整正式正文/历史成果表；首次验证码或工具不可解析不重复,历史/待核,线索待核·已截止
N053,截止日期,2026-05-16,https://klftpme.xpu.edu.cn/info/1042/1495.htm,2026-10-09,完整正式正文/历史成果表；首次验证码或工具不可解析不重复,历史/待核,线索待核·已截止
N053,截止时点,具体时点未载,https://klftpme.xpu.edu.cn/info/1042/1495.htm,2026-10-09,完整正式正文/历史成果表；首次验证码或工具不可解析不重复,历史/待核,线索待核·已截止
N053,实际任务,当年5项原方向：安全防护纺织品、结构—功能纺织复合材料、智能纤维及智能可穿戴、医用纺织材料、纺织产业碳中和。智能可穿戴仅领域名，未公开机器人/人机感知交互具体研究任务；简介纺织智能加工装备不能代替本年指南。,https://klftpme.xpu.edu.cn/info/1042/1495.htm,2026-10-09,完整正式正文/历史成果表；首次验证码或工具不可解析不重复,历史/待核,线索待核·已截止
N053,资助金额,重点5万元/项拟2项；一般2万元/项拟15项。,https://klftpme.xpu.edu.cn/info/1042/1495.htm,2026-10-09,完整正式正文/历史成果表；首次验证码或工具不可解析不重复,历史/待核,线索待核·已截止
N053,资格,在职教学/科研人员，相关功能性纺织材料研究，副教授以上或博士；否则由该领域高级专家推荐（人数未载）。优先校外，校外申请人作为负责人；同年申报1项可参与1项，年龄未载。,https://klftpme.xpu.edu.cn/info/1042/1495.htm,2026-10-09,完整正式正文/历史成果表；首次验证码或工具不可解析不重复,历史/待核,线索待核·已截止
N053,合作访问,必须与实验室固定科研人员联合申请；鼓励利用设备/科研交流，驻室天数未载。,https://klftpme.xpu.edu.cn/info/1042/1495.htm,2026-10-09,完整正式正文/历史成果表；首次验证码或工具不可解析不重复,历史/待核,线索待核·已截止
N053,经费外拨报销,经费主要设备费、业务费、劳务费；是否外拨及比例、报账地点/支付时点正文未载，办法验证码未取。,https://klftpme.xpu.edu.cn/info/1042/1495.htm,2026-10-09,完整正式正文/历史成果表；首次验证码或工具不可解析不重复,历史/待核,线索待核·已截止
N053,周期,2年；起止日期未載；2027-07-01前须中检报告，进展不佳可终止。,https://klftpme.xpu.edu.cn/info/1042/1495.htm,2026-10-09,完整正式正文/历史成果表；首次验证码或工具不可解析不重复,历史/待核,线索待核·已截止
N053,成果署名,重点：研究报告1篇+SCI中科院一区≥1或二区≥2+可展示产品1件；一般：报告1篇+SCI二区及以上≥1+产品1件；报告须有显示度/可量化指标/应用示范。论文第一单位或第一通讯单位为实验室，成果基金编号标注；在实验室开展测试须交测试报告。,https://klftpme.xpu.edu.cn/info/1042/1495.htm,2026-10-09,完整正式正文/历史成果表；首次验证码或工具不可解析不重复,历史/待核,线索待核·已截止
N053,知识产权,授权专利/软著等：西安工程大学为第一专利权人/完成单位；成果转化经济效益双方共享比例另议；全面IP归属/合作单位权益须办法确认。,https://klftpme.xpu.edu.cn/info/1042/1495.htm,2026-10-09,完整正式正文/历史成果表；首次验证码或工具不可解析不重复,历史/待核,线索待核·已截止
N053,提交,纸质1份负责人签字、单位盖章，邮实验室；电子含盖章页扫描发jybzdsys@xpu.edu.cn；截止2026-05-16，材料不齐不受理。西安碑林金花南路19号。,https://klftpme.xpu.edu.cn/info/1042/1495.htm,2026-10-09,完整正式正文/历史成果表；首次验证码或工具不可解析不重复,历史/待核,线索待核·已截止
N053,个人条件,已知本人博士和高校现职；机器人具体任务证据不足且本轮已截止；固定合作、限项及材料领域具体任务待核，不推断不能做。,https://klftpme.xpu.edu.cn/info/1042/1495.htm,2026-10-09,完整正式正文/历史成果表；首次验证码或工具不可解析不重复,历史/待核,线索待核·已截止
N053,缺口,智能纤维/可穿戴缺具体机器人、人机感知交互任务；2附件验证码。需当年细任务、管理办法外拨/IP条款，不能因领域智能收首页或写确定相关。,https://klftpme.xpu.edu.cn/info/1042/1495.htm,2026-10-09,完整正式正文/历史成果表；首次验证码或工具不可解析不重复,历史/待核,线索待核·已截止
N053,附件,管理办法PDF wbfileid=16491081；申请DOC wbfileid=16491080；owner=1869563533；两附件首次验证码未取，链接见人工N053。,https://klftpme.xpu.edu.cn/info/1042/1495.htm,2026-10-09,完整正式正文/历史成果表；首次验证码或工具不可解析不重复,历史/待核,线索待核·已截止
N053,联系,李老师18700931660；jybzdsys@xpu.edu.cn；西安碑林区金花南路19号功能性纺织材料及制品教育部重点实验室。,https://klftpme.xpu.edu.cn/info/1042/1495.htm,2026-10-09,完整正式正文/历史成果表；首次验证码或工具不可解析不重复,历史/待核,线索待核·已截止
N054,正式来源,正式2015完整公告及成果额度对照表已读；2个DOC首次不可解析,https://kjc.guat.edu.cn/info/1088/1539.htm,2026-10-09,完整正式正文/历史成果表；首次验证码或工具不可解析不重复,历史/待核,已截止
N054,截止日期,2015-06-20,https://kjc.guat.edu.cn/info/1088/1539.htm,2026-10-09,完整正式正文/历史成果表；首次验证码或工具不可解析不重复,历史/待核,已截止
N054,截止时点,具体截止时点未载,https://kjc.guat.edu.cn/info/1088/1539.htm,2026-10-09,完整正式正文/历史成果表；首次验证码或工具不可解析不重复,历史/待核,已截止
N054,实际任务,实际14项无人机任务：飞控模型、航迹规划、姿态控制、影像匹配、多用途系统/载荷设计、数传图传二次开发、行业应用、多机多任务协作、目标识别跟踪、特殊用途无人机、遥感系统、北斗飞控及无人机热点。,https://kjc.guat.edu.cn/info/1088/1539.htm,2026-10-09,完整正式正文/历史成果表；首次验证码或工具不可解析不重复,历史/待核,已截止
N054,资助金额,校外开放1—5万元/项拟2—3项；结题按实际成果折算增减资助，不承诺固定到账。主任基金3—6/3—4万元面向固定人员，不计本人对外资助金额。,https://kjc.guat.edu.cn/info/1088/1539.htm,2026-10-09,完整正式正文/历史成果表；首次验证码或工具不可解析不重复,历史/待核,已截止
N054,资格,国内外科研教学人员、博士后、产业科技人员；邀请参与研究人员/博士硕士、自带课题经费来室人员/短期测试人员亦列。学历职称/年龄统一门槛和限项未載。主任课题固定人员专属，分开不纳。,https://kjc.guat.edu.cn/info/1088/1539.htm,2026-10-09,完整正式正文/历史成果表；首次验证码或工具不可解析不重复,历史/待核,已截止
N054,合作访问,申请人原则上需与固定研究人员联合申请，保留原则上限定；到室交流具体天数未载。,https://kjc.guat.edu.cn/info/1088/1539.htm,2026-10-09,完整正式正文/历史成果表；首次验证码或工具不可解析不重复,历史/待核,已截止
N054,经费外拨报销,实验室统一管理、专款专用由受资助人掌握使用；原/辅材料、分析测试、出版文献信息知识产权事务、差旅、会议费（国际会议特别说明）；结余归实验室；外拨到申请人单位未明确。结题按成果增减资金，支付节点未载。,https://kjc.guat.edu.cn/info/1088/1539.htm,2026-10-09,完整正式正文/历史成果表；首次验证码或工具不可解析不重复,历史/待核,已截止
N054,周期,一般2年；2015-07-01—2017-07-01。,https://kjc.guat.edu.cn/info/1088/1539.htm,2026-10-09,完整正式正文/历史成果表；首次验证码或工具不可解析不重复,历史/待核,已截止
N054,成果署名,年度汇报/论文报告或阶段小结；结题/终止交总结、论文报告、原始资料实验数据及档案目录、完成指标。成果折算额度≥实际资助额才完成，结题按实际增减钱。Top论文3万、IF>2非Top2万、其他SCI/指定电子学报通信学报电子信息学报宇航学报系统工程与电子技术1万、中文期刊EI.5万、会议EI/中文核心表列.2万；中文核心须一级学会主办。博士毕业1万、硕士.5万（本课题并致谢）；国家奖一等10/二等6万，省部奖一等5/二等4/三等3万；授权发明表列1.5万、申请发明.5万、实用专利.5万、科技厅鉴定.5万。实验室第一/第二单位及基金编号标注；第二单位折半、第三1/3；其他EI/中文核心又要求实验室第一单位才计，按具体类别不能泛化第二单位都能计。,https://kjc.guat.edu.cn/info/1088/1539.htm,2026-10-09,完整正式正文/历史成果表；首次验证码或工具不可解析不重复,历史/待核,已截止
N054,知识产权,成果归实验室与研究者所在单位共有；实验室组织鉴定、双方联报奖励；转让获利共享比例另议，专利依法办理，外籍按国家规定。,https://kjc.guat.edu.cn/info/1088/1539.htm,2026-10-09,完整正式正文/历史成果表；首次验证码或工具不可解析不重复,历史/待核,已截止
N054,提交,开放申请表3份、所在单位主管领导同意，2015-06-20前交实验室。广西桂林金鸡路2号桂林航天工业学院电子工程系541004；正文邮箱联络，未明确电子邮件可替3份纸质。,https://kjc.guat.edu.cn/info/1088/1539.htm,2026-10-09,完整正式正文/历史成果表；首次验证码或工具不可解析不重复,历史/待核,已截止
N054,个人条件,本人博士、高校现职对应科研教学类别，本历史轮已截止；未来实际限项/合作及支付机制需新年度，不据熟人判断已落实。,https://kjc.guat.edu.cn/info/1088/1539.htm,2026-10-09,完整正式正文/历史成果表；首次验证码或工具不可解析不重复,历史/待核,已截止
N054,缺口,2015历史机制；2 DOC首次工具不可解析/返回异常，需人工下载；Top范围、专利折算正文“授权含申请1.5万（申请.5+授权1）”与表“授权发明1.5万”不完全一致须确认；外拨/支付节点未载。现平台名称是否重组为目录无人机系统与技术应用未证实，不直接合并年度。,https://kjc.guat.edu.cn/info/1088/1539.htm,2026-10-09,完整正式正文/历史成果表；首次验证码或工具不可解析不重复,历史/待核,已截止
N054,附件,开放表：https://kjc.guat.edu.cn/__local/C/C7/37/EDFAC45A52A5B0FD648F0A2BA53_6367132E_11800.doc?e=.doc；指南：https://kjc.guat.edu.cn/__local/7/67/22/FE6152A9B835F5C6A46F53DA719_BA2C6462_DA00.doc?e=.doc；均首次不可解析不重试；主任表无需本人下载。,https://kjc.guat.edu.cn/info/1088/1539.htm,2026-10-09,完整正式正文/历史成果表；首次验证码或工具不可解析不重复,历史/待核,已截止
N054,联系,张文凯15078326608；zwklxt@126.com；桂林金鸡路2号电子工程系541004（2015公告联系，不保证现任）。,https://kjc.guat.edu.cn/info/1088/1539.htm,2026-10-09,完整正式正文/历史成果表；首次验证码或工具不可解析不重复,历史/待核,已截止
N055,正式来源,正式2024年度完整公告已核；管理办法与申请书首次验证码,https://seec.guat.edu.cn/info/1133/1103.htm,2026-10-09,完整正式正文/历史成果表；首次验证码或工具不可解析不重复,历史/待核,已截止
N055,截止日期,2024-05-30,https://seec.guat.edu.cn/info/1133/1103.htm,2026-10-09,完整正式正文/历史成果表；首次验证码或工具不可解析不重复,历史/待核,已截止
N055,截止时点,具体时点未载；官网2024-04-30发布，落款04-28，不混作截止,https://seec.guat.edu.cn/info/1133/1103.htm,2026-10-09,完整正式正文/历史成果表；首次验证码或工具不可解析不重复,历史/待核,已截止
N055,实际任务,2024方向二明确特种工程机器人：矿山/隧道/电力线路/抢险救灾/危险环境，姿态和受力检测、运动反馈控制、环境认知定位；非结构环境移动平台行走路径与机械臂关节实时协同规划。方向一含机构动力建模、工作状态辨识控制；材料方向并非凭实验室名称收录。,https://seec.guat.edu.cn/info/1133/1103.htm,2026-10-09,完整正式正文/历史成果表；首次验证码或工具不可解析不重复,历史/待核,已截止
N055,资助金额,3—6万元/项；计划8—10项，各方向2—3项。,https://seec.guat.edu.cn/info/1133/1103.htm,2026-10-09,完整正式正文/历史成果表；首次验证码或工具不可解析不重复,历史/待核,已截止
N055,资格,博士或中级及以上技术职称科技人员可依办法申请；年龄、单位具体范围及限项正文未載，办法待取。,https://seec.guat.edu.cn/info/1133/1103.htm,2026-10-09,完整正式正文/历史成果表；首次验证码或工具不可解析不重复,历史/待核,已截止
N055,合作访问,年度正文提联合攻关，未明确强制固定合作人及驻室频次，须2024管理办法确认。,https://seec.guat.edu.cn/info/1133/1103.htm,2026-10-09,完整正式正文/历史成果表；首次验证码或工具不可解析不重复,历史/待核,已截止
N055,经费外拨报销,立项部分拨课题负责人单位、部分留实验室按实际支出报账；比例/节点未载。材料、测试化验加工、差旅、会议、出版文献信息/IP事务、科研助理劳务；劳务≤总额20%；专款专用。,https://seec.guat.edu.cn/info/1133/1103.htm,2026-10-09,完整正式正文/历史成果表；首次验证码或工具不可解析不重复,历史/待核,已截止
N055,周期,2年，自批准之日起算，未列统一起止。,https://seec.guat.edu.cn/info/1133/1103.htm,2026-10-09,完整正式正文/历史成果表；首次验证码或工具不可解析不重复,历史/待核,已截止
N055,成果署名,公告明确成果管理/结题按2024管理办法执行；具体论文/专利/样机数量、第一单位/指定作者及报告要求未取得，不套2015无人机或2026主任基金。,https://seec.guat.edu.cn/info/1133/1103.htm,2026-10-09,完整正式正文/历史成果表；首次验证码或工具不可解析不重复,历史/待核,已截止
N055,知识产权,公告正文未载，须2024管理办法确认IP及转化收益。,https://seec.guat.edu.cn/info/1133/1103.htm,2026-10-09,完整正式正文/历史成果表；首次验证码或工具不可解析不重复,历史/待核,已截止
N055,提交,参考2024管理办法/申请指南填写2024申报书，电子发xzglsl2013@163.com；发布日起至2024-05-30，初审后学术委员会评审；纸质份数/盖章正文未载。,https://seec.guat.edu.cn/info/1133/1103.htm,2026-10-09,完整正式正文/历史成果表；首次验证码或工具不可解析不重复,历史/待核,已截止
N055,个人条件,本人博士对应学历；本轮已截止。年龄/限项/固定合作人规则需办法或后续年新公告；不判定本人可当前申请。,https://seec.guat.edu.cn/info/1133/1103.htm,2026-10-09,完整正式正文/历史成果表；首次验证码或工具不可解析不重复,历史/待核,已截止
N055,缺口,2附件验证码；2024办法成果/署名/IP/资格细则及外拨比例未核。2026已有主任基金E069只限本校，不能由第三方2026开放标题或2024外拨机制认当期对外受理。,https://seec.guat.edu.cn/info/1133/1103.htm,2026-10-09,完整正式正文/历史成果表；首次验证码或工具不可解析不重复,历史/待核,已截止
N055,附件,2024办法PDF wbfileid=14337059、2024表DOC wbfileid=14337058，owner1976671854；均首次验证码，原URL人工N055。,https://seec.guat.edu.cn/info/1133/1103.htm,2026-10-09,完整正式正文/历史成果表；首次验证码或工具不可解析不重复,历史/待核,已截止
N055,联系,熊中刚13788579056、赵宏旺13877391885；xzglsl2013@163.com；桂林七星区金鸡路2号541004；实验室办公0773-2253031。,https://seec.guat.edu.cn/info/1133/1103.htm,2026-10-09,完整正式正文/历史成果表；首次验证码或工具不可解析不重复,历史/待核,已截止
N056,正式来源,2026-10-03官方完整指南已读；申请DOC首次工具不支持，交人工,https://www.chzu.edu.cn/2026/1003/c18559a352588/page.htm,2026-10-09,完整官方正文；附件首次失败即停；原实施单位和高校转发流程分开,受理中·个人条件待核,受理中·个人条件待核
N056,截止日期,2026-11-05,https://www.chzu.edu.cn/2026/1003/c18559a352588/page.htm,2026-10-09,完整官方正文；附件首次失败即停；原实施单位和高校转发流程分开,受理中·个人条件待核,受理中·个人条件待核
N056,截止时点,具体截止时点未载,https://www.chzu.edu.cn/2026/1003/c18559a352588/page.htm,2026-10-09,完整官方正文；附件首次失败即停；原实施单位和高校转发流程分开,受理中·个人条件待核,受理中·个人条件待核
N056,实际任务,一般项目明确多无人机协同立体编队飞行、室内多障碍约束无人机高精度定位导航、空天塔地协同测绘；特殊纹理实景三维重建/动态映射；重点复杂场景空地融合建模、多模态标注泛化、实景三维视频融合；产教融合含低空无人机智慧巡检。生态反演等非机器人任务不据同一公告一并判断相关。,https://www.chzu.edu.cn/2026/1003/c18559a352588/page.htm,2026-10-09,完整官方正文；附件首次失败即停；原实施单位和高校转发流程分开,受理中·个人条件待核,受理中·个人条件待核
N056,资助金额,重点≤8万元/项；一般≤4万元/项；产教融合≤15万元/项，数量及具体金额评审决定。,https://www.chzu.edu.cn/2026/1003/c18559a352588/page.htm,2026-10-09,完整官方正文；附件首次失败即停；原实施单位和高校转发流程分开,受理中·个人条件待核,受理中·个人条件待核
N056,资格,重点/一般原则上博士，所在单位同意；面向国内外研究人员。产教融合面向具有技术研发能力单位，申请人有技术研发/工程应用经历。年龄/限项/在研限制未载。,https://www.chzu.edu.cn/2026/1003/c18559a352588/page.htm,2026-10-09,完整官方正文；附件首次失败即停；原实施单位和高校转发流程分开,受理中·个人条件待核,受理中·个人条件待核
N056,合作访问,必须联系实验室一名研究人员作为合作人，可由联系人推荐；执行期负责人至少线下交流1次。熟人关系不代表已落实。,https://www.chzu.edu.cn/2026/1003/c18559a352588/page.htm,2026-10-09,完整官方正文；附件首次失败即停；原实施单位和高校转发流程分开,受理中·个人条件待核,受理中·个人条件待核
N056,经费外拨报销,预算合理安排、实报实销，在滁州学院财务处线下报销；未承诺外拨申请人单位或个人到账。产教融合经费由合作人认领，学校不收管理费；应用服务验收须实现1:3可支配到账经费，不含外协/交付设备。中检不合格或经费不合理可暂停/取消。,https://www.chzu.edu.cn/2026/1003/c18559a352588/page.htm,2026-10-09,完整官方正文；附件首次失败即停；原实施单位和高校转发流程分开,受理中·个人条件待核,受理中·个人条件待核
N056,周期,原则上2年：2027-01-01—2028-12-31；按任务书及年度计划完成，中检。,https://www.chzu.edu.cn/2026/1003/c18559a352588/page.htm,2026-10-09,完整官方正文；附件首次失败即停；原实施单位和高校转发流程分开,受理中·个人条件待核,受理中·个人条件待核
N056,成果署名,重点中科院一区SCI1篇且发明专利1项进入实审；一般二区SCI1篇或发明专利2项进入实审；滁州学院第一完成单位，负责人第一完成人。预警含曾经预警期刊论文不报销；成果须与课题相关。可由实验室认定相当成果（如省部及以上奖励1项，实验室主要完成单位）替代。产教融合信息化交源码/技术手册并测试/平台部署；服务类1:3可支配到账。成果署两平台：实景地理环境重点室、遥感与地理信息工程中心及2026RGE编号。,https://www.chzu.edu.cn/2026/1003/c18559a352588/page.htm,2026-10-09,完整官方正文；附件首次失败即停；原实施单位和高校转发流程分开,受理中·个人条件待核,受理中·个人条件待核
N056,知识产权,科研成果归本实验室和研究者所在单位共有；收益分配比例未载。,https://www.chzu.edu.cn/2026/1003/c18559a352588/page.htm,2026-10-09,完整官方正文；附件首次失败即停；原实施单位和高校转发流程分开,受理中·个人条件待核,受理中·个人条件待核
N056,提交,2026-11-05前电子word和签字盖章PDF各1份，统一命名‘安徽省实景地理环境重点实验室开放课题-申请人姓名-项目名称’，邮箱ahpge2019@chzu.edu.cn。公示通过后填任务合同，经单位同意签章一式1份，胶装申请书+合同纸件提交；不把立项后纸件当申报前要求。,https://www.chzu.edu.cn/2026/1003/c18559a352588/page.htm,2026-10-09,完整官方正文；附件首次失败即停；原实施单位和高校转发流程分开,受理中·个人条件待核,受理中·个人条件待核
N056,个人条件,本人博士、南京信息工程大学现职；单位同意、固定合作人、限项及产教经历未确认。正式窗口已核，不据此判断个人可申请。,https://www.chzu.edu.cn/2026/1003/c18559a352588/page.htm,2026-10-09,完整官方正文；附件首次失败即停；原实施单位和高校转发流程分开,受理中·个人条件待核,受理中·个人条件待核
N056,缺口,申请DOC首次工具不支持未取；年龄/限项/详细开支和收益分配未载。需表内追加条款；先保留正文明确线下报销，不写钱外拨/直接个人收入。,https://www.chzu.edu.cn/2026/1003/c18559a352588/page.htm,2026-10-09,完整官方正文；附件首次失败即停；原实施单位和高校转发流程分开,受理中·个人条件待核,受理中·个人条件待核
N056,附件,https://www.chzu.edu.cn/_upload/article/files/ce/e0/4cfaf63c4da983ec12f8d2d19f1d/41ca46ff-f0e4-41d6-87ab-1963201cb757.doc；首次Unsupported application/msword，不重复尝试，人工N056。,https://www.chzu.edu.cn/2026/1003/c18559a352588/page.htm,2026-10-09,完整官方正文；附件首次失败即停；原实施单位和高校转发流程分开,受理中·个人条件待核,受理中·个人条件待核
N056,联系,陈老师0550-3519196；ahpge2019@chzu.edu.cn；滁州市会峰西路1号求真楼321，239000。,https://www.chzu.edu.cn/2026/1003/c18559a352588/page.htm,2026-10-09,完整官方正文；附件首次失败即停；原实施单位和高校转发流程分开,受理中·个人条件待核,受理中·个人条件待核
N057,正式来源,2025正式全文任务和条件已读；申请DOC首次不支持，人工补取,https://kyc.chzu.edu.cn/2025/1117/c15890a335209/page.htm,2026-10-09,完整官方正文；附件首次失败即停；原实施单位和高校转发流程分开,已截止,已截止
N057,截止日期,2025-11-25,https://kyc.chzu.edu.cn/2025/1117/c15890a335209/page.htm,2026-10-09,完整官方正文；附件首次失败即停；原实施单位和高校转发流程分开,已截止,已截止
N057,截止时点,具体时点未载,https://kyc.chzu.edu.cn/2025/1117/c15890a335209/page.htm,2026-10-09,完整官方正文；附件首次失败即停；原实施单位和高校转发流程分开,已截止,已截止
N057,实际任务,养老移动平台空间环境建模与主动安全感知；多模态行为理解/自然交互；动态非结构场景机器人自适应认知、行为预测、自主导航决策任务规划；健康能力评估、仿生可解释计算。,https://kyc.chzu.edu.cn/2025/1117/c15890a335209/page.htm,2026-10-09,完整官方正文；附件首次失败即停；原实施单位和高校转发流程分开,已截止,已截止
N057,资助金额,重点3万元拟1项；一般2万元拟5项。,https://kyc.chzu.edu.cn/2025/1117/c15890a335209/page.htm,2026-10-09,完整官方正文；附件首次失败即停；原实施单位和高校转发流程分开,已截止,已截止
N057,资格,具有科研基础、独立研究能力及条件，遵守法律及科研诚信；已有同内容资助不可重复，中心/实验室在研未结题负责人不得再申报。博士/职称年龄统一门槛正文未载，不能自加。,https://kyc.chzu.edu.cn/2025/1117/c15890a335209/page.htm,2026-10-09,完整官方正文；附件首次失败即停；原实施单位和高校转发流程分开,已截止,已截止
N057,合作访问,须有一定前期合作基础；外单位申报须联系平台1名高级职称或博士人员为合作人。访问次数未载。,https://kyc.chzu.edu.cn/2025/1117/c15890a335209/page.htm,2026-10-09,完整官方正文；附件首次失败即停；原实施单位和高校转发流程分开,已截止,已截止
N057,经费外拨报销,预算及经费监督，不规范可取消；经费外拨/报账地点/劳务比例和支付节点正文未载，申请表待取。,https://kyc.chzu.edu.cn/2025/1117/c15890a335209/page.htm,2026-10-09,完整官方正文；附件首次失败即停；原实施单位和高校转发流程分开,已截止,已截止
N057,周期,2年：2025年12月—2027年11月。,https://kyc.chzu.edu.cn/2025/1117/c15890a335209/page.htm,2026-10-09,完整官方正文；附件首次失败即停；原实施单位和高校转发流程分开,已截止,已截止
N057,成果署名,预期成果至少满足4类中的2类：①二类以上期刊或EI会议论文一般2篇（重点3篇）；②申请发明1项；③行业/地方标准1项；④指导学生学科竞赛省级二等奖及以上1项。成果须相关且平台第一完成单位，标开放基金及编号；二类期刊目录未取得，不套SCI分区。年度进展、结题报告及成果验收。,https://kyc.chzu.edu.cn/2025/1117/c15890a335209/page.htm,2026-10-09,完整官方正文；附件首次失败即停；原实施单位和高校转发流程分开,已截止,已截止
N057,知识产权,正文未明确完整知识产权归属/收益分配，不由第一单位推断独占。,https://kyc.chzu.edu.cn/2025/1117/c15890a335209/page.htm,2026-10-09,完整官方正文；附件首次失败即停；原实施单位和高校转发流程分开,已截止,已截止
N057,提交,截止2025-11-25；纸质盖章2份并电子申请发指定邮箱；立项签任务书。尚翠娟19909608096、王汇彬15155041897；wanghuibin@chzu.edu.cn；会峰西路1号。,https://kyc.chzu.edu.cn/2025/1117/c15890a335209/page.htm,2026-10-09,完整官方正文；附件首次失败即停；原实施单位和高校转发流程分开,已截止,已截止
N057,个人条件,本人博士及高校现职已知；本轮已截止，前期合作基础和固定合作人未落实、不以熟人推定。,https://kyc.chzu.edu.cn/2025/1117/c15890a335209/page.htm,2026-10-09,完整官方正文；附件首次失败即停；原实施单位和高校转发流程分开,已截止,已截止
N057,缺口,申请DOC工具首次不支持；外拨/报销/IP/二类期刊目录未取得，需附件及官方补充。不据旧年度周期延续误判仍受理。,https://kyc.chzu.edu.cn/2025/1117/c15890a335209/page.htm,2026-10-09,完整官方正文；附件首次失败即停；原实施单位和高校转发流程分开,已截止,已截止
N057,附件,https://kyc.chzu.edu.cn/_upload/article/files/d0/9a/208112b3458c83c8864fbe1f58c7/a180352f-84cc-410f-b0e6-e189ff6ef9ce.doc,https://kyc.chzu.edu.cn/2025/1117/c15890a335209/page.htm,2026-10-09,完整官方正文；附件首次失败即停；原实施单位和高校转发流程分开,已截止,已截止
N057,联系,尚翠娟19909608096、王汇彬15155041897；wanghuibin@chzu.edu.cn；会峰西路1号。,https://kyc.chzu.edu.cn/2025/1117/c15890a335209/page.htm,2026-10-09,完整官方正文；附件首次失败即停；原实施单位和高校转发流程分开,已截止,已截止
N058,正式来源,高校官网完整转发安徽大学2022第一批指南；原实施单位与校内转发截止分开,https://www.chzu.edu.cn/2022/0502/c18154a255066/page.htm,2026-10-09,完整官方正文；附件首次失败即停；原实施单位和高校转发流程分开,已截止,已截止
N058,截止日期,2022-05-11,https://www.chzu.edu.cn/2022/0502/c18154a255066/page.htm,2026-10-09,完整官方正文；附件首次失败即停；原实施单位和高校转发流程分开,已截止,已截止
N058,截止时点,转发单位交科技处的日期；全国直接提交截止尚待实施单位确认,https://www.chzu.edu.cn/2022/0502/c18154a255066/page.htm,2026-10-09,完整官方正文；附件首次失败即停；原实施单位和高校转发流程分开,已截止,已截止
N058,实际任务,明确特种机器人电力巡检/消防/反恐排爆：自动导航、无线图像视频传输、避障、充电、灭火；球形关节带载闭环控制算法及硬件实现。输电、电机耦合等其他任务不因同公告全列相关。,https://www.chzu.edu.cn/2022/0502/c18154a255066/page.htm,2026-10-09,完整官方正文；附件首次失败即停；原实施单位和高校转发流程分开,已截止,已截止
N058,资助金额,一般2—3万元/项，按研究内容及预期成果决定。,https://www.chzu.edu.cn/2022/0502/c18154a255066/page.htm,2026-10-09,完整官方正文；附件首次失败即停；原实施单位和高校转发流程分开,已截止,已截止
N058,资格,全国高校科研单位相关领域科技工作者或同等研究能力研究人员；学历职称年龄限项未载。,https://www.chzu.edu.cn/2022/0502/c18154a255066/page.htm,2026-10-09,完整官方正文；附件首次失败即停；原实施单位和高校转发流程分开,已截止,已截止
N058,合作访问,欢迎客座/合作研究，未明确固定合作人或驻室硬性要求，管理办法未取。,https://www.chzu.edu.cn/2022/0502/c18154a255066/page.htm,2026-10-09,完整官方正文；附件首次失败即停；原实施单位和高校转发流程分开,已截止,已截止
N058,经费外拨报销,正文未载费用、外拨报销/支付节点，不能套滁州本地2026线下报账办法。,https://www.chzu.edu.cn/2022/0502/c18154a255066/page.htm,2026-10-09,完整官方正文；附件首次失败即停；原实施单位和高校转发流程分开,已截止,已截止
N058,周期,1—2年；统一起止未載。,https://www.chzu.edu.cn/2022/0502/c18154a255066/page.htm,2026-10-09,完整官方正文；附件首次失败即停；原实施单位和高校转发流程分开,已截止,已截止
N058,成果署名,成果具体数量、第一单位/作者、报告及中检未载，须2022管理办法。,https://www.chzu.edu.cn/2022/0502/c18154a255066/page.htm,2026-10-09,完整官方正文；附件首次失败即停；原实施单位和高校转发流程分开,已截止,已截止
N058,知识产权,知识产权/收益未载，办法首次超时未取。,https://www.chzu.edu.cn/2022/0502/c18154a255066/page.htm,2026-10-09,完整官方正文；附件首次失败即停；原实施单位和高校转发流程分开,已截止,已截止
N058,提交,转发要求2022-05-11前签名单位盖章申请书3份A4双面交滁州科技处；该流程是转发校内征集，南信大直接提交安徽大学的邮箱/地址及原全国截止未知。,https://www.chzu.edu.cn/2022/0502/c18154a255066/page.htm,2026-10-09,完整官方正文；附件首次失败即停；原实施单位和高校转发流程分开,已截止,已截止
N058,个人条件,高校博士现职对应科研人员类别，历史截止；实施单位原流程、限项和合作须后续官方确认。,https://www.chzu.edu.cn/2022/0502/c18154a255066/page.htm,2026-10-09,完整官方正文；附件首次失败即停；原实施单位和高校转发流程分开,已截止,已截止
N058,缺口,2个DOC首次超时；实施单位原受理流程/全国期限、成果/IP/经费方式未取得。滁州联系人只是转发校内科技处，不能当安徽大学实验室联系人。,https://www.chzu.edu.cn/2022/0502/c18154a255066/page.htm,2026-10-09,完整官方正文；附件首次失败即停；原实施单位和高校转发流程分开,已截止,已截止
N058,附件,"https://www.chzu.edu.cn/_upload/article/files/c7/a7/c6da99814de0ab1e24aac9bc12a8/1b063095-97f9-42e6-b040-18eb1e89ba4b.doc
https://www.chzu.edu.cn/_upload/article/files/c7/a7/c6da99814de0ab1e24aac9bc12a8/75c35e82-ce29-49bc-a0f2-764fa6a29a2d.doc",https://www.chzu.edu.cn/2022/0502/c18154a255066/page.htm,2026-10-09,完整官方正文；附件首次失败即停；原实施单位和高校转发流程分开,已截止,已截止
N058,联系,转发校科技处梅蔚然0550-3511013（滁州校内征集联系）；安徽大学实验室正式联系人未确认。,https://www.chzu.edu.cn/2022/0502/c18154a255066/page.htm,2026-10-09,完整官方正文；附件首次失败即停；原实施单位和高校转发流程分开,已截止,已截止
N059,正式来源,2025正式全文任务和条件已读；申请DOC首次不支持，人工补取,https://www.chzu.edu.cn/2025/1117/c18154a335226/page.htm,2026-10-09,完整官方正文；附件首次失败即停；原实施单位和高校转发流程分开,已截止,已截止
N059,截止日期,2025-11-25,https://www.chzu.edu.cn/2025/1117/c18154a335226/page.htm,2026-10-09,完整官方正文；附件首次失败即停；原实施单位和高校转发流程分开,已截止,已截止
N059,截止时点,具体时点未载,https://www.chzu.edu.cn/2025/1117/c18154a335226/page.htm,2026-10-09,完整官方正文；附件首次失败即停；原实施单位和高校转发流程分开,已截止,已截止
N059,实际任务,无人应急装备复杂环境视觉感知、目标识别、状态诊断；视觉任务定位跟踪与运动/执行系统协同作业控制；视觉红外传感行为多模态灾害识别预警。明确无人装备自主执行任务。,https://www.chzu.edu.cn/2025/1117/c18154a335226/page.htm,2026-10-09,完整官方正文；附件首次失败即停；原实施单位和高校转发流程分开,已截止,已截止
N059,资助金额,一般2万元/项，拟3项；正文成果提重点3篇但本批不设重点资助。,https://www.chzu.edu.cn/2025/1117/c18154a335226/page.htm,2026-10-09,完整官方正文；附件首次失败即停；原实施单位和高校转发流程分开,已截止,已截止
N059,资格,具有科研基础、独立研究能力及条件，遵守法律及科研诚信；已有同内容资助不可重复，中心/实验室在研未结题负责人不得再申报。博士/职称年龄统一门槛正文未载，不能自加。,https://www.chzu.edu.cn/2025/1117/c18154a335226/page.htm,2026-10-09,完整官方正文；附件首次失败即停；原实施单位和高校转发流程分开,已截止,已截止
N059,合作访问,须有一定前期合作基础；外单位申报须联系平台1名高级职称或博士人员为合作人。访问次数未载。,https://www.chzu.edu.cn/2025/1117/c18154a335226/page.htm,2026-10-09,完整官方正文；附件首次失败即停；原实施单位和高校转发流程分开,已截止,已截止
N059,经费外拨报销,预算及经费监督，不规范可取消；经费外拨/报账地点/劳务比例和支付节点正文未载，申请表待取。,https://www.chzu.edu.cn/2025/1117/c18154a335226/page.htm,2026-10-09,完整官方正文；附件首次失败即停；原实施单位和高校转发流程分开,已截止,已截止
N059,周期,2年：2025年12月—2027年11月。,https://www.chzu.edu.cn/2025/1117/c18154a335226/page.htm,2026-10-09,完整官方正文；附件首次失败即停；原实施单位和高校转发流程分开,已截止,已截止
N059,成果署名,预期成果至少满足4类中的2类：①二类以上期刊或EI会议论文一般2篇（重点3篇）；②申请发明1项；③行业/地方标准1项；④指导学生学科竞赛省级二等奖及以上1项。成果须相关且平台第一完成单位，标开放基金及编号；二类期刊目录未取得，不套SCI分区。年度进展、结题报告及成果验收。,https://www.chzu.edu.cn/2025/1117/c18154a335226/page.htm,2026-10-09,完整官方正文；附件首次失败即停；原实施单位和高校转发流程分开,已截止,已截止
N059,知识产权,正文未明确完整知识产权归属/收益分配，不由第一单位推断独占。,https://www.chzu.edu.cn/2025/1117/c18154a335226/page.htm,2026-10-09,完整官方正文；附件首次失败即停；原实施单位和高校转发流程分开,已截止,已截止
N059,提交,截止2025-11-25；纸质盖章2份并电子申请发指定邮箱；立项签任务书。曾海燕18326891813；2320725471@qq.com；滁州市会峰西路1号。,https://www.chzu.edu.cn/2025/1117/c18154a335226/page.htm,2026-10-09,完整官方正文；附件首次失败即停；原实施单位和高校转发流程分开,已截止,已截止
N059,个人条件,本人博士及高校现职已知；本轮已截止，前期合作基础和固定合作人未落实、不以熟人推定。,https://www.chzu.edu.cn/2025/1117/c18154a335226/page.htm,2026-10-09,完整官方正文；附件首次失败即停；原实施单位和高校转发流程分开,已截止,已截止
N059,缺口,申请DOC工具首次不支持；外拨/报销/IP/二类期刊目录未取得，需附件及官方补充。不据旧年度周期延续误判仍受理。,https://www.chzu.edu.cn/2025/1117/c18154a335226/page.htm,2026-10-09,完整官方正文；附件首次失败即停；原实施单位和高校转发流程分开,已截止,已截止
N059,附件,https://www.chzu.edu.cn/_upload/article/files/73/7a/a525a73f4d99a1e14662815bf77f/2f7634d0-138b-4a96-8803-88c4b457797e.doc,https://www.chzu.edu.cn/2025/1117/c18154a335226/page.htm,2026-10-09,完整官方正文；附件首次失败即停；原实施单位和高校转发流程分开,已截止,已截止
N059,联系,曾海燕18326891813；2320725471@qq.com；滁州市会峰西路1号。,https://www.chzu.edu.cn/2025/1117/c18154a335226/page.htm,2026-10-09,完整官方正文；附件首次失败即停；原实施单位和高校转发流程分开,已截止,已截止
N060,正式来源,官方2026完整正文已读；申请DOCX验证码,https://www.xsyu.edu.cn/info/1072/56329.htm,2026-10-09,官方正文或首次可取得部分；首次受阻停,已截止,已截止
N060,截止日期,2026-05-20,https://www.xsyu.edu.cn/info/1072/56329.htm,2026-10-09,官方正文或首次可取得部分；首次受阻停,已截止,已截止
N060,截止时点,17:00,https://www.xsyu.edu.cn/info/1072/56329.htm,2026-10-09,官方正文或首次可取得部分；首次受阻停,已截止,已截止
N060,实际任务,实际智能检测装备任务：井下单目视频弱纹理/非均匀光照三维重建，裂缝孔洞几何复原和精度完整性验证；边缘部署孔眼形态位置异常轻量识别，中心提供视频数据集；浑浊50—100NTU图像改善及实时测井可行性；40/54mm承压照明样机100MPa、62—220mm管柱测试。应用为油气井检测仪器，不虚构机器人用途；流体配方/压裂评估不据同公告全判相关。,https://www.xsyu.edu.cn/info/1072/56329.htm,2026-10-09,官方正文或首次可取得部分；首次受阻停,已截止,已截止
N060,资助金额,人民币2—4万元/项。,https://www.xsyu.edu.cn/info/1072/56329.htm,2026-10-09,官方正文或首次可取得部分；首次受阻停,已截止,已截止
N060,资格,所在单位正式员工、硕士或中级及以上职称；有研究基础及投入时间；负责人限申报1项，年龄/在研限制未载。公告鼓励校内外，但申报表需学院审核，外校签约/负责资格细节待表。,https://www.xsyu.edu.cn/info/1072/56329.htm,2026-10-09,官方正文或首次可取得部分；首次受阻停,已截止,已截止
N060,合作访问,未明确强制固定合作人/驻室次数；中心与正源井像、正实智能共建，不推定申请人已合作。,https://www.xsyu.edu.cn/info/1072/56329.htm,2026-10-09,官方正文或首次可取得部分；首次受阻停,已截止,已截止
N060,经费外拨报销,出资方西安正源井像以委托项目与西安石油大学签科研合同，定向支持中心研究；如何支付外校负责人单位、预算及报销费用/劳务/外拨比例未载，不把2—4万视个人收入。,https://www.xsyu.edu.cn/info/1072/56329.htm,2026-10-09,官方正文或首次可取得部分；首次受阻停,已截止,已截止
N060,周期,不超过1年；起止由立项/合同确定，正文无统一日。,https://www.xsyu.edu.cn/info/1072/56329.htm,2026-10-09,官方正文或首次可取得部分；首次受阻停,已截止,已截止
N060,成果署名,执行期至少中文核心1篇或中科院三区及以上SCI1篇；论文/专著报告软件专利成果等须注明中心开放基金资助。第一单位/作者顺序未载；三维重建须精度完整性验证，承压结构方向原理样机耐压密封测试。,https://www.xsyu.edu.cn/info/1072/56329.htm,2026-10-09,官方正文或首次可取得部分；首次受阻停,已截止,已截止
N060,知识产权,有必要且可能申请专利的成果，专利权归出资方；论文/软件等完整IP及收益分配未载，勿写双方共有。,https://www.xsyu.edu.cn/info/1072/56329.htm,2026-10-09,官方正文或首次可取得部分；首次受阻停,已截止,已截止
N060,提交,学院（部）审核同意，电子申请和签章PDF于2026-05-20 17:00前发中心指定邮箱。正文没有公布邮箱，联系人手机核问；表DOCX待取。,https://www.xsyu.edu.cn/info/1072/56329.htm,2026-10-09,官方正文或首次可取得部分；首次受阻停,已截止,已截止
N060,个人条件,本人博士、高校现职已知，学位对应硕士以上；本批截止。单位审核、中心合同如何接受外校PI及邮箱待确认。,https://www.xsyu.edu.cn/info/1072/56329.htm,2026-10-09,官方正文或首次可取得部分；首次受阻停,已截止,已截止
N060,缺口,申请表验证码；指定邮箱/外校负责和签约方式、经费外拨及报销详细、成果第一单位作者未取得；专利归出资方已明确不能待核成共有。,https://www.xsyu.edu.cn/info/1072/56329.htm,2026-10-09,官方正文或首次可取得部分；首次受阻停,已截止,已截止
N060,附件,https://www.xsyu.edu.cn/system/_content/download.jsp?owner=1684603570&urltype=news.DownloadAttachUrl&wbfileid=5702001,https://www.xsyu.edu.cn/info/1072/56329.htm,2026-10-09,官方正文或首次可取得部分；首次受阻停,已截止,已截止
N060,联系,吴银川13379278661；周超18092707479；指定收件邮箱正文未载。,https://www.xsyu.edu.cn/info/1072/56329.htm,2026-10-09,官方正文或首次可取得部分；首次受阻停,已截止,已截止
N061,正式来源,官方2025-10-30页面首次仅取得标题及平台简介；首次续读超时停止,https://kjc.squ.edu.cn/info/1008/2302.htm,2026-10-09,官方正文或首次可取得部分；首次受阻停,线索待核·历史公告,线索待核·历史公告
N061,截止日期,未取得,https://kjc.squ.edu.cn/info/1008/2302.htm,2026-10-09,官方正文或首次可取得部分；首次受阻停,线索待核·历史公告,线索待核·历史公告
N061,截止时点,未取得,https://kjc.squ.edu.cn/info/1008/2302.htm,2026-10-09,官方正文或首次可取得部分；首次受阻停,线索待核·历史公告,线索待核·历史公告
N061,实际任务,只取得平台简介涉及高端装备、机器人、控制和传感系统；2025年度具体任务未取得，不能由简介判断本批确定相关。,https://kjc.squ.edu.cn/info/1008/2302.htm,2026-10-09,官方正文或首次可取得部分；首次受阻停,线索待核·历史公告,线索待核·历史公告
N061,资助金额,未取得当年金额/类型。,https://kjc.squ.edu.cn/info/1008/2302.htm,2026-10-09,官方正文或首次可取得部分；首次受阻停,线索待核·历史公告,线索待核·历史公告
N061,资格,校内外申报条件、学位职称年龄及限项未取得。,https://kjc.squ.edu.cn/info/1008/2302.htm,2026-10-09,官方正文或首次可取得部分；首次受阻停,线索待核·历史公告,线索待核·历史公告
N061,合作访问,固定合作与访问要求未取得。,https://kjc.squ.edu.cn/info/1008/2302.htm,2026-10-09,官方正文或首次可取得部分；首次受阻停,线索待核·历史公告,线索待核·历史公告
N061,经费外拨报销,费用、外拨/报销/支付节点未取得。,https://kjc.squ.edu.cn/info/1008/2302.htm,2026-10-09,官方正文或首次可取得部分；首次受阻停,线索待核·历史公告,线索待核·历史公告
N061,周期,本轮周期未取得；简介3年关键技术突破是平台规划，不套课题周期。,https://kjc.squ.edu.cn/info/1008/2302.htm,2026-10-09,官方正文或首次可取得部分；首次受阻停,线索待核·历史公告,线索待核·历史公告
N061,成果署名,论文专利样机/第一单位作者及验收未取得。,https://kjc.squ.edu.cn/info/1008/2302.htm,2026-10-09,官方正文或首次可取得部分；首次受阻停,线索待核·历史公告,线索待核·历史公告
N061,知识产权,未取得。,https://kjc.squ.edu.cn/info/1008/2302.htm,2026-10-09,官方正文或首次可取得部分；首次受阻停,线索待核·历史公告,线索待核·历史公告
N061,提交,当年申请材料、截止及提交未取得。,https://kjc.squ.edu.cn/info/1008/2302.htm,2026-10-09,官方正文或首次可取得部分；首次受阻停,线索待核·历史公告,线索待核·历史公告
N061,个人条件,本人学位现职已知；当期窗口与具体任务资格未核，不进首页。,https://kjc.squ.edu.cn/info/1008/2302.htm,2026-10-09,官方正文或首次可取得部分；首次受阻停,线索待核·历史公告,线索待核·历史公告
N061,缺口,官网正文首次截断、续读首超时；须保存2025公告完整正文及全部附件，补具体任务与截止金额条款。不是已确认当前受理，也不把平台简介机器人当任务证据。,https://kjc.squ.edu.cn/info/1008/2302.htm,2026-10-09,官方正文或首次可取得部分；首次受阻停,线索待核·历史公告,线索待核·历史公告
N061,附件,首次正文截断未取得附件具体链接，人工从原公告下载。,https://kjc.squ.edu.cn/info/1008/2302.htm,2026-10-09,官方正文或首次可取得部分；首次受阻停,线索待核·历史公告,线索待核·历史公告
N061,联系,未取得当年项目联系人。,https://kjc.squ.edu.cn/info/1008/2302.htm,2026-10-09,官方正文或首次可取得部分；首次受阻停,线索待核·历史公告,线索待核·历史公告
N062,正式来源,官方搜索标题定位，正文首次超时未取得，停止工具访问,https://jdxy.xatu.edu.cn/info/14679/197122.htm,2026-10-09,官方正文或首次可取得部分；首次受阻停,线索待核,线索待核
N062,截止日期,未取得,https://jdxy.xatu.edu.cn/info/14679/197122.htm,2026-10-09,官方正文或首次可取得部分；首次受阻停,线索待核,线索待核
N062,截止时点,未取得,https://jdxy.xatu.edu.cn/info/14679/197122.htm,2026-10-09,官方正文或首次可取得部分；首次受阻停,线索待核,线索待核
N062,实际任务,年度具体任务未取得；不能由特种加工/物流智能平台标题推定机器人相关。,https://jdxy.xatu.edu.cn/info/14679/197122.htm,2026-10-09,官方正文或首次可取得部分；首次受阻停,线索待核,线索待核
N062,资助金额,未取得当年金额。,https://jdxy.xatu.edu.cn/info/14679/197122.htm,2026-10-09,官方正文或首次可取得部分；首次受阻停,线索待核,线索待核
N062,资格,未取得学历职称年龄/校外资格及限项。,https://jdxy.xatu.edu.cn/info/14679/197122.htm,2026-10-09,官方正文或首次可取得部分；首次受阻停,线索待核,线索待核
N062,合作访问,未取得固定合作及驻室要求。,https://jdxy.xatu.edu.cn/info/14679/197122.htm,2026-10-09,官方正文或首次可取得部分；首次受阻停,线索待核,线索待核
N062,经费外拨报销,经费开支外拨报销和支付节点未取得，不套同校其他实验室办法。,https://jdxy.xatu.edu.cn/info/14679/197122.htm,2026-10-09,官方正文或首次可取得部分；首次受阻停,线索待核,线索待核
N062,周期,未取得当年周期。,https://jdxy.xatu.edu.cn/info/14679/197122.htm,2026-10-09,官方正文或首次可取得部分；首次受阻停,线索待核,线索待核
N062,成果署名,成果指标数量/第一单位作者及验收未取得。,https://jdxy.xatu.edu.cn/info/14679/197122.htm,2026-10-09,官方正文或首次可取得部分；首次受阻停,线索待核,线索待核
N062,知识产权,完整权属/收益未取得。,https://jdxy.xatu.edu.cn/info/14679/197122.htm,2026-10-09,官方正文或首次可取得部分；首次受阻停,线索待核,线索待核
N062,提交,截止、电子纸质材料及提交方式未取得。,https://jdxy.xatu.edu.cn/info/14679/197122.htm,2026-10-09,官方正文或首次可取得部分；首次受阻停,线索待核,线索待核
N062,个人条件,本人博士现职已知；任务/资格/当前窗口未核，不进首页。,https://jdxy.xatu.edu.cn/info/14679/197122.htm,2026-10-09,官方正文或首次可取得部分；首次受阻停,线索待核,线索待核
N062,缺口,首次超时，人工保存完整年度正文及全部附件，补实际任务及逐字段条款。N063与2023旧智能物流是否重组改名缺依据，不合并或照搬2023；N062加工任务须实际装备控制/感知证据。,https://jdxy.xatu.edu.cn/info/14679/197122.htm,2026-10-09,官方正文或首次可取得部分；首次受阻停,线索待核,线索待核
N062,附件,正文首次失败，附件具体URL未取得，请从公告下载。,https://jdxy.xatu.edu.cn/info/14679/197122.htm,2026-10-09,官方正文或首次可取得部分；首次受阻停,线索待核,线索待核
N062,联系,年度联系人未取得。,https://jdxy.xatu.edu.cn/info/14679/197122.htm,2026-10-09,官方正文或首次可取得部分；首次受阻停,线索待核,线索待核
N063,正式来源,官方搜索标题定位，正文首次超时未取得，停止工具访问,https://news.cqjtu.edu.cn/info/1024/64273.htm,2026-10-09,官方正文或首次可取得部分；首次受阻停,线索待核·历史公告,线索待核·历史公告
N063,截止日期,未取得,https://news.cqjtu.edu.cn/info/1024/64273.htm,2026-10-09,官方正文或首次可取得部分；首次受阻停,线索待核·历史公告,线索待核·历史公告
N063,截止时点,未取得,https://news.cqjtu.edu.cn/info/1024/64273.htm,2026-10-09,官方正文或首次可取得部分；首次受阻停,线索待核·历史公告,线索待核·历史公告
N063,实际任务,年度具体任务未取得；不能由特种加工/物流智能平台标题推定机器人相关。,https://news.cqjtu.edu.cn/info/1024/64273.htm,2026-10-09,官方正文或首次可取得部分；首次受阻停,线索待核·历史公告,线索待核·历史公告
N063,资助金额,未取得当年金额。,https://news.cqjtu.edu.cn/info/1024/64273.htm,2026-10-09,官方正文或首次可取得部分；首次受阻停,线索待核·历史公告,线索待核·历史公告
N063,资格,未取得学历职称年龄/校外资格及限项。,https://news.cqjtu.edu.cn/info/1024/64273.htm,2026-10-09,官方正文或首次可取得部分；首次受阻停,线索待核·历史公告,线索待核·历史公告
N063,合作访问,未取得固定合作及驻室要求。,https://news.cqjtu.edu.cn/info/1024/64273.htm,2026-10-09,官方正文或首次可取得部分；首次受阻停,线索待核·历史公告,线索待核·历史公告
N063,经费外拨报销,经费开支外拨报销和支付节点未取得，不套同校其他实验室办法。,https://news.cqjtu.edu.cn/info/1024/64273.htm,2026-10-09,官方正文或首次可取得部分；首次受阻停,线索待核·历史公告,线索待核·历史公告
N063,周期,未取得当年周期。,https://news.cqjtu.edu.cn/info/1024/64273.htm,2026-10-09,官方正文或首次可取得部分；首次受阻停,线索待核·历史公告,线索待核·历史公告
N063,成果署名,成果指标数量/第一单位作者及验收未取得。,https://news.cqjtu.edu.cn/info/1024/64273.htm,2026-10-09,官方正文或首次可取得部分；首次受阻停,线索待核·历史公告,线索待核·历史公告
N063,知识产权,完整权属/收益未取得。,https://news.cqjtu.edu.cn/info/1024/64273.htm,2026-10-09,官方正文或首次可取得部分；首次受阻停,线索待核·历史公告,线索待核·历史公告
N063,提交,截止、电子纸质材料及提交方式未取得。,https://news.cqjtu.edu.cn/info/1024/64273.htm,2026-10-09,官方正文或首次可取得部分；首次受阻停,线索待核·历史公告,线索待核·历史公告
N063,个人条件,本人博士现职已知；任务/资格/当前窗口未核，不进首页。,https://news.cqjtu.edu.cn/info/1024/64273.htm,2026-10-09,官方正文或首次可取得部分；首次受阻停,线索待核·历史公告,线索待核·历史公告
N063,缺口,首次超时，人工保存完整年度正文及全部附件，补实际任务及逐字段条款。N063与2023旧智能物流是否重组改名缺依据，不合并或照搬2023；N062加工任务须实际装备控制/感知证据。,https://news.cqjtu.edu.cn/info/1024/64273.htm,2026-10-09,官方正文或首次可取得部分；首次受阻停,线索待核·历史公告,线索待核·历史公告
N063,附件,正文首次失败，附件具体URL未取得，请从公告下载。,https://news.cqjtu.edu.cn/info/1024/64273.htm,2026-10-09,官方正文或首次可取得部分；首次受阻停,线索待核·历史公告,线索待核·历史公告
N063,联系,年度联系人未取得。,https://news.cqjtu.edu.cn/info/1024/64273.htm,2026-10-09,官方正文或首次可取得部分；首次受阻停,线索待核·历史公告,线索待核·历史公告
N064,正式来源,2025官方完整指南已取得；智慧农场传感装备任务概括，申请DOCX首次工具异常,https://cmbrjlsa.zjnu.edu.cn/2025/0702/c19124a523663/page.htm,2026-10-09,官方正文或首次可取得部分；首次受阻停,线索待核·已截止,线索待核·已截止
N064,截止日期,2025-07-05,https://cmbrjlsa.zjnu.edu.cn/2025/0702/c19124a523663/page.htm,2026-10-09,官方正文或首次可取得部分；首次受阻停,线索待核·已截止,线索待核·已截止
N064,截止时点,具体时点未载；窗口2025-06-26—07-05,https://cmbrjlsa.zjnu.edu.cn/2025/0702/c19124a523663/page.htm,2026-10-09,官方正文或首次可取得部分；首次受阻停,线索待核·已截止,线索待核·已截止
N064,实际任务,5方向包括农业灾害、水土、作物种质、农情感知、管理装备；具体列农作物观测多模态模型、智慧农场关键技术/传感器及装备。但未细化机器人或装备感知—规划—控制任务，待核；作物基因/土壤等方向不凭智慧标题收相关。,https://cmbrjlsa.zjnu.edu.cn/2025/0702/c19124a523663/page.htm,2026-10-09,官方正文或首次可取得部分；首次受阻停,线索待核·已截止,线索待核·已截止
N064,资助金额,重点8—12万元/项；一般4—7万元/项。,https://cmbrjlsa.zjnu.edu.cn/2025/0702/c19124a523663/page.htm,2026-10-09,官方正文或首次可取得部分；首次受阻停,线索待核·已截止,线索待核·已截止
N064,资格,高级职称或博士，否则2位本领域高级专家推荐；国内外固定受聘单位且聘期覆盖课题期限。负责人只能1项，原则上不资助本室在研未结题者；逾期课题结题后2年不得新申报。,https://cmbrjlsa.zjnu.edu.cn/2025/0702/c19124a523663/page.htm,2026-10-09,官方正文或首次可取得部分；首次受阻停,线索待核·已截止,线索待核·已截止
N064,合作访问,至少1名固定研究人员合作者作为成员/联络人，与科研团队合作，申请书明确合作计划；负责人参加成果报告会（通常当年12月）。,https://cmbrjlsa.zjnu.edu.cn/2025/0702/c19124a523663/page.htm,2026-10-09,官方正文或首次可取得部分；首次受阻停,线索待核·已截止,线索待核·已截止
N064,经费外拨报销,开支/外拨、报销地点比例及支付节点完整正文未载，申请DOCX待取；不由中外联合共建推定跨境直接支付。,https://cmbrjlsa.zjnu.edu.cn/2025/0702/c19124a523663/page.htm,2026-10-09,官方正文或首次可取得部分；首次受阻停,线索待核·已截止,线索待核·已截止
N064,周期,2年；统一起止未载。签合同第一个自然年前交中期报告，原文表述需核；与室联合获省部级以上课题可同等优先滚动，最多新1项。,https://cmbrjlsa.zjnu.edu.cn/2025/0702/c19124a523663/page.htm,2026-10-09,官方正文或首次可取得部分；首次受阻停,线索待核·已截止,线索待核·已截止
N064,成果署名,成果主要SCI、发明专利、标准等，具体数量正文未载；署实验室及依托单位，指定中英名称并列第一资助项目含编号，不等于第一完成单位。中期论文报告/小结，结题提交数据、资料、报告软件测试等归档。,https://cmbrjlsa.zjnu.edu.cn/2025/0702/c19124a523663/page.htm,2026-10-09,官方正文或首次可取得部分；首次受阻停,线索待核·已截止,线索待核·已截止
N064,知识产权,取得成果（资料、数据、报告、软件及测试报告等）归研究者与实验室共有；具体收益比例未载。,https://cmbrjlsa.zjnu.edu.cn/2025/0702/c19124a523663/page.htm,2026-10-09,官方正文或首次可取得部分；首次受阻停,线索待核·已截止,线索待核·已截止
N064,提交,按2025标准格式申请；2025-07-05前签字盖章扫描发cmbrjlsa@zjnu.cn，邮件题2025年度联合实验室开放课题申请书—单位+姓名。先无纸化，批准后纸申请+合同提交，签任务合同复核后执行。,https://cmbrjlsa.zjnu.edu.cn/2025/0702/c19124a523663/page.htm,2026-10-09,官方正文或首次可取得部分；首次受阻停,线索待核·已截止,线索待核·已截止
N064,个人条件,本人博士/高校现职对应学历类别；聘期、限项和固定合作未核，任务联系不足且截止，保持待核不推荐。,https://cmbrjlsa.zjnu.edu.cn/2025/0702/c19124a523663/page.htm,2026-10-09,官方正文或首次可取得部分；首次受阻停,线索待核·已截止,线索待核·已截止
N064,缺口,智慧农场传感装备缺具体机器人/智能装备细任务；申请DOCX首次异常，需附任务内容、经费/成果数补充。正文未载第一完成单位，不混淆第一基金标注。,https://cmbrjlsa.zjnu.edu.cn/2025/0702/c19124a523663/page.htm,2026-10-09,官方正文或首次可取得部分；首次受阻停,线索待核·已截止,线索待核·已截止
N064,附件,https://cmbrjlsa.zjnu.edu.cn/_upload/article/files/87/a2/d5514bbd4fc49519a8f868015be9/64112aa8-0017-4541-92bd-1a439a0d9661.docx,https://cmbrjlsa.zjnu.edu.cn/2025/0702/c19124a523663/page.htm,2026-10-09,官方正文或首次可取得部分；首次受阻停,线索待核·已截止,线索待核·已截止
N064,联系,陈老师0579-82280775、chenfeng@zjnu.edu.cn；申请cmbrjlsa@zjnu.cn；金华迎宾大道688号321004。,https://cmbrjlsa.zjnu.edu.cn/2025/0702/c19124a523663/page.htm,2026-10-09,官方正文或首次可取得部分；首次受阻停,线索待核·已截止,线索待核·已截止
N065,正式来源,官方搜索定位2020开放基金；首次正文工具不可访问停止,https://idiotm.gdut.edu.cn/info/1157/1177.htm,2026-10-09,官方正文或首次可取得部分；首次受阻停,线索待核·历史公告,线索待核·历史公告
N065,截止日期,未取得,https://idiotm.gdut.edu.cn/info/1157/1177.htm,2026-10-09,官方正文或首次可取得部分；首次受阻停,线索待核·历史公告,线索待核·历史公告
N065,截止时点,未取得,https://idiotm.gdut.edu.cn/info/1157/1177.htm,2026-10-09,官方正文或首次可取得部分；首次受阻停,线索待核·历史公告,线索待核·历史公告
N065,实际任务,2020具体任务未取得，不据检测/物联/智能标题认定机器人。,https://idiotm.gdut.edu.cn/info/1157/1177.htm,2026-10-09,官方正文或首次可取得部分；首次受阻停,线索待核·历史公告,线索待核·历史公告
N065,资助金额,未取得2020金额。,https://idiotm.gdut.edu.cn/info/1157/1177.htm,2026-10-09,官方正文或首次可取得部分；首次受阻停,线索待核·历史公告,线索待核·历史公告
N065,资格,2020对外资格和限项未取得。,https://idiotm.gdut.edu.cn/info/1157/1177.htm,2026-10-09,官方正文或首次可取得部分；首次受阻停,线索待核·历史公告,线索待核·历史公告
N065,合作访问,固定合作及访问未取得。,https://idiotm.gdut.edu.cn/info/1157/1177.htm,2026-10-09,官方正文或首次可取得部分；首次受阻停,线索待核·历史公告,线索待核·历史公告
N065,经费外拨报销,外拨报销科目/比例/支付节点未取得。,https://idiotm.gdut.edu.cn/info/1157/1177.htm,2026-10-09,官方正文或首次可取得部分；首次受阻停,线索待核·历史公告,线索待核·历史公告
N065,周期,未取得本批周期。,https://idiotm.gdut.edu.cn/info/1157/1177.htm,2026-10-09,官方正文或首次可取得部分；首次受阻停,线索待核·历史公告,线索待核·历史公告
N065,成果署名,成果数、第一单位/作者及报告验收未取得。,https://idiotm.gdut.edu.cn/info/1157/1177.htm,2026-10-09,官方正文或首次可取得部分；首次受阻停,线索待核·历史公告,线索待核·历史公告
N065,知识产权,未取得。,https://idiotm.gdut.edu.cn/info/1157/1177.htm,2026-10-09,官方正文或首次可取得部分；首次受阻停,线索待核·历史公告,线索待核·历史公告
N065,提交,原截止及提交要求未取得。,https://idiotm.gdut.edu.cn/info/1157/1177.htm,2026-10-09,官方正文或首次可取得部分；首次受阻停,线索待核·历史公告,线索待核·历史公告
N065,个人条件,本人博士现职已知；历史标题证据不足，不进当前页。,https://idiotm.gdut.edu.cn/info/1157/1177.htm,2026-10-09,官方正文或首次可取得部分；首次受阻停,线索待核·历史公告,线索待核·历史公告
N065,缺口,2020完整公告及附件首不可访问，人工保存；不能套广东省智能决策协同2024 R004，也不是已取得2026基金。,https://idiotm.gdut.edu.cn/info/1157/1177.htm,2026-10-09,官方正文或首次可取得部分；首次受阻停,线索待核·历史公告,线索待核·历史公告
N065,附件,首正文失败未取得附件直链，人工从官网取。,https://idiotm.gdut.edu.cn/info/1157/1177.htm,2026-10-09,官方正文或首次可取得部分；首次受阻停,线索待核·历史公告,线索待核·历史公告
N065,联系,基金联系人未取得；学院公共联系方式不是确认基金联系。,https://idiotm.gdut.edu.cn/info/1157/1177.htm,2026-10-09,官方正文或首次可取得部分；首次受阻停,线索待核·历史公告,线索待核·历史公告
N066,正式来源,2025正式指南完整正文已取得；申请DOCX首次工具不支持,https://wdy.nuist.edu.cn/2025/0916/c2983a290115/pagem.htm,2026-10-09,官方正文或首次可取得部分；首次受阻停,线索待核·已截止,线索待核·已截止
N066,截止日期,2025-10-12,https://wdy.nuist.edu.cn/2025/0916/c2983a290115/pagem.htm,2026-10-09,官方正文或首次可取得部分；首次受阻停,线索待核·已截止,线索待核·已截止
N066,截止时点,具体时点未载,https://wdy.nuist.edu.cn/2025/0916/c2983a290115/pagem.htm,2026-10-09,官方正文或首次可取得部分；首次受阻停,线索待核·已截止,线索待核·已截止
N066,实际任务,年度仅列大气光学与大气辐射、大气光电探测技术与系统、智能光谱信息处理、光通信与信息融合四个概括方向。尚缺机器人或相关智能装备的具体任务证据，不凭智能/融合收为确定相关。,https://wdy.nuist.edu.cn/2025/0916/c2983a290115/pagem.htm,2026-10-09,官方正文或首次可取得部分；首次受阻停,线索待核·已截止,线索待核·已截止
N066,资助金额,1—3万元/项，拟5—8项。,https://wdy.nuist.edu.cn/2025/0916/c2983a290115/pagem.htm,2026-10-09,官方正文或首次可取得部分；首次受阻停,线索待核·已截止,线索待核·已截止
N066,资格,实验室固定人员以外的国内外业务技术人员和研究人员；博士学位或高级技术职称。年龄与限项正文未载。,https://wdy.nuist.edu.cn/2025/0916/c2983a290115/pagem.htm,2026-10-09,官方正文或首次可取得部分；首次受阻停,线索待核·已截止,线索待核·已截止
N066,合作访问,校外申请人必须依托本室固定人员合作申报；同校非固定人员是否适用强制合作条款需确认，访问未载。,https://wdy.nuist.edu.cn/2025/0916/c2983a290115/pagem.htm,2026-10-09,官方正文或首次可取得部分；首次受阻停,线索待核·已截止,线索待核·已截止
N066,经费外拨报销,经费不外拨；主要用于课题相关材料费、测试费、资料复印费、会议费和差旅费。报销具体地点流程/劳务费支持未载。,https://wdy.nuist.edu.cn/2025/0916/c2983a290115/pagem.htm,2026-10-09,官方正文或首次可取得部分；首次受阻停,线索待核·已截止,线索待核·已截止
N066,周期,1—2年；统一起止未载。,https://wdy.nuist.edu.cn/2025/0916/c2983a290115/pagem.htm,2026-10-09,官方正文或首次可取得部分；首次受阻停,线索待核·已截止,线索待核·已截止
N066,成果署名,公开完整指南未载论文/专利数量、第一单位或作者、验收要求；申请表待取。,https://wdy.nuist.edu.cn/2025/0916/c2983a290115/pagem.htm,2026-10-09,官方正文或首次可取得部分；首次受阻停,线索待核·已截止,线索待核·已截止
N066,知识产权,公开完整指南未载。,https://wdy.nuist.edu.cn/2025/0916/c2983a290115/pagem.htm,2026-10-09,官方正文或首次可取得部分；首次受阻停,线索待核·已截止,线索待核·已截止
N066,提交,单位同意签字盖章；签章页扫描插入电子申请文档，截止前发002402@nuist.edu.cn。获批后申请书随合同邮寄实验室，非申请前必须邮寄。批准后10工作日内通知手续。,https://wdy.nuist.edu.cn/2025/0916/c2983a290115/pagem.htm,2026-10-09,官方正文或首次可取得部分；首次受阻停,线索待核·已截止,线索待核·已截止
N066,个人条件,本人博士/南信现职已知，是否属本室固定人员、限项及实际合作未核；历史窗口已过、任务证据不足。,https://wdy.nuist.edu.cn/2025/0916/c2983a290115/pagem.htm,2026-10-09,官方正文或首次可取得部分；首次受阻停,线索待核·已截止,线索待核·已截止
N066,缺口,申请DOCX首次不支持交人工；补具体装备任务、成果IP报销办法。同校非固定人员合作要求须核。未取得2026—2027新公告不表示不存在。,https://wdy.nuist.edu.cn/2025/0916/c2983a290115/pagem.htm,2026-10-09,官方正文或首次可取得部分；首次受阻停,线索待核·已截止,线索待核·已截止
N066,附件,https://wdy.nuist.edu.cn/_upload/article/files/d7/3b/a78769914462914646dfdce79ced/04ebc495-12ca-4c62-bc86-e4804477787b.docx,https://wdy.nuist.edu.cn/2025/0916/c2983a290115/pagem.htm,2026-10-09,官方正文或首次可取得部分；首次受阻停,线索待核·已截止,线索待核·已截止
N066,联系,刘丹025-58235587；002402@nuist.edu.cn；南京宁六路219号物理与光电工程学院210044。申请段邮箱有空格，联系段明确无空格。,https://wdy.nuist.edu.cn/2025/0916/c2983a290115/pagem.htm,2026-10-09,官方正文或首次可取得部分；首次受阻停,线索待核·已截止,线索待核·已截止
N067,正式来源,2025正式指南完整正文已取得；3份申请/推荐DOCX首次不支持,https://hyy.fjut.edu.cn/2025/0617/c10557a255474/page.htm,2026-10-09,官方正文或首次可取得部分；首次受阻停,已截止,已截止
N067,截止日期,2025-07-15,https://hyy.fjut.edu.cn/2025/0617/c10557a255474/page.htm,2026-10-09,官方正文或首次可取得部分；首次受阻停,已截止,已截止
N067,截止时点,具体时点未载；逾期不受理,https://hyy.fjut.edu.cn/2025/0617/c10557a255474/page.htm,2026-10-09,官方正文或首次可取得部分；首次受阻停,已截止,已截止
N067,实际任务,水下图像退化/复原/小样本目标识别与实时嵌入部署；水下惯性水声地磁导航与卫星多源定位融合；水下光声模态差异图像融合；无人船/水下机器人集群编队动力学任务分配控制；装备运动学仿真与实虚协同；小型水下机器人传感集成自主控制与样机；结构水动力测试；智能测绘装备传感协同及集成验证。年度还含水声通信、水下机器人材料、鱼数量统计、海洋装备数据处理，应用背景原样保留。,https://hyy.fjut.edu.cn/2025/0617/c10557a255474/page.htm,2026-10-09,官方正文或首次可取得部分；首次受阻停,已截止,已截止
N067,资助金额,每项不超过2万元，以正式批复为准。,https://hyy.fjut.edu.cn/2025/0617/c10557a255474/page.htm,2026-10-09,官方正文或首次可取得部分；首次受阻停,已截止,已截止
N067,资格,校内外有科研经历、高级职称或博士的科研人员；在读博士须导师推荐，否则2名同领域正高推荐。单位同意且承诺按纵向经费管理；学历/职称证明。年龄、限项正文未载。,https://hyy.fjut.edu.cn/2025/0617/c10557a255474/page.htm,2026-10-09,官方正文或首次可取得部分；首次受阻停,已截止,已截止
N067,合作访问,项目组应含至少1名实验室教师；访问时长正文未载。,https://hyy.fjut.edu.cn/2025/0617/c10557a255474/page.htm,2026-10-09,官方正文或首次可取得部分；首次受阻停,已截止,已截止
N067,经费外拨报销,按福工大科研〔2024〕14号平台开放基金办法；原则不购仪器等固定资产、不设间接经费，上级另规从之。正文直接费用列设备费、业务费、劳务费；设备费与不购固定资产范围需办法核，不擅自改为无设备费。外拨/报销地点/支付节点未载。,https://hyy.fjut.edu.cn/2025/0617/c10557a255474/page.htm,2026-10-09,官方正文或首次可取得部分；首次受阻停,已截止,已截止
N067,周期,原则不超过2年；立项第12个月交中期报告；不合理用款/滞后可中止或收回。原则不延期，不可抗力提前3个月申请，可1次≤1年；逾期半年未结或验收不过撤项。结题余款可再用2年。,https://hyy.fjut.edu.cn/2025/0617/c10557a255474/page.htm,2026-10-09,官方正文或首次可取得部分；首次受阻停,已截止,已截止
N067,成果署名,原则≥1篇以本室为第一署名单位的SCI或EI期刊论文；非EI会议替代。成果标实验室指定中英文来源、项目名称及批准号。到期前1个月申请验收：申请3份、技术报告和成果证明装订3份。作者排序正文未载。,https://hyy.fjut.edu.cn/2025/0617/c10557a255474/page.htm,2026-10-09,官方正文或首次可取得部分；首次受阻停,已截止,已截止
N067,知识产权,公开完整指南未载；管理办法及合同待取。,https://hyy.fjut.edu.cn/2025/0617/c10557a255474/page.htm,2026-10-09,官方正文或首次可取得部分；首次受阻停,已截止,已截止
N067,提交,申请表、必要时导师/专家推荐、博士或职称证明；单位主管签字盖章纸件3份寄送，同时含签章扫描电子版发ZhouPD@fjut.edu.cn，2025-07-15截止。,https://hyy.fjut.edu.cn/2025/0617/c10557a255474/page.htm,2026-10-09,官方正文或首次可取得部分；首次受阻停,已截止,已截止
N067,个人条件,本人博士/高校现职对应学历类别；单位经费管理承诺、固定教师合作及限项尚未核，历史参考。,https://hyy.fjut.edu.cn/2025/0617/c10557a255474/page.htm,2026-10-09,官方正文或首次可取得部分；首次受阻停,已截止,已截止
N067,缺口,3个DOCX首次工具不支持；需福工大科研〔2024〕14号办法、合同补IP/外拨/报销与支付及设备开支范围；2026—2027新批未定位，不声明无。,https://hyy.fjut.edu.cn/2025/0617/c10557a255474/page.htm,2026-10-09,官方正文或首次可取得部分；首次受阻停,已截止,已截止
N067,附件,"https://hyy.fjut.edu.cn/_upload/article/files/15/f8/616d9ddd4ed5bfba493285fd8e64/c5ae681d-4957-4f8d-8c86-2c44aeda189d.docx
https://hyy.fjut.edu.cn/_upload/article/files/15/f8/616d9ddd4ed5bfba493285fd8e64/cae13612-d973-47f3-960a-4bb5099b9bc6.docx
https://hyy.fjut.edu.cn/_upload/article/files/15/f8/616d9ddd4ed5bfba493285fd8e64/11bf6763-ed19-4179-9276-dc7594edaa16.docx",https://hyy.fjut.edu.cn/2025/0617/c10557a255474/page.htm,2026-10-09,官方正文或首次可取得部分；首次受阻停,已截止,已截止
N067,联系,周老师15005997434；ZhouPD@fjut.edu.cn；福州闽侯上街学府南路69号旗山南区新技术研究楼3024，350118。,https://hyy.fjut.edu.cn/2025/0617/c10557a255474/page.htm,2026-10-09,官方正文或首次可取得部分；首次受阻停,已截止,已截止
N068,正式来源,官方搜索发现2019正式开放课题标题；正文首次超时停止,https://www.fafu.edu.cn/2019/0721/c136a46120/pagem.htm,2026-10-09,官方正文或首次可取得部分；首次受阻停,线索待核·历史公告,线索待核·历史公告
N068,截止日期,未取得,https://www.fafu.edu.cn/2019/0721/c136a46120/pagem.htm,2026-10-09,官方正文或首次可取得部分；首次受阻停,线索待核·历史公告,线索待核·历史公告
N068,截止时点,未取得,https://www.fafu.edu.cn/2019/0721/c136a46120/pagem.htm,2026-10-09,官方正文或首次可取得部分；首次受阻停,线索待核·历史公告,线索待核·历史公告
N068,实际任务,未取得2019具体任务；不据智慧农林名称或2026教学农场/机器人竞赛认定本批相关。,https://www.fafu.edu.cn/2019/0721/c136a46120/pagem.htm,2026-10-09,官方正文或首次可取得部分；首次受阻停,线索待核·历史公告,线索待核·历史公告
N068,资助金额,未取得,https://www.fafu.edu.cn/2019/0721/c136a46120/pagem.htm,2026-10-09,官方正文或首次可取得部分；首次受阻停,线索待核·历史公告,线索待核·历史公告
N068,资格,2019校外资格/限项未取得。,https://www.fafu.edu.cn/2019/0721/c136a46120/pagem.htm,2026-10-09,官方正文或首次可取得部分；首次受阻停,线索待核·历史公告,线索待核·历史公告
N068,合作访问,合作访问未取得。,https://www.fafu.edu.cn/2019/0721/c136a46120/pagem.htm,2026-10-09,官方正文或首次可取得部分；首次受阻停,线索待核·历史公告,线索待核·历史公告
N068,经费外拨报销,外拨、费用、报销、支付均未取得。,https://www.fafu.edu.cn/2019/0721/c136a46120/pagem.htm,2026-10-09,官方正文或首次可取得部分；首次受阻停,线索待核·历史公告,线索待核·历史公告
N068,周期,2019周期未取得。,https://www.fafu.edu.cn/2019/0721/c136a46120/pagem.htm,2026-10-09,官方正文或首次可取得部分；首次受阻停,线索待核·历史公告,线索待核·历史公告
N068,成果署名,数量/第一单位/作者/验收未取得。,https://www.fafu.edu.cn/2019/0721/c136a46120/pagem.htm,2026-10-09,官方正文或首次可取得部分；首次受阻停,线索待核·历史公告,线索待核·历史公告
N068,知识产权,未取得。,https://www.fafu.edu.cn/2019/0721/c136a46120/pagem.htm,2026-10-09,官方正文或首次可取得部分；首次受阻停,线索待核·历史公告,线索待核·历史公告
N068,提交,2019截止和提交未取得。,https://www.fafu.edu.cn/2019/0721/c136a46120/pagem.htm,2026-10-09,官方正文或首次可取得部分；首次受阻停,线索待核·历史公告,线索待核·历史公告
N068,个人条件,本人博士现职已知；旧公告资料不足待核，不进当前页。,https://www.fafu.edu.cn/2019/0721/c136a46120/pagem.htm,2026-10-09,官方正文或首次可取得部分；首次受阻停,线索待核·历史公告,线索待核·历史公告
N068,缺口,完整2019正文与附件首次超时，交人工；补年度任务及全部条款，不能套农林生物安全2025或竞赛/夏令营。,https://www.fafu.edu.cn/2019/0721/c136a46120/pagem.htm,2026-10-09,官方正文或首次可取得部分；首次受阻停,线索待核·历史公告,线索待核·历史公告
N068,附件,正文首次失败，附件直链未取得。,https://www.fafu.edu.cn/2019/0721/c136a46120/pagem.htm,2026-10-09,官方正文或首次可取得部分；首次受阻停,线索待核·历史公告,线索待核·历史公告
N068,联系,年度基金联系人未取得。,https://www.fafu.edu.cn/2019/0721/c136a46120/pagem.htm,2026-10-09,官方正文或首次可取得部分；首次受阻停,线索待核·历史公告,线索待核·历史公告
N069,正式来源,2025正式指南完整正文已取得；申请DOCX下载页首次显示验证码,https://mhhk.kmust.edu.cn/info/1019/4253.htm,2026-10-09,官方正文或首次可取得部分；首次受阻停,已截止,已截止
N069,截止日期,2025-09-19,https://mhhk.kmust.edu.cn/info/1019/4253.htm,2026-10-09,官方正文或首次可取得部分；首次受阻停,已截止,已截止
N069,截止时点,正文要求“2025年9月19日之前”，是否含当日及小时未明确；已过窗口。,https://mhhk.kmust.edu.cn/info/1019/4253.htm,2026-10-09,官方正文或首次可取得部分；首次受阻停,已截止,已截止
N069,实际任务,高原复杂环境无人机电路可靠性、轻量低功耗飞控/抗干扰传感接口；氢能垂起固定翼无人机气动动力耦合与轻量储供；长航时BMS SOC/SOH估计均衡热管理；无人机智能感知自主避障、协同集群控制、脑机/类脑人机交互实时控制算法。电池材料研究不据智能标题扩展通用材料项目。,https://mhhk.kmust.edu.cn/info/1019/4253.htm,2026-10-09,官方正文或首次可取得部分；首次受阻停,已截止,已截止
N069,资助金额,重点10万元，拟2—3项；一般5万元，拟1—2项。,https://mhhk.kmust.edu.cn/info/1019/4253.htm,2026-10-09,官方正文或首次可取得部分；首次受阻停,已截止,已截止
N069,资格,中心固定成员外国内外高校/科研机构/企业科技人员；博士或高级职称，单位同意；年龄/限项正文未载。,https://mhhk.kmust.edu.cn/info/1019/4253.htm,2026-10-09,官方正文或首次可取得部分；首次受阻停,已截止,已截止
N069,合作访问,主要支持与中心人员科研合作的研究者，正文未给强制固定人员数量；访问未载，不能改写至少1固定。,https://mhhk.kmust.edu.cn/info/1019/4253.htm,2026-10-09,官方正文或首次可取得部分；首次受阻停,已截止,已截止
N069,经费外拨报销,专款专用；外拨、开支科目、报销地点比例及支付节点正文未载。,https://mhhk.kmust.edu.cn/info/1019/4253.htm,2026-10-09,官方正文或首次可取得部分；首次受阻停,已截止,已截止
N069,周期,2年，统一起止未载；不定期检查，不执行计划可终止。,https://mhhk.kmust.edu.cn/info/1019/4253.htm,2026-10-09,官方正文或首次可取得部分；首次受阻停,已截止,已截止
N069,成果署名,重点：中心为第一作者署名单位或通讯作者署名单位，≥2篇SCI/EI检索论文，或授权相关发明2项，或原理样机（电路板等）2套，或相关缩比原理样机1套。一般：同样署名，≥1篇SCI/EI检索期刊论文且申请相关发明≥1项（是且非或）。预警期刊不计。完成后2个月交报告/总结及成果证明；标中心中英文名称及致谢基金。,https://mhhk.kmust.edu.cn/info/1019/4253.htm,2026-10-09,官方正文或首次可取得部分；首次受阻停,已截止,已截止
N069,知识产权,成果由实验室和研究人员所属单位共享；收益/转让细则正文未载。,https://mhhk.kmust.edu.cn/info/1019/4253.htm,2026-10-09,官方正文或首次可取得部分；首次受阻停,已截止,已截止
N069,提交,单位同意，2025-09-19之前申请2份、电子发yxm1434@163.com；获批后寄任务合同4份。申请签章/邮寄细节待申请表；官网联系段邮箱插空格，申报段无空格。,https://mhhk.kmust.edu.cn/info/1019/4253.htm,2026-10-09,官方正文或首次可取得部分；首次受阻停,已截止,已截止
N069,个人条件,本人博士现职已知；合作、限项及申请签章细则未核，已截止历史参考。,https://mhhk.kmust.edu.cn/info/1019/4253.htm,2026-10-09,官方正文或首次可取得部分；首次受阻停,已截止,已截止
N069,缺口,验证码申请DOCX人工下载；补外拨报销支付/合同、普通项目论文+申请专利规则及截止是否含当日。2026—2027新公告未定位不代表不存在。,https://mhhk.kmust.edu.cn/info/1019/4253.htm,2026-10-09,官方正文或首次可取得部分；首次受阻停,已截止,已截止
N069,附件,https://mhhk.kmust.edu.cn/system/_content/download.jsp?owner=1545230061&urltype=news.DownloadAttachUrl&wbfileid=16633046,https://mhhk.kmust.edu.cn/info/1019/4253.htm,2026-10-09,官方正文或首次可取得部分；首次受阻停,已截止,已截止
N069,联系,杨老师151-9886-9097；yxm1434@163.com；昆明理工大学公教楼127室650500（网页地址“1 27”）；具体递交地址待表核。,https://mhhk.kmust.edu.cn/info/1019/4253.htm,2026-10-09,官方正文或首次可取得部分；首次受阻停,已截止,已截止
N070,正式来源,官方搜索定位2027业务费实验室开放基金申报指南；正文首次不可访问停止,https://iem.ac.cn/zxgl/info?id=4400,2026-10-09,官方正文或首次可取得部分；首次受阻停,线索待核·公告未取得,线索待核·公告未取得
N070,截止日期,未取得,https://iem.ac.cn/zxgl/info?id=4400,2026-10-09,官方正文或首次可取得部分；首次受阻停,线索待核·公告未取得,线索待核·公告未取得
N070,截止时点,未取得,https://iem.ac.cn/zxgl/info?id=4400,2026-10-09,官方正文或首次可取得部分；首次受阻停,线索待核·公告未取得,线索待核·公告未取得
N070,实际任务,2027具体平台及年度任务未取得，不据工程力学或开放基金标题认定机器人。,https://iem.ac.cn/zxgl/info?id=4400,2026-10-09,官方正文或首次可取得部分；首次受阻停,线索待核·公告未取得,线索待核·公告未取得
N070,资助金额,未取得,https://iem.ac.cn/zxgl/info?id=4400,2026-10-09,官方正文或首次可取得部分；首次受阻停,线索待核·公告未取得,线索待核·公告未取得
N070,资格,校外负责人资格/职称年龄限项未取得；研究所业务费不是仅中央高校。,https://iem.ac.cn/zxgl/info?id=4400,2026-10-09,官方正文或首次可取得部分；首次受阻停,线索待核·公告未取得,线索待核·公告未取得
N070,合作访问,合作访问未取得。,https://iem.ac.cn/zxgl/info?id=4400,2026-10-09,官方正文或首次可取得部分；首次受阻停,线索待核·公告未取得,线索待核·公告未取得
N070,经费外拨报销,费用/外拨/报销/支付未取得。,https://iem.ac.cn/zxgl/info?id=4400,2026-10-09,官方正文或首次可取得部分；首次受阻停,线索待核·公告未取得,线索待核·公告未取得
N070,周期,未取得。,https://iem.ac.cn/zxgl/info?id=4400,2026-10-09,官方正文或首次可取得部分；首次受阻停,线索待核·公告未取得,线索待核·公告未取得
N070,成果署名,未取得数量/署名/验收。,https://iem.ac.cn/zxgl/info?id=4400,2026-10-09,官方正文或首次可取得部分；首次受阻停,线索待核·公告未取得,线索待核·公告未取得
N070,知识产权,未取得。,https://iem.ac.cn/zxgl/info?id=4400,2026-10-09,官方正文或首次可取得部分；首次受阻停,线索待核·公告未取得,线索待核·公告未取得
N070,提交,截止材料提交均未取得。,https://iem.ac.cn/zxgl/info?id=4400,2026-10-09,官方正文或首次可取得部分；首次受阻停,线索待核·公告未取得,线索待核·公告未取得
N070,个人条件,本人博士现职已知；资料不足不进当前页，不推断可申请。,https://iem.ac.cn/zxgl/info?id=4400,2026-10-09,官方正文或首次可取得部分；首次受阻停,线索待核·公告未取得,线索待核·公告未取得
N070,缺口,2027完整指南正文及全部附件首次不可访问，人工补平台名单/具体机器人任务及全部资金申报条款。,https://iem.ac.cn/zxgl/info?id=4400,2026-10-09,官方正文或首次可取得部分；首次受阻停,线索待核·公告未取得,线索待核·公告未取得
N070,附件,正文首次失败，附件直链未取得。,https://iem.ac.cn/zxgl/info?id=4400,2026-10-09,官方正文或首次可取得部分；首次受阻停,线索待核·公告未取得,线索待核·公告未取得
N070,联系,本批联系人未取得。,https://iem.ac.cn/zxgl/info?id=4400,2026-10-09,官方正文或首次可取得部分；首次受阻停,线索待核·公告未取得,线索待核·公告未取得
N071,正式来源,2026正式完整正文已取；任务仅概括结构检测/监测，3附件下载页或工具异常未获原件,https://highway.chd.edu.cn/info/1015/24577.htm,2026-10-09,官方正文或首次可取得部分；首次受阻停,线索待核·已截止,线索待核·已截止
N071,截止日期,2026-09-15,https://highway.chd.edu.cn/info/1015/24577.htm,2026-10-09,官方正文或首次可取得部分；首次受阻停,线索待核·已截止,线索待核·已截止
N071,截止时点,17:00前,https://highway.chd.edu.cn/info/1015/24577.htm,2026-10-09,官方正文或首次可取得部分；首次受阻停,线索待核·已截止,线索待核·已截止
N071,实际任务,年度桥梁/隧道结构理论、抗震抗风、钢混组合结构、桥梁检测评估维护、施工控制、隧道环境防灾、大型结构安全监测与数据孪生。未细化机器人或智能检测装备感知规划控制任务，不能单凭监测/控制认定相关；任务联系待核。,https://highway.chd.edu.cn/info/1015/24577.htm,2026-10-09,官方正文或首次可取得部分；首次受阻停,线索待核·已截止,线索待核·已截止
N071,资助金额,3万元/项，立项先拨1万；一年中检达续拨条件再拨剩余。,https://highway.chd.edu.cn/info/1015/24577.htm,2026-10-09,官方正文或首次可取得部分；首次受阻停,线索待核·已截止,线索待核·已截止
N071,资格,非本校45岁以下研究者；副高及以上，或中级且博士；在研本校开放基金PI不能再申。年龄基准日/限项其他正文未载。,https://highway.chd.edu.cn/info/1015/24577.htm,2026-10-09,官方正文或首次可取得部分；首次受阻停,线索待核·已截止,线索待核·已截止
N071,合作访问,正文未强制每项固定人员合作；成果署名第3方案需中心固定人员第一通讯，具体方案须确认。访问未载。,https://highway.chd.edu.cn/info/1015/24577.htm,2026-10-09,官方正文或首次可取得部分；首次受阻停,线索待核·已截止,线索待核·已截止
N071,经费外拨报销,拨付经费接受单位、外拨到外校还是校内账户、费用科目报销地点未知。首拨1万；中检不达条件可延期1年，再达条件续拨，否则余款不续拨。,https://highway.chd.edu.cn/info/1015/24577.htm,2026-10-09,官方正文或首次可取得部分；首次受阻停,线索待核·已截止,线索待核·已截止
N071,周期,2年执行；统一起止未载。一年中检，不达续拨可延期1年。,https://highway.chd.edu.cn/info/1015/24577.htm,2026-10-09,官方正文或首次可取得部分；首次受阻停,线索待核·已截止,线索待核·已截止
N071,成果署名,≥1篇B区及以上或1篇C/D区英文论文，分区是长安大学目录而非中科院；研究/综述计，简讯不计，增刊专刊原则不计（D区以上英文专刊例外）。署名三选一：PI第一作者/中心第一单位；PI第一通讯/其第一单位中心；PI第一作者/所在单位第一，中心固定人员第一通讯/通讯第一单位中心。成果标中心基金编号。,https://highway.chd.edu.cn/info/1015/24577.htm,2026-10-09,官方正文或首次可取得部分；首次受阻停,线索待核·已截止,线索待核·已截止
N071,知识产权,论文专利等归中心和PI所在单位共有且共同署名，收益细则未载。,https://highway.chd.edu.cn/info/1015/24577.htm,2026-10-09,官方正文或首次可取得部分；首次受阻停,线索待核·已截止,线索待核·已截止
N071,提交,2026-09-15 17:00前签章电子申请发yao.li@chd.edu.cn，邮件题2026年度开放基金申请+姓名；纸件邮寄另通知。,https://highway.chd.edu.cn/info/1015/24577.htm,2026-10-09,官方正文或首次可取得部分；首次受阻停,线索待核·已截止,线索待核·已截止
N071,个人条件,本人博士现职已知；年龄、职称、在研限项及署名合作未核，窗口已过且任务联系待核。,https://highway.chd.edu.cn/info/1015/24577.htm,2026-10-09,官方正文或首次可取得部分；首次受阻停,线索待核·已截止,线索待核·已截止
N071,缺口,需具体智能检测装备任务证据；3附件原件未取：申请DOC/高质量期刊目录/学校学术期刊目录；确认B/C/D目录口径及经费外拨报销。,https://highway.chd.edu.cn/info/1015/24577.htm,2026-10-09,官方正文或首次可取得部分；首次受阻停,线索待核·已截止,线索待核·已截止
N071,附件,"https://highway.chd.edu.cn/system/_content/download.jsp?owner=942513268&urltype=news.DownloadAttachUrl&wbfileid=18223154
https://highway.chd.edu.cn/system/_content/download.jsp?owner=942513268&urltype=news.DownloadAttachUrl&wbfileid=18223156
第三附件工具首次异常未返回直链，公告附件3链接可人工点击。",https://highway.chd.edu.cn/info/1015/24577.htm,2026-10-09,官方正文或首次可取得部分；首次受阻停,线索待核·已截止,线索待核·已截止
N071,联系,申请邮箱yao.li@chd.edu.cn；公告未载专门电话。学院公共029-82334453不是确认基金咨询电话。,https://highway.chd.edu.cn/info/1015/24577.htm,2026-10-09,官方正文或首次可取得部分；首次受阻停,线索待核·已截止,线索待核·已截止
N072,正式来源,2024正式指南完整正文已取得；申请DOCX首次不支持,https://sjkx.qust.edu.cn/info/1061/1542.htm,2026-10-09,官方正文或首次可取得部分；首次受阻停,已截止,已截止
N072,截止日期,2024-05-15,https://sjkx.qust.edu.cn/info/1061/1542.htm,2026-10-09,官方正文或首次可取得部分；首次受阻停,已截止,已截止
N072,截止时点,正文要求“5月15日前”，是否含当日及小时未载；已过窗口。,https://sjkx.qust.edu.cn/info/1061/1542.htm,2026-10-09,官方正文或首次可取得部分；首次受阻停,已截止,已截止
N072,实际任务,崂山校区三维低空保障软硬件闭环验证平台；三维实景地图无人值守机场动态航线规划/评估及高度速度相机航点动作；地面目标多传感融合深度识别跟踪；环境/关系/历史航迹预测碰撞避免与预警；视觉激光雷达多模态三维重建/避障/盲降；消防无人机任务分配、包围控制精准灭火与编队通信拓扑优化；低空仿真及遥感图像校正识别3D测算。通信方案研究也在本批9题内，应用背景保留。,https://sjkx.qust.edu.cn/info/1061/1542.htm,2026-10-09,官方正文或首次可取得部分；首次受阻停,已截止,已截止
N072,资助金额,正文明确按评审给予经费资助，但未公布金额或课题数量。,https://sjkx.qust.edu.cn/info/1061/1542.htm,2026-10-09,官方正文或首次可取得部分；首次受阻停,已截止,已截止
N072,资格,国内外高校/科研院所等事业单位在编员工，博士或副高级以上，低空飞行领域良好前期基础；本中心在研或未按期/原计划完成PI当年不得申请。团队一般4—6人且≤6人；年龄正文未载。,https://sjkx.qust.edu.cn/info/1061/1542.htm,2026-10-09,官方正文或首次可取得部分；首次受阻停,已截止,已截止
N072,合作访问,与中心人员有良好合作基础者优先，非强制固定成员人数。必要时赴中心结题/学术报告；普通访问时长未载。,https://sjkx.qust.edu.cn/info/1061/1542.htm,2026-10-09,官方正文或首次可取得部分；首次受阻停,已截止,已截止
N072,经费外拨报销,按青科财务制度，预算专账专款专用；两次拨付，首拨≤总支持40%，验收合格后拨余款。拨到外校或本校报销未载；资助之外申报执行费用自担，须垫支与结算流程待合同核。,https://sjkx.qust.edu.cn/info/1061/1542.htm,2026-10-09,官方正文或首次可取得部分；首次受阻停,已截止,已截止
N072,周期,一般≤2年；半年执行报告，一年总结及下一计划；变更/延期须提前获批准，结题后2个月提交结题报告。进展差可终止。,https://sjkx.qust.edu.cn/info/1061/1542.htm,2026-10-09,官方正文或首次可取得部分；首次受阻停,已截止,已截止
N072,成果署名,形成论文/专利/软著/原型系统等，数量、指定第一单位/作者正文未载；提交报告及成果材料，接受委托单位监理审计绩效检查。,https://sjkx.qust.edu.cn/info/1061/1542.htm,2026-10-09,官方正文或首次可取得部分；首次受阻停,已截止,已截止
N072,知识产权,完整公开指南未载，任务合同待核。,https://sjkx.qust.edu.cn/info/1061/1542.htm,2026-10-09,官方正文或首次可取得部分；首次受阻停,已截止,已截止
N072,提交,加盖公章申请书截止前寄青岛科技大学数据学院，同时电子发zhaoqi_1995@163.com；入评审后不能更改申请及附件。获批签课题合同。,https://sjkx.qust.edu.cn/info/1061/1542.htm,2026-10-09,官方正文或首次可取得部分；首次受阻停,已截止,已截止
N072,个人条件,本人博士现职已知；在编身份、前期基础证明、限项/团队未核，不作能力判断；历史参考。,https://sjkx.qust.edu.cn/info/1061/1542.htm,2026-10-09,官方正文或首次可取得部分；首次受阻停,已截止,已截止
N072,缺口,申请DOCX首不支持；金额未公布、外拨/垫支/验收数量署名IP需合同补。2025—2027机制查未定位新正式指南，不写无。,https://sjkx.qust.edu.cn/info/1061/1542.htm,2026-10-09,官方正文或首次可取得部分；首次受阻停,已截止,已截止
N072,附件,https://sjkx.qust.edu.cn/system/_content/download.jsp?owner=1950452003&urltype=news.DownloadAttachUrl&wbfileid=13246650,https://sjkx.qust.edu.cn/info/1061/1542.htm,2026-10-09,官方正文或首次可取得部分；首次受阻停,已截止,已截止
N072,联系,赵琦；zhaoqi_1995@163.com；青岛崂山松岭路99号数据科学学院。基金个人电话未载，学院公共0532-88959390。,https://sjkx.qust.edu.cn/info/1061/1542.htm,2026-10-09,官方正文或首次可取得部分；首次受阻停,已截止,已截止
N073,正式来源,标题2022年度指南、2023-02-09发布且02-20截止，完整正文已取；3个DOC首不支持,https://www.ahjzu.edu.cn/2023/0209/c145a209128/page.htm,2026-10-09,官方正文或首次可取得部分；首次受阻停,已截止,已截止
N073,截止日期,2023-02-20,https://www.ahjzu.edu.cn/2023/0209/c145a209128/page.htm,2026-10-09,官方正文或首次可取得部分；首次受阻停,已截止,已截止
N073,截止时点,具体时点未载；标题年度2022不改为发布年度2023。,https://www.ahjzu.edu.cn/2023/0209/c145a209128/page.htm,2026-10-09,官方正文或首次可取得部分；首次受阻停,已截止,已截止
N073,实际任务,校外开放基金2题：面向智能制造多模态数据的知识图谱与工程机械故障诊断定位；典型工程机械施工场景数字模型、测试传感、在线监测调度和施工质量进展预测。校内主任基金另含复杂机械故障传播/新能源电驱供能，不能把校内专属任务当本人的开放选题。,https://www.ahjzu.edu.cn/2023/0209/c145a209128/page.htm,2026-10-09,官方正文或首次可取得部分；首次受阻停,已截止,已截止
N073,资助金额,校外开放基金约3万元/项，拟2项。校内主任基金约2万元/项，非外校申报类别。,https://www.ahjzu.edu.cn/2023/0209/c145a209128/page.htm,2026-10-09,官方正文或首次可取得部分；首次受阻停,已截止,已截止
N073,资格,国内外副高以上或博士科研人员，须实际主持人；不受理自然人申请，应依托单位。校外申请开放基金；主任基金只校内非固定研究者。年龄/限项正文未载。,https://www.ahjzu.edu.cn/2023/0209/c145a209128/page.htm,2026-10-09,官方正文或首次可取得部分；首次受阻停,已截止,已截止
N073,合作访问,须实验室固定人员为项目组成员，人数和访问时长未载。,https://www.ahjzu.edu.cn/2023/0209/c145a209128/page.htm,2026-10-09,官方正文或首次可取得部分；首次受阻停,已截止,已截止
N073,经费外拨报销,按安徽建筑大学科研平台开放课题管理办法试行；首次DOC未取，外拨科目/报销支付比例未知。,https://www.ahjzu.edu.cn/2023/0209/c145a209128/page.htm,2026-10-09,官方正文或首次可取得部分；首次受阻停,已截止,已截止
N073,周期,2年，统一起止未载；按年提交技术进展报告。,https://www.ahjzu.edu.cn/2023/0209/c145a209128/page.htm,2026-10-09,官方正文或首次可取得部分；首次受阻停,已截止,已截止
N073,成果署名,校外开放基金SCI/EI收录期刊2篇（可发表/录用各1），或CSCD论文2篇（可发表/录用各1）、EI会议1篇；后者与会议的组合关系原文标点需管理办法核，不能改成任一篇。PI为成果第一或通讯；论文第一或通讯作者的第一单位须实验室，标基金项目号；成果与任务相关。,https://www.ahjzu.edu.cn/2023/0209/c145a209128/page.htm,2026-10-09,官方正文或首次可取得部分；首次受阻停,已截止,已截止
N073,知识产权,完整正文未载，管理办法及任务书待核。,https://www.ahjzu.edu.cn/2023/0209/c145a209128/page.htm,2026-10-09,官方正文或首次可取得部分；首次受阻停,已截止,已截止
N073,提交,申请3份送交/邮寄合肥经开紫云路292号安徽建筑大学南校区机电楼本室，电子yuanbinwork@163.com；2023-02-20截止。签章细节待表。,https://www.ahjzu.edu.cn/2023/0209/c145a209128/page.htm,2026-10-09,官方正文或首次可取得部分；首次受阻停,已截止,已截止
N073,个人条件,本人博士/高校现职对应学历，单位名义、固定合作/限项及论文署名未核；只记录校外基金历史。,https://www.ahjzu.edu.cn/2023/0209/c145a209128/page.htm,2026-10-09,官方正文或首次可取得部分；首次受阻停,已截止,已截止
N073,缺口,管理办法/申请书/任务书3DOC首次不支持；补经费外拨报销支付/IP、CSCD与会议成果组合及签章。2025—2027年度新指南未定位不声明无。,https://www.ahjzu.edu.cn/2023/0209/c145a209128/page.htm,2026-10-09,官方正文或首次可取得部分；首次受阻停,已截止,已截止
N073,附件,"https://www.ahjzu.edu.cn/_upload/article/files/55/7e/a1bd4404493cace7e1659ca46a5c/fad1ccf2-60e2-4ba3-a892-f61d58f0ca48.doc
https://www.ahjzu.edu.cn/_upload/article/files/55/7e/a1bd4404493cace7e1659ca46a5c/4ecf7c4c-aedf-4765-9fe6-f34c61954ae9.doc
https://www.ahjzu.edu.cn/_upload/article/files/55/7e/a1bd4404493cace7e1659ca46a5c/6a3d104d-ac0a-4c95-8e37-37f7f70cb037.doc",https://www.ahjzu.edu.cn/2023/0209/c145a209128/page.htm,2026-10-09,官方正文或首次可取得部分；首次受阻停,已截止,已截止
N073,联系,袁彬13721033638、0551-63828102；yuanbinwork@163.com；合肥紫云路292号南校区机电楼。,https://www.ahjzu.edu.cn/2023/0209/c145a209128/page.htm,2026-10-09,官方正文或首次可取得部分；首次受阻停,已截止,已截止
N074,正式来源,首次成功取得正文至一般课题结题要求；页尾续读首次超时停止,https://www.ahjzu.edu.cn/cptulab/2023/1129/c13219a225180/page.htm,2026-10-09,官方正文或首次可取得部分；首次受阻停,线索待核·历史公告,线索待核·历史公告
N074,截止日期,未取得,https://www.ahjzu.edu.cn/cptulab/2023/1129/c13219a225180/page.htm,2026-10-09,官方正文或首次可取得部分；首次受阻停,线索待核·历史公告,线索待核·历史公告
N074,截止时点,未取得,https://www.ahjzu.edu.cn/cptulab/2023/1129/c13219a225180/page.htm,2026-10-09,官方正文或首次可取得部分；首次受阻停,线索待核·历史公告,线索待核·历史公告
N074,实际任务,2023公开部分列深地精细探测/岩土力学/灾害预测/地热/大数据，深海探测装备研制、应用系统开发集成/数据解译及AI融合，行星有效载荷与任务/表面观测数据融合/就位探测。深海装备任务仍概括，缺机器人或装备感知规划控制的具体要求，暂待核，地学一般任务不凭智能保留。,https://www.ahjzu.edu.cn/cptulab/2023/1129/c13219a225180/page.htm,2026-10-09,官方正文或首次可取得部分；首次受阻停,线索待核·历史公告,线索待核·历史公告
N074,资助金额,金额未取得（正文页尾及附件未取得）。,https://www.ahjzu.edu.cn/cptulab/2023/1129/c13219a225180/page.htm,2026-10-09,官方正文或首次可取得部分；首次受阻停,线索待核·历史公告,线索待核·历史公告
N074,资格,已取部分称鼓励国内外高校科研机构研究者尤其青年；博士/职称年龄限项正式条款未取得，不能称无门槛。,https://www.ahjzu.edu.cn/cptulab/2023/1129/c13219a225180/page.htm,2026-10-09,官方正文或首次可取得部分；首次受阻停,线索待核·历史公告,线索待核·历史公告
N074,合作访问,获批后指定1位中级及以上固定研究者为联系人共同任务，任务书列合作计划；优先利用本室设备和数据平台；访问时长未取得。,https://www.ahjzu.edu.cn/cptulab/2023/1129/c13219a225180/page.htm,2026-10-09,官方正文或首次可取得部分；首次受阻停,线索待核·历史公告,线索待核·历史公告
N074,经费外拨报销,费用/外拨/报销/支付未取得。,https://www.ahjzu.edu.cn/cptulab/2023/1129/c13219a225180/page.htm,2026-10-09,官方正文或首次可取得部分；首次受阻停,线索待核·历史公告,线索待核·历史公告
N074,周期,周期和起止未取得。,https://www.ahjzu.edu.cn/cptulab/2023/1129/c13219a225180/page.htm,2026-10-09,官方正文或首次可取得部分；首次受阻停,线索待核·历史公告,线索待核·历史公告
N074,成果署名,已取：重点以本室为主要完成单位之一，相关SCI/EI论文2篇；授权相关发明1项或软著2项。一般含主任论文1篇；授权发明1项或软著2项。论文与专利/软著为分别要求，作者顺序/其余验收页尾未取得。,https://www.ahjzu.edu.cn/cptulab/2023/1129/c13219a225180/page.htm,2026-10-09,官方正文或首次可取得部分；首次受阻停,线索待核·历史公告,线索待核·历史公告
N074,知识产权,未取得。,https://www.ahjzu.edu.cn/cptulab/2023/1129/c13219a225180/page.htm,2026-10-09,官方正文或首次可取得部分；首次受阻停,线索待核·历史公告,线索待核·历史公告
N074,提交,截止/提交/表格/联系页尾未取得。,https://www.ahjzu.edu.cn/cptulab/2023/1129/c13219a225180/page.htm,2026-10-09,官方正文或首次可取得部分；首次受阻停,线索待核·历史公告,线索待核·历史公告
N074,个人条件,本人博士现职已知；具体资格、合作限项与机器人任务证据未齐，保持历史待核。,https://www.ahjzu.edu.cn/cptulab/2023/1129/c13219a225180/page.htm,2026-10-09,官方正文或首次可取得部分；首次受阻停,线索待核·历史公告,线索待核·历史公告
N074,缺口,页尾首次续读超时；人工保存完整2023公告及全部附件，补具体智能探测装备任务、金额、资格、周期、期限、费用外拨、IP和提交联系；主任基金外校资格未知，不代套其他实验室。,https://www.ahjzu.edu.cn/cptulab/2023/1129/c13219a225180/page.htm,2026-10-09,官方正文或首次可取得部分；首次受阻停,线索待核·历史公告,线索待核·历史公告
N074,附件,首次页尾超时，附件直链未取得。,https://www.ahjzu.edu.cn/cptulab/2023/1129/c13219a225180/page.htm,2026-10-09,官方正文或首次可取得部分；首次受阻停,线索待核·历史公告,线索待核·历史公告
N074,联系,本批联系人未取得。,https://www.ahjzu.edu.cn/cptulab/2023/1129/c13219a225180/page.htm,2026-10-09,官方正文或首次可取得部分；首次受阻停,线索待核·历史公告,线索待核·历史公告
N075,正式来源,官方通知正文仅PDF附件；目录发布2025-09-25，附件首次验证码停止。,https://kyc.sdjtu.edu.cn/info/1056/3085.htm,2026-10-09,年度正式来源或首次获取部分；受阻停止,线索待核·历史公告,线索待核·历史公告
N075,截止日期,未取得,https://kyc.sdjtu.edu.cn/info/1056/3085.htm,2026-10-09,年度正式来源或首次获取部分；受阻停止,线索待核·历史公告,线索待核·历史公告
N075,截止时点,具体时点未取得,https://kyc.sdjtu.edu.cn/info/1056/3085.htm,2026-10-09,年度正式来源或首次获取部分；受阻停止,线索待核·历史公告,线索待核·历史公告
N075,实际任务,年度具体任务未取得，不据智能名称认定机器人相关。,https://kyc.sdjtu.edu.cn/info/1056/3085.htm,2026-10-09,年度正式来源或首次获取部分；受阻停止,线索待核·历史公告,线索待核·历史公告
N075,资助金额,未取得,https://kyc.sdjtu.edu.cn/info/1056/3085.htm,2026-10-09,年度正式来源或首次获取部分；受阻停止,线索待核·历史公告,线索待核·历史公告
N075,资格,资格与限项未取得。,https://kyc.sdjtu.edu.cn/info/1056/3085.htm,2026-10-09,年度正式来源或首次获取部分；受阻停止,线索待核·历史公告,线索待核·历史公告
N075,合作访问,合作访问未取得。,https://kyc.sdjtu.edu.cn/info/1056/3085.htm,2026-10-09,年度正式来源或首次获取部分；受阻停止,线索待核·历史公告,线索待核·历史公告
N075,经费外拨报销,外拨/报销/科目/支付未取得。,https://kyc.sdjtu.edu.cn/info/1056/3085.htm,2026-10-09,年度正式来源或首次获取部分；受阻停止,线索待核·历史公告,线索待核·历史公告
N075,周期,周期未取得。,https://kyc.sdjtu.edu.cn/info/1056/3085.htm,2026-10-09,年度正式来源或首次获取部分；受阻停止,线索待核·历史公告,线索待核·历史公告
N075,成果署名,数量、单位作者署名、验收未取得。,https://kyc.sdjtu.edu.cn/info/1056/3085.htm,2026-10-09,年度正式来源或首次获取部分；受阻停止,线索待核·历史公告,线索待核·历史公告
N075,知识产权,知识产权未取得。,https://kyc.sdjtu.edu.cn/info/1056/3085.htm,2026-10-09,年度正式来源或首次获取部分；受阻停止,线索待核·历史公告,线索待核·历史公告
N075,提交,提交要求未取得。,https://kyc.sdjtu.edu.cn/info/1056/3085.htm,2026-10-09,年度正式来源或首次获取部分；受阻停止,线索待核·历史公告,线索待核·历史公告
N075,个人条件,本人博士/南京信息工程大学现职已知；历史或资料待核，不等同可申请。,https://kyc.sdjtu.edu.cn/info/1056/3085.htm,2026-10-09,年度正式来源或首次获取部分；受阻停止,线索待核·历史公告,线索待核·历史公告
N075,缺口,下载完整通知PDF，确认2025年度实际机器人/装备任务及截止、外部资格、金额、合作、外拨报销、周期成果IP提交；目录2025-12已立项，不能当当前受理。,https://kyc.sdjtu.edu.cn/info/1056/3085.htm,2026-10-09,年度正式来源或首次获取部分；受阻停止,线索待核·历史公告,线索待核·历史公告
N075,附件,https://kyc.sdjtu.edu.cn/system/_content/download.jsp?owner=1592971087&urltype=news.DownloadAttachUrl&wbfileid=A2979916BB15FFA2DEB21E83D71F510F,https://kyc.sdjtu.edu.cn/info/1056/3085.htm,2026-10-09,年度正式来源或首次获取部分；受阻停止,线索待核·历史公告,线索待核·历史公告
N075,联系,年度联系人未取得。,https://kyc.sdjtu.edu.cn/info/1056/3085.htm,2026-10-09,年度正式来源或首次获取部分；受阻停止,线索待核·历史公告,线索待核·历史公告
N076,正式来源,2024正式申报公告全文已取；指南ZIP/公告DOC首次超时。,https://webadm.suse.edu.cn/_s57/2024/0425/c4268a110770/page.psp,2026-10-09,年度正式来源或首次获取部分；受阻停止,线索待核·已截止,线索待核·已截止
N076,截止日期,2024-05-22,https://webadm.suse.edu.cn/_s57/2024/0425/c4268a110770/page.psp,2026-10-09,年度正式来源或首次获取部分；受阻停止,线索待核·已截止,线索待核·已截止
N076,截止时点,具体时点未载。,https://webadm.suse.edu.cn/_s57/2024/0425/c4268a110770/page.psp,2026-10-09,年度正式来源或首次获取部分；受阻停止,线索待核·已截止,线索待核·已截止
N076,实际任务,当年正文仅概括多相流及环保装备、安全应急装备、智能制造与智能装备；缺指南具体机器人感知/规划/控制任务，不能将2011智能焊接机器人立项套为2024任务。,https://webadm.suse.edu.cn/_s57/2024/0425/c4268a110770/page.psp,2026-10-09,年度正式来源或首次获取部分；受阻停止,线索待核·已截止,线索待核·已截止
N076,资助金额,公开正文未载金额；重点/一般两类，待指南。,https://webadm.suse.edu.cn/_s57/2024/0425/c4268a110770/page.psp,2026-10-09,年度正式来源或首次获取部分；受阻停止,线索待核·已截止,线索待核·已截止
N076,资格,面向国内高校企业研究院所相关科研人员；重点博士或副高以上，一般原则博士或副高级以上，否则2副高级以上推荐；在读博士单独申请导师推荐。每PI1项且不得为组员参与同年其他项目；组员每年≤2项；有本室未结项目PI不得申报。无组员原则不支持。,https://webadm.suse.edu.cn/_s57/2024/0425/c4268a110770/page.psp,2026-10-09,年度正式来源或首次获取部分；受阻停止,线索待核·已截止,线索待核·已截止
N076,合作访问,校外须本室人员参与；联合多单位明确职责且提交协议/合同原件1份。访问要求未载。,https://webadm.suse.edu.cn/_s57/2024/0425/c4268a110770/page.psp,2026-10-09,年度正式来源或首次获取部分；受阻停止,线索待核·已截止,线索待核·已截止
N076,经费外拨报销,签任务书后一次划拨，按批准预算及学校上级文件使用；无正常理由延期或违规可撤项追回。是否外拨南信及具体报销科目未载，不将一次划拨等同外拨。,https://webadm.suse.edu.cn/_s57/2024/0425/c4268a110770/page.psp,2026-10-09,年度正式来源或首次获取部分；受阻停止,线索待核·已截止,线索待核·已截止
N076,周期,重点≤3年，一般≤2年；申报起止填2024-07-01至2026-06-30或2027-06-30，实际以任务下达为准；不允许延期。,https://webadm.suse.edu.cn/_s57/2024/0425/c4268a110770/page.psp,2026-10-09,年度正式来源或首次获取部分；受阻停止,线索待核·已截止,线索待核·已截止
N076,成果署名,重点四类任意2项：新产品/装备（包括在审发明1或授权实用1）；高水平论文≥2；PI获省部级以上纵向；转让产业化到校经费≥资助2倍。一般四类任意2项：产品/装备或在审发明1或授权实用1；高水平论文≥1；PI获市厅级以上纵向；转让到校≥资助额。成果标基金号且本室完成单位之一，非硬第一单位；论文层级/作者序未载。,https://webadm.suse.edu.cn/_s57/2024/0425/c4268a110770/page.psp,2026-10-09,年度正式来源或首次获取部分；受阻停止,线索待核·已截止,线索待核·已截止
N076,知识产权,本室和PI单位共有；转让须双方单位同意；校外专利、软件和数据库登记须四川轻化工大学为权人之一。,https://webadm.suse.edu.cn/_s57/2024/0425/c4268a110770/page.psp,2026-10-09,年度正式来源或首次获取部分；受阻停止,线索待核·已截止,线索待核·已截止
N076,提交,2024-04-23至05-22受理，单位科研部门审查申请2份及详细联系资料送室，电子595628323@qq.com；获批1月内任务书盖章交室。正文下载说明出现2023但附件标题2024，须以ZIP原件核，不将2023错字改年度。,https://webadm.suse.edu.cn/_s57/2024/0425/c4268a110770/page.psp,2026-10-09,年度正式来源或首次获取部分；受阻停止,线索待核·已截止,线索待核·已截止
N076,个人条件,本人博士/南京信息工程大学现职已知；历史或资料待核，不等同可申请。,https://webadm.suse.edu.cn/_s57/2024/0425/c4268a110770/page.psp,2026-10-09,年度正式来源或首次获取部分；受阻停止,线索待核·已截止,线索待核·已截止
N076,缺口,ZIP指南与DOC首超时交人工，补实际任务/金额/费用外拨/论文界定；2026—2027未定位新指南不代表无。,https://webadm.suse.edu.cn/_s57/2024/0425/c4268a110770/page.psp,2026-10-09,年度正式来源或首次获取部分；受阻停止,线索待核·已截止,线索待核·已截止
N076,附件,"https://webadm.suse.edu.cn/_upload/article/files/91/28/437740ac47cdaac0efcef4982af9/bd1cf1ad-0af7-4635-93bc-d9314574508b.zip
https://webadm.suse.edu.cn/_upload/article/files/91/28/437740ac47cdaac0efcef4982af9/6ba40d89-533f-44dc-82bc-f3f59b712c19.doc",https://webadm.suse.edu.cn/_s57/2024/0425/c4268a110770/page.psp,2026-10-09,年度正式来源或首次获取部分；受阻停止,线索待核·已截止,线索待核·已截止
N076,联系,李轩13550763677/0831-5980344；595628323@qq.com；宜宾临港大学城188号宜宾校区A7-213，644004。,https://webadm.suse.edu.cn/_s57/2024/0425/c4268a110770/page.psp,2026-10-09,年度正式来源或首次获取部分；受阻停止,线索待核·已截止,线索待核·已截止
N077,正式来源,2025正式指南全文及后续立项正文已取；申报附件首次验证码且标题为另一实验室。,https://kjc.huat.edu.cn/info/1046/3476.htm,2026-10-09,年度正式来源或首次获取部分；受阻停止,已截止,已截止
N077,截止日期,2025-12-20,https://kjc.huat.edu.cn/info/1046/3476.htm,2026-10-09,年度正式来源或首次获取部分；受阻停止,已截止,已截止
N077,截止时点,具体时点未载。,https://kjc.huat.edu.cn/info/1046/3476.htm,2026-10-09,年度正式来源或首次获取部分；受阻停止,已截止,已截止
N077,实际任务,人工智能及机器人：机器学习/深度学习/视觉/强化学习，机器人高性能传感、精密驱动、先进控制及电机减速器控制器传感器部件；伺服/永磁电机驱动与能量管理；工业设备温振压流采集与故障诊断。另含电磁感应及工业网络安全，保留实际应用不泛化。,https://kjc.huat.edu.cn/info/1046/3476.htm,2026-10-09,年度正式来源或首次获取部分；受阻停止,已截止,已截止
N077,资助金额,一般1—2万元/项。,https://kjc.huat.edu.cn/info/1046/3476.htm,2026-10-09,年度正式来源或首次获取部分；受阻停止,已截止,已截止
N077,资格,讲师以上职称、硕士以上学位或相应水平的研究人员；年龄和限项未载，原文并列关系不擅自改为博士且副高。,https://kjc.huat.edu.cn/info/1046/3476.htm,2026-10-09,年度正式来源或首次获取部分；受阻停止,已截止,已截止
N077,合作访问,指南允许单独或与实验室人员联合；后续立项规定校外PI须确定本室所在学校校内联络人，区别固定合作者。访问未载。,https://kjc.huat.edu.cn/info/1046/3476.htm,2026-10-09,年度正式来源或首次获取部分；受阻停止,已截止,已截止
N077,经费外拨报销,公开指南和立项正文未载开支、外拨、报销、支付节点。,https://kjc.huat.edu.cn/info/1046/3476.htm,2026-10-09,年度正式来源或首次获取部分；受阻停止,已截止,已截止
N077,周期,一般2年；统一起止未载。,https://kjc.huat.edu.cn/info/1046/3476.htm,2026-10-09,年度正式来源或首次获取部分；受阻停止,已截止,已截止
N077,成果署名,成果须署本室指定中英文名，未载第一单位、作者排序、论文专利数量及验收指标；后续立项称署名要求见任务书。,https://kjc.huat.edu.cn/info/1046/3476.htm,2026-10-09,年度正式来源或首次获取部分；受阻停止,已截止,已截止
N077,知识产权,指南明确论文/专利/奖项等成果归实验室所有；非共有。,https://kjc.huat.edu.cn/info/1046/3476.htm,2026-10-09,年度正式来源或首次获取部分；受阻停止,已截止,已截止
N077,提交,2025-12-20前纸质2份+电子，20200016@huat.edu.cn；后续立项任务书PI签字电子同邮箱截至2025-12-31，该日期非申报截止。签章/邮寄地址细节待附件。,https://kjc.huat.edu.cn/info/1046/3476.htm,2026-10-09,年度正式来源或首次获取部分；受阻停止,已截止,已截止
N077,个人条件,本人博士/南京信息工程大学现职已知；历史或资料待核，不等同可申请。,https://kjc.huat.edu.cn/info/1046/3476.htm,2026-10-09,年度正式来源或首次获取部分；受阻停止,已截止,已截止
N077,缺口,申报附件名却为汽车制造室，首次验证码；需确认正确表及任务书/费用外拨成果要求，保留异名不套另一项目。2026—2027未定位新受理。,https://kjc.huat.edu.cn/info/1046/3476.htm,2026-10-09,年度正式来源或首次获取部分；受阻停止,已截止,已截止
N077,附件,"https://kjc.huat.edu.cn/system/_content/download.jsp?owner=1443488055&urltype=news.DownloadAttachUrl&wbfileid=15601401
https://kjc.huat.edu.cn/info/1046/3496.htm
https://kjc.huat.edu.cn/system/_content/download.jsp?owner=1443488055&urltype=news.DownloadAttachUrl&wbfileid=15602171",https://kjc.huat.edu.cn/info/1046/3476.htm,2026-10-09,年度正式来源或首次获取部分；受阻停止,已截止,已截止
N077,联系,程诗卿15926161114；20200016@huat.edu.cn；简介电话0719-8207316，非明确邮寄点。,https://kjc.huat.edu.cn/info/1046/3476.htm,2026-10-09,年度正式来源或首次获取部分；受阻停止,已截止,已截止
N078,正式来源,2025正式指南及立项正文已取；指南页发布时间11-18/落款11-20不一致。,https://kjc.huat.edu.cn/info/1046/3456.htm,2026-10-09,年度正式来源或首次获取部分；受阻停止,已截止,已截止
N078,截止日期,2025-11-30,https://kjc.huat.edu.cn/info/1046/3456.htm,2026-10-09,年度正式来源或首次获取部分；受阻停止,已截止,已截止
N078,截止时点,具体时点未载。,https://kjc.huat.edu.cn/info/1046/3456.htm,2026-10-09,年度正式来源或首次获取部分；受阻停止,已截止,已截止
N078,实际任务,智能机器人加工系统、智能制造单元产线、智能感知状态监测、决策工艺优化和控制执行；图像语音识别、行为感知、工业协作/服务/特种机器人、人机交互、自主导航、场景适配；装备多源采集故障诊断寿命预测智能运维与远程系统。,https://kjc.huat.edu.cn/info/1046/3456.htm,2026-10-09,年度正式来源或首次获取部分；受阻停止,已截止,已截止
N078,资助金额,一般0.5—1万元/项。,https://kjc.huat.edu.cn/info/1046/3456.htm,2026-10-09,年度正式来源或首次获取部分；受阻停止,已截止,已截止
N078,资格,讲师、助理研究员及以上职称，或博士（或同等研究水平）；年龄、限项未载。,https://kjc.huat.edu.cn/info/1046/3456.htm,2026-10-09,年度正式来源或首次获取部分；受阻停止,已截止,已截止
N078,合作访问,非本室固定人员须≥1固定成员联合申请；后续立项校外PI还须校内联络人；不能称已有合作者。访问未载。,https://kjc.huat.edu.cn/info/1046/3456.htm,2026-10-09,年度正式来源或首次获取部分；受阻停止,已截止,已截止
N078,经费外拨报销,公开指南及立项正文未载外拨报销、开支、支付节点。,https://kjc.huat.edu.cn/info/1046/3456.htm,2026-10-09,年度正式来源或首次获取部分；受阻停止,已截止,已截止
N078,周期,一般2年；统一起止未载。,https://kjc.huat.edu.cn/info/1046/3456.htm,2026-10-09,年度正式来源或首次获取部分；受阻停止,已截止,已截止
N078,成果署名,须本室中英文署名；中文指南写法省略重点实验室字样，立项完整名称，两种原文保留；第一单位/作者、论文数量和验收指标未载。,https://kjc.huat.edu.cn/info/1046/3456.htm,2026-10-09,年度正式来源或首次获取部分；受阻停止,已截止,已截止
N078,知识产权,论文专利奖项等成果归实验室所有。,https://kjc.huat.edu.cn/info/1046/3456.htm,2026-10-09,年度正式来源或首次获取部分；受阻停止,已截止,已截止
N078,提交,截至2025-11-30纸质2份+电子发25932564@qq.com；后续立项2025-12-09是签任务书电子回传期限，非申请截止。申请签章寄送细节未载。,https://kjc.huat.edu.cn/info/1046/3456.htm,2026-10-09,年度正式来源或首次获取部分；受阻停止,已截止,已截止
N078,个人条件,本人博士/南京信息工程大学现职已知；历史或资料待核，不等同可申请。,https://kjc.huat.edu.cn/info/1046/3456.htm,2026-10-09,年度正式来源或首次获取部分；受阻停止,已截止,已截止
N078,缺口,申报DOC原件需人工（同文件链接已在N077首次验证码，不重复）；补任务书、费用外拨、成果指标和正式署名。2026—2027新受理未定位不表示无。,https://kjc.huat.edu.cn/info/1046/3456.htm,2026-10-09,年度正式来源或首次获取部分；受阻停止,已截止,已截止
N078,附件,"https://kjc.huat.edu.cn/system/_content/download.jsp?owner=1443488055&urltype=news.DownloadAttachUrl&wbfileid=15601401
https://kjc.huat.edu.cn/info/1046/3475.htm
https://kjc.huat.edu.cn/system/_content/download.jsp?owner=1443488055&urltype=news.DownloadAttachUrl&wbfileid=15601400",https://kjc.huat.edu.cn/info/1046/3456.htm,2026-10-09,年度正式来源或首次获取部分；受阻停止,已截止,已截止
N078,联系,贺茂13972453788；25932564@qq.com；平台简介周学良13635727952。,https://kjc.huat.edu.cn/info/1046/3456.htm,2026-10-09,年度正式来源或首次获取部分；受阻停止,已截止,已截止
N079,正式来源,2025正式拟资助公示完整，非原申报指南；已评审不当当前受理。,https://kjc.huat.edu.cn/info/1047/3468.htm,2026-10-09,年度正式来源或首次获取部分；受阻停止,线索待核·历史已评审,线索待核·历史已评审
N079,截止日期,未取得,https://kjc.huat.edu.cn/info/1047/3468.htm,2026-10-09,年度正式来源或首次获取部分；受阻停止,线索待核·历史已评审,线索待核·历史已评审
N079,截止时点,具体时点未取得,https://kjc.huat.edu.cn/info/1047/3468.htm,2026-10-09,年度正式来源或首次获取部分；受阻停止,线索待核·历史已评审,线索待核·历史已评审
N079,实际任务,本批公示明确拟资助无人机山区高速公路二次事故识别预警；平台简介群智感知、互联协作、规划控制，只作背景，年度完整任务待原指南。,https://kjc.huat.edu.cn/info/1047/3468.htm,2026-10-09,年度正式来源或首次获取部分；受阻停止,线索待核·历史已评审,线索待核·历史已评审
N079,资助金额,本批重点1万元/项、一般0.5万元/项；拟4重点12一般，不从个别PI项目经费推范围。,https://kjc.huat.edu.cn/info/1047/3468.htm,2026-10-09,年度正式来源或首次获取部分；受阻停止,线索待核·历史已评审,线索待核·历史已评审
N079,资格,公示对象含校外申报单位；具体学历职称年龄限项未载。,https://kjc.huat.edu.cn/info/1047/3468.htm,2026-10-09,年度正式来源或首次获取部分；受阻停止,线索待核·历史已评审,线索待核·历史已评审
N079,合作访问,合作访问未取得。,https://kjc.huat.edu.cn/info/1047/3468.htm,2026-10-09,年度正式来源或首次获取部分；受阻停止,线索待核·历史已评审,线索待核·历史已评审
N079,经费外拨报销,外拨/报销/科目/支付未取得。,https://kjc.huat.edu.cn/info/1047/3468.htm,2026-10-09,年度正式来源或首次获取部分；受阻停止,线索待核·历史已评审,线索待核·历史已评审
N079,周期,周期未取得。,https://kjc.huat.edu.cn/info/1047/3468.htm,2026-10-09,年度正式来源或首次获取部分；受阻停止,线索待核·历史已评审,线索待核·历史已评审
N079,成果署名,数量、单位作者署名、验收未取得。,https://kjc.huat.edu.cn/info/1047/3468.htm,2026-10-09,年度正式来源或首次获取部分；受阻停止,线索待核·历史已评审,线索待核·历史已评审
N079,知识产权,知识产权未取得。,https://kjc.huat.edu.cn/info/1047/3468.htm,2026-10-09,年度正式来源或首次获取部分；受阻停止,线索待核·历史已评审,线索待核·历史已评审
N079,提交,提交要求未取得。,https://kjc.huat.edu.cn/info/1047/3468.htm,2026-10-09,年度正式来源或首次获取部分；受阻停止,线索待核·历史已评审,线索待核·历史已评审
N079,个人条件,本人博士/南京信息工程大学现职已知；历史或资料待核，不等同可申请。,https://kjc.huat.edu.cn/info/1047/3468.htm,2026-10-09,年度正式来源或首次获取部分；受阻停止,线索待核·历史已评审,线索待核·历史已评审
N079,缺口,需原2025申报指南、拟资助清单和任务书，补申报截止（公示12-12至12-15非申请）、完整任务、资格合作、周期、费用外拨、成果IP提交；2026—2027年度未定位，不据此无基金。,https://kjc.huat.edu.cn/info/1047/3468.htm,2026-10-09,年度正式来源或首次获取部分；受阻停止,线索待核·历史已评审,线索待核·历史已评审
N079,附件,https://kjc.huat.edu.cn/system/_content/download.jsp?owner=1443488055&urltype=news.DownloadAttachUrl&wbfileid=15601380,https://kjc.huat.edu.cn/info/1047/3468.htm,2026-10-09,年度正式来源或首次获取部分；受阻停止,线索待核·历史已评审,线索待核·历史已评审
N079,联系,公示陈西亮13437277037；平台简介陈宇峰13477971492，原申请邮箱未取。,https://kjc.huat.edu.cn/info/1047/3468.htm,2026-10-09,年度正式来源或首次获取部分；受阻停止,线索待核·历史已评审,线索待核·历史已评审
N080,正式来源,正式年度指南完整正文已取得；申请DOCX首次验证码。,https://kjc.huat.edu.cn/info/1046/2747.htm,2026-10-09,年度正式来源或首次获取部分；受阻停止,已截止,已截止
N080,截止日期,2023-10-08,https://kjc.huat.edu.cn/info/1046/2747.htm,2026-10-09,年度正式来源或首次获取部分；受阻停止,已截止,已截止
N080,截止时点,具体时点未载。,https://kjc.huat.edu.cn/info/1046/2747.htm,2026-10-09,年度正式来源或首次获取部分；受阻停止,已截止,已截止
N080,实际任务,汽车环境感知与认知、智能驾驶线控底盘、拟人化与人因工程、在线故障诊断及通讯；动力电池控制、变速/悬架转向制动控制、动态性能仿真检测和汽车电子网络控制。其余节能减排/CAE轻量化保留行业背景。,https://kjc.huat.edu.cn/info/1046/2747.htm,2026-10-09,年度正式来源或首次获取部分；受阻停止,已截止,已截止
N080,资助金额,一般2万元/项。,https://kjc.huat.edu.cn/info/1046/2747.htm,2026-10-09,年度正式来源或首次获取部分；受阻停止,已截止,已截止
N080,资格,中级以上职称或硕士以上学位科研人员，可单独或联合；年龄和限项未载。,https://kjc.huat.edu.cn/info/1046/2747.htm,2026-10-09,年度正式来源或首次获取部分；受阻停止,已截止,已截止
N080,合作访问,允许单独或联合，未载强制固定合作者及访问；不可套2026校内联络人条款为2023硬要求。,https://kjc.huat.edu.cn/info/1046/2747.htm,2026-10-09,年度正式来源或首次获取部分；受阻停止,已截止,已截止
N080,经费外拨报销,PI负责限额使用，开支科目、外拨、报销地点及支付节点公开指南未载。,https://kjc.huat.edu.cn/info/1046/2747.htm,2026-10-09,年度正式来源或首次获取部分；受阻停止,已截止,已截止
N080,周期,一般1—2年；统一起止未载。,https://kjc.huat.edu.cn/info/1046/2747.htm,2026-10-09,年度正式来源或首次获取部分；受阻停止,已截止,已截止
N080,成果署名,须本室指定中英文署名，第一单位和作者序、成果数量及验收指标未载。,https://kjc.huat.edu.cn/info/1046/2747.htm,2026-10-09,年度正式来源或首次获取部分；受阻停止,已截止,已截止
N080,知识产权,论文、专利、奖项等成果由实验室与研究者所在单位共有。,https://kjc.huat.edu.cn/info/1046/2747.htm,2026-10-09,年度正式来源或首次获取部分；受阻停止,已截止,已截止
N080,提交,2023-10-08截止；申请纸质1份+电子，yang516516@163.com；签章/寄送点待附件。,https://kjc.huat.edu.cn/info/1046/2747.htm,2026-10-09,年度正式来源或首次获取部分；受阻停止,已截止,已截止
N080,个人条件,本人博士/南京信息工程大学现职已知；职称年龄限项和校内联络人未确认；已截止仅历史参考。,https://kjc.huat.edu.cn/info/1046/2747.htm,2026-10-09,年度正式来源或首次获取部分；受阻停止,已截止,已截止
N080,缺口,申请DOCX验证码人工；补外拨报销支付、成果指标、验收及签章寄送；已取得2026另记N081，不能套金额。,https://kjc.huat.edu.cn/info/1046/2747.htm,2026-10-09,年度正式来源或首次获取部分；受阻停止,已截止,已截止
N080,附件,https://kjc.huat.edu.cn/system/_content/download.jsp?owner=1443488055&urltype=news.DownloadAttachUrl&wbfileid=12129289,https://kjc.huat.edu.cn/info/1046/2747.htm,2026-10-09,年度正式来源或首次获取部分；受阻停止,已截止,已截止
N080,联系,杨正才18107199839；yang516516@163.com。,https://kjc.huat.edu.cn/info/1046/2747.htm,2026-10-09,年度正式来源或首次获取部分；受阻停止,已截止,已截止
N081,正式来源,正式年度指南完整正文已取得；申请DOCX首次验证码。,https://kjc.huat.edu.cn/info/1046/3592.htm,2026-10-09,年度正式来源或首次获取部分；受阻停止,已截止,已截止
N081,截止日期,2026-05-30,https://kjc.huat.edu.cn/info/1046/3592.htm,2026-10-09,年度正式来源或首次获取部分；受阻停止,已截止,已截止
N081,截止时点,以申报书电子邮件收讫时间为准，未载小时。,https://kjc.huat.edu.cn/info/1046/3592.htm,2026-10-09,年度正式来源或首次获取部分；受阻停止,已截止,已截止
N081,实际任务,汽车环境感知认知、智驾座舱环境感知AI、智能驾驶拟人化与人因工程、商用车智能底盘；飞行汽车结构及感知—决策—控制；动力、电池/整车能量、变速、悬架转向制动和网络控制、动态仿真检测、在线故障诊断。其他节能轻量化按原应用保留。,https://kjc.huat.edu.cn/info/1046/3592.htm,2026-10-09,年度正式来源或首次获取部分；受阻停止,已截止,已截止
N081,资助金额,重点2万元/项；一般1万元/项。后续7月立项2重点16一般，非新申报。,https://kjc.huat.edu.cn/info/1046/3592.htm,2026-10-09,年度正式来源或首次获取部分；受阻停止,已截止,已截止
N081,资格,中级以上职称或硕士以上学位科研人员，可单独或联合；年龄限项未载。,https://kjc.huat.edu.cn/info/1046/3592.htm,2026-10-09,年度正式来源或首次获取部分；受阻停止,已截止,已截止
N081,合作访问,申报指南可单独/联合；2026-07-30立项明确校外PI须1校内联络人，未说必须固定成员，不混写。访问未载。,https://kjc.huat.edu.cn/info/1046/3592.htm,2026-10-09,年度正式来源或首次获取部分；受阻停止,已截止,已截止
N081,经费外拨报销,PI负责限额使用，开支科目、外拨、报销地点及支付节点公开指南未载。,https://kjc.huat.edu.cn/info/1046/3592.htm,2026-10-09,年度正式来源或首次获取部分；受阻停止,已截止,已截止
N081,周期,一般1—2年；统一起止未载。,https://kjc.huat.edu.cn/info/1046/3592.htm,2026-10-09,年度正式来源或首次获取部分；受阻停止,已截止,已截止
N081,成果署名,须本室中英文署名，指南英文Key Laboratory of Automotive Power Train and Electronic Control，立项Hubei Provincial Key Laboratory of Automotive Power Transmission and Electronic Control，两原文差异需任务书确认；第一单位/作者及数量验收未载。,https://kjc.huat.edu.cn/info/1046/3592.htm,2026-10-09,年度正式来源或首次获取部分；受阻停止,已截止,已截止
N081,知识产权,论文、专利、奖项等成果由实验室与研究者所在单位共有。,https://kjc.huat.edu.cn/info/1046/3592.htm,2026-10-09,年度正式来源或首次获取部分；受阻停止,已截止,已截止
N081,提交,2026-05-30以电子收讫为准，盖章纸质+电子各1份；邮寄车城西167号王天田；邮箱原文wtt 31@126.com有空格，需核正确地址。,https://kjc.huat.edu.cn/info/1046/3592.htm,2026-10-09,年度正式来源或首次获取部分；受阻停止,已截止,已截止
N081,个人条件,本人博士/南京信息工程大学现职已知；职称年龄限项和校内联络人未确认；已截止仅历史参考。,https://kjc.huat.edu.cn/info/1046/3592.htm,2026-10-09,年度正式来源或首次获取部分；受阻停止,已截止,已截止
N081,缺口,申请DOCX首次验证码、2026拟资助公示3625首次超时均人工；补费用外拨成果考核、正确邮箱及英文署名，原指南2026截止已核。,https://kjc.huat.edu.cn/info/1046/3592.htm,2026-10-09,年度正式来源或首次获取部分；受阻停止,已截止,已截止
N081,附件,"https://kjc.huat.edu.cn/system/_content/download.jsp?owner=1443488055&urltype=news.DownloadAttachUrl&wbfileid=15608910
https://kjc.huat.edu.cn/info/1046/3637.htm
https://kjc.huat.edu.cn/info/1047/3625.htm",https://kjc.huat.edu.cn/info/1046/3592.htm,2026-10-09,年度正式来源或首次获取部分；受阻停止,已截止,已截止
N081,联系,王天田17777822593；原文wtt 31@126.com（空格地址待确认）；十堰车城西167号。,https://kjc.huat.edu.cn/info/1046/3592.htm,2026-10-09,年度正式来源或首次获取部分；受阻停止,已截止,已截止
N082,正式来源,2026正式指南全文已取；申请DOCX首次超时。,https://kjc.huat.edu.cn/info/1046/3595.htm,2026-10-09,年度正式来源或首次获取部分；受阻停止,线索待核·已截止,线索待核·已截止
N082,截止日期,2026-06-05,https://kjc.huat.edu.cn/info/1046/3595.htm,2026-10-09,年度正式来源或首次获取部分；受阻停止,线索待核·已截止,线索待核·已截止
N082,截止时点,具体时点未载。,https://kjc.huat.edu.cn/info/1046/3595.htm,2026-10-09,年度正式来源或首次获取部分；受阻停止,线索待核·已截止,线索待核·已截止
N082,实际任务,年度16项主要电池材料工艺、电解质及表界面、耐温材料、回收与评价，另有锂离子电池无损检测技术开发。该条检测手段、机器人感知/相关装备的具体任务未载；不能凭研究领域中的智能装备收为确定相关。,https://kjc.huat.edu.cn/info/1046/3595.htm,2026-10-09,年度正式来源或首次获取部分；受阻停止,线索待核·已截止,线索待核·已截止
N082,资助金额,资助强度视项目具体情况，未公开统一金额。,https://kjc.huat.edu.cn/info/1046/3595.htm,2026-10-09,年度正式来源或首次获取部分；受阻停止,线索待核·已截止,线索待核·已截止
N082,资格,副高级以上职称或博士及以上学位研究人员可单独或联合；年龄限项未载。,https://kjc.huat.edu.cn/info/1046/3595.htm,2026-10-09,年度正式来源或首次获取部分；受阻停止,线索待核·已截止,线索待核·已截止
N082,合作访问,可单独或与本室人员联合；未载强制固定合作者/访问。,https://kjc.huat.edu.cn/info/1046/3595.htm,2026-10-09,年度正式来源或首次获取部分；受阻停止,线索待核·已截止,线索待核·已截止
N082,经费外拨报销,PI负责限额使用，开支科目、外拨、报销地点及支付节点公开指南未载。,https://kjc.huat.edu.cn/info/1046/3595.htm,2026-10-09,年度正式来源或首次获取部分；受阻停止,线索待核·已截止,线索待核·已截止
N082,周期,一般1—2年；统一起止未载。,https://kjc.huat.edu.cn/info/1046/3595.htm,2026-10-09,年度正式来源或首次获取部分；受阻停止,线索待核·已截止,线索待核·已截止
N082,成果署名,须本室中文/英文Hubei Key Laboratory of Energy Storage and Power Battery署名；第一单位、作者、数量验收未载。,https://kjc.huat.edu.cn/info/1046/3595.htm,2026-10-09,年度正式来源或首次获取部分；受阻停止,线索待核·已截止,线索待核·已截止
N082,知识产权,论文、专利、奖项等成果由实验室与研究者所在单位共有。,https://kjc.huat.edu.cn/info/1046/3595.htm,2026-10-09,年度正式来源或首次获取部分；受阻停止,线索待核·已截止,线索待核·已截止
N082,提交,2026-06-05截止，申请纸质2份+电子shanghao@huat.edu.cn；湖北汽车工业学院车城西路尚浩收442002；单位签章未载待表。,https://kjc.huat.edu.cn/info/1046/3595.htm,2026-10-09,年度正式来源或首次获取部分；受阻停止,线索待核·已截止,线索待核·已截止
N082,个人条件,本人博士/南京信息工程大学现职已知；职称年龄限项和校内联络人未确认；已截止仅历史参考。,https://kjc.huat.edu.cn/info/1046/3595.htm,2026-10-09,年度正式来源或首次获取部分；受阻停止,线索待核·已截止,线索待核·已截止
N082,缺口,申请DOCX首超时人工，先补无损检测具体任务联系和方法、金额及外拨报销、成果验收；2025第二批材料/焊接评价另排除，不因同室套2026相关。,https://kjc.huat.edu.cn/info/1046/3595.htm,2026-10-09,年度正式来源或首次获取部分；受阻停止,线索待核·已截止,线索待核·已截止
N082,附件,https://kjc.huat.edu.cn/system/_content/download.jsp?owner=1443488055&urltype=news.DownloadAttachUrl&wbfileid=15609829,https://kjc.huat.edu.cn/info/1046/3595.htm,2026-10-09,年度正式来源或首次获取部分；受阻停止,线索待核·已截止,线索待核·已截止
N082,联系,尚浩18086496989；shanghao@huat.edu.cn；十堰张湾车城西湖北汽车工业学院442002。,https://kjc.huat.edu.cn/info/1046/3595.htm,2026-10-09,年度正式来源或首次获取部分；受阻停止,线索待核·已截止,线索待核·已截止
N083,正式来源,正式2025—2026通知全文；指南验证码，申请DOC超时。,https://me.wtu.edu.cn/info/1041/13404.htm,2026-10-09,官方正文或原页首次失败后独立查询已返回的官方缓存；不重试失败页,线索待核·已截止,线索待核·已截止
N083,截止日期,2025-11-10,https://me.wtu.edu.cn/info/1041/13404.htm,2026-10-09,官方正文或原页首次失败后独立查询已返回的官方缓存；不重试失败页,线索待核·已截止,线索待核·已截止
N083,截止时点,原文11月10日前，是否含当日未明确；已截止。,https://me.wtu.edu.cn/info/1041/13404.htm,2026-10-09,官方正文或原页首次失败后独立查询已返回的官方缓存；不重试失败页,线索待核·已截止,线索待核·已截止
N083,实际任务,具体年度任务未取得；不凭实验室智能名称判断机器人相关。,https://me.wtu.edu.cn/info/1041/13404.htm,2026-10-09,官方正文或原页首次失败后独立查询已返回的官方缓存；不重试失败页,线索待核·已截止,线索待核·已截止
N083,资助金额,未取得,https://me.wtu.edu.cn/info/1041/13404.htm,2026-10-09,官方正文或原页首次失败后独立查询已返回的官方缓存；不重试失败页,线索待核·已截止,线索待核·已截止
N083,资格,资格与限项未取得。,https://me.wtu.edu.cn/info/1041/13404.htm,2026-10-09,官方正文或原页首次失败后独立查询已返回的官方缓存；不重试失败页,线索待核·已截止,线索待核·已截止
N083,合作访问,合作与访问未取得。,https://me.wtu.edu.cn/info/1041/13404.htm,2026-10-09,官方正文或原页首次失败后独立查询已返回的官方缓存；不重试失败页,线索待核·已截止,线索待核·已截止
N083,经费外拨报销,外拨、费用、报销和支付未取得。,https://me.wtu.edu.cn/info/1041/13404.htm,2026-10-09,官方正文或原页首次失败后独立查询已返回的官方缓存；不重试失败页,线索待核·已截止,线索待核·已截止
N083,周期,周期未取得。,https://me.wtu.edu.cn/info/1041/13404.htm,2026-10-09,官方正文或原页首次失败后独立查询已返回的官方缓存；不重试失败页,线索待核·已截止,线索待核·已截止
N083,成果署名,成果数量、单位/作者署名、验收未取得。,https://me.wtu.edu.cn/info/1041/13404.htm,2026-10-09,官方正文或原页首次失败后独立查询已返回的官方缓存；不重试失败页,线索待核·已截止,线索待核·已截止
N083,知识产权,知识产权未取得。,https://me.wtu.edu.cn/info/1041/13404.htm,2026-10-09,官方正文或原页首次失败后独立查询已返回的官方缓存；不重试失败页,线索待核·已截止,线索待核·已截止
N083,提交,申请纸质2份邮寄阳光大道1号武汉纺织大学实验室办公室430200，电子sfzb@wtu.edu.cn。,https://me.wtu.edu.cn/info/1041/13404.htm,2026-10-09,官方正文或原页首次失败后独立查询已返回的官方缓存；不重试失败页,线索待核·已截止,线索待核·已截止
N083,个人条件,本人博士/南京信息工程大学现职已知；个人条件及合作未核，不等同可申请。,https://me.wtu.edu.cn/info/1041/13404.htm,2026-10-09,官方正文或原页首次失败后独立查询已返回的官方缓存；不重试失败页,线索待核·已截止,线索待核·已截止
N083,缺口,下载指南/表补实际机器人/装备任务及金额资格合作外拨周期成果IP；网页发布2025-10-27而落款2024-10-19冲突，不擅自改成2024项目。,https://me.wtu.edu.cn/info/1041/13404.htm,2026-10-09,官方正文或原页首次失败后独立查询已返回的官方缓存；不重试失败页,线索待核·已截止,线索待核·已截止
N083,附件,"https://me.wtu.edu.cn/system/_content/download.jsp?owner=1594497525&urltype=news.DownloadAttachUrl&wbfileid=FF3D4C5C12F264EBE77A3CCD3D75F6DA
https://me.wtu.edu.cn/system/_content/download.jsp?owner=1594497525&urltype=news.DownloadAttachUrl&wbfileid=8C45BF736F35C6378B483A6EE6B3B13D",https://me.wtu.edu.cn/info/1041/13404.htm,2026-10-09,官方正文或原页首次失败后独立查询已返回的官方缓存；不重试失败页,线索待核·已截止,线索待核·已截止
N083,联系,陈振15072325406/027-59367842；sfzb@wtu.edu.cn。,https://me.wtu.edu.cn/info/1041/13404.htm,2026-10-09,官方正文或原页首次失败后独立查询已返回的官方缓存；不重试失败页,线索待核·已截止,线索待核·已截止
N084,正式来源,原页首次404停止；后续独立平台机制查询的官方搜索缓存呈现完整指南，逐字段用缓存证据，不重试原页。,https://ei.wtu.edu.cn/info/1360/17785.htm,2026-10-09,官方正文或原页首次失败后独立查询已返回的官方缓存；不重试失败页,已截止,已截止
N084,截止日期,2026-09-30,https://ei.wtu.edu.cn/info/1360/17785.htm,2026-10-09,官方正文或原页首次失败后独立查询已返回的官方缓存；不重试失败页,已截止,已截止
N084,截止时点,具体时点未载。,https://ei.wtu.edu.cn/info/1360/17785.htm,2026-10-09,官方正文或原页首次失败后独立查询已返回的官方缓存；不重试失败页,已截止,已截止
N084,实际任务,医学影像大模型设计及智能分析；重大疾病智能穿戴检测与健康管理；肿瘤检测先进理论技术、智能纤维制造应用和其他检测；以实际检验装备/影像/穿戴任务收录，不虚构机器人应用。,https://ei.wtu.edu.cn/info/1360/17785.htm,2026-10-09,官方正文或原页首次失败后独立查询已返回的官方缓存；不重试失败页,已截止,已截止
N084,资助金额,正式官方缓存完整正文未载资助金额。,https://ei.wtu.edu.cn/info/1360/17785.htm,2026-10-09,官方正文或原页首次失败后独立查询已返回的官方缓存；不重试失败页,已截止,已截止
N084,资格,实际PI保证时间精力；主要对象副高及以上或博士，在境内外高校科研机构企业任职科研工程人员；同年度限1项。年龄未载。,https://ei.wtu.edu.cn/info/1360/17785.htm,2026-10-09,官方正文或原页首次失败后独立查询已返回的官方缓存；不重试失败页,已截止,已截止
N084,合作访问,同等条件学科交叉优势互补优先；未载强制固定合作与访问。,https://ei.wtu.edu.cn/info/1360/17785.htm,2026-10-09,官方正文或原页首次失败后独立查询已返回的官方缓存；不重试失败页,已截止,已截止
N084,经费外拨报销,主要用于实验材料、测试、版面和差旅；外拨、报销地点、支付未载。,https://ei.wtu.edu.cn/info/1360/17785.htm,2026-10-09,官方正文或原页首次失败后独立查询已返回的官方缓存；不重试失败页,已截止,已截止
N084,周期,1—2年；统一起止未载。,https://ei.wtu.edu.cn/info/1360/17785.htm,2026-10-09,官方正文或原页首次失败后独立查询已返回的官方缓存；不重试失败页,已截止,已截止
N084,成果署名,结题专利、技术报告或论文1份；须本共享两个中心指定中英文署名。论文级别、第一单位、作者排序未载；原文一份/或不改为全部均要。,https://ei.wtu.edu.cn/info/1360/17785.htm,2026-10-09,官方正文或原页首次失败后独立查询已返回的官方缓存；不重试失败页,已截止,已截止
N084,知识产权,官方缓存完整正文未载。,https://ei.wtu.edu.cn/info/1360/17785.htm,2026-10-09,官方正文或原页首次失败后独立查询已返回的官方缓存；不重试失败页,已截止,已截止
N084,提交,纸质申请2份，本人及单位负责人签字公章；电子签章扫描邮件80641842@qq.com；截至2026-09-30。邮寄江夏庙山开发区阳光大道1号电子电气学院430200。,https://ei.wtu.edu.cn/info/1360/17785.htm,2026-10-09,官方正文或原页首次失败后独立查询已返回的官方缓存；不重试失败页,已截止,已截止
N084,个人条件,本人博士/南京信息工程大学现职已知；个人条件及合作未核，不等同可申请。,https://ei.wtu.edu.cn/info/1360/17785.htm,2026-10-09,官方正文或原页首次失败后独立查询已返回的官方缓存；不重试失败页,已截止,已截止
N084,缺口,原页404交人工保存完整正文及申请DOCX；核金额、IP外拨和署名验收细则。缓存条款已取保留，不回退全部未知。,https://ei.wtu.edu.cn/info/1360/17785.htm,2026-10-09,官方正文或原页首次失败后独立查询已返回的官方缓存；不重试失败页,已截止,已截止
N084,附件,https://ei.wtu.edu.cn/info/1360/17785.htm（申请DOCX直链未取得）,https://ei.wtu.edu.cn/info/1360/17785.htm,2026-10-09,官方正文或原页首次失败后独立查询已返回的官方缓存；不重试失败页,已截止,已截止
N084,联系,刘老师18971520301；80641842@qq.com。,https://ei.wtu.edu.cn/info/1360/17785.htm,2026-10-09,官方正文或原页首次失败后独立查询已返回的官方缓存；不重试失败页,已截止,已截止
N085,正式来源,2026正式指南全文，截止当前未过；申请DOC首次验证码。,https://csai.wtu.edu.cn/info/1063/19597.htm,2026-10-09,官方正文或原页首次失败后独立查询已返回的官方缓存；不重试失败页,受理中·个人条件待确认,受理中·个人条件待确认
N085,截止日期,2026-10-15,https://csai.wtu.edu.cn/info/1063/19597.htm,2026-10-09,官方正文或原页首次失败后独立查询已返回的官方缓存；不重试失败页,受理中·个人条件待确认,受理中·个人条件待确认
N085,截止时点,原文10月15日前，是否含当日及小时未明确；2026-10-09核查仍窗口内。,https://csai.wtu.edu.cn/info/1063/19597.htm,2026-10-09,官方正文或原页首次失败后独立查询已返回的官方缓存；不重试失败页,受理中·个人条件待确认,受理中·个人条件待确认
N085,实际任务,智能可穿戴设备与健康监测：智能纺织品生物传感器、运动状态监测、睡眠状态分析；另有AIGC织物图案生成/多模态设计逆向解析、智能服装推荐画像等，原用途客观保留，不将推荐任务改机器人。,https://csai.wtu.edu.cn/info/1063/19597.htm,2026-10-09,官方正文或原页首次失败后独立查询已返回的官方缓存；不重试失败页,受理中·个人条件待确认,受理中·个人条件待确认
N085,资助金额,1—2万元/项；拟4项。,https://csai.wtu.edu.cn/info/1063/19597.htm,2026-10-09,官方正文或原页首次失败后独立查询已返回的官方缓存；不重试失败页,受理中·个人条件待确认,受理中·个人条件待确认
N085,资格,境内外高校科研机构科研人员或大型企事业技术开发在编在岗人员；原则副高及以上或博士；年龄/限项未载。,https://csai.wtu.edu.cn/info/1063/19597.htm,2026-10-09,官方正文或原页首次失败后独立查询已返回的官方缓存；不重试失败页,受理中·个人条件待确认,受理中·个人条件待确认
N085,合作访问,每年可不定期赴中心或派研究生，非明确必访天数；正文未载强制固定合作。,https://csai.wtu.edu.cn/info/1063/19597.htm,2026-10-09,官方正文或原页首次失败后独立查询已返回的官方缓存；不重试失败页,受理中·个人条件待确认,受理中·个人条件待确认
N085,经费外拨报销,按中心2024修订经费管理办法，随立项通知发；具体费用、报销地点、外拨和支付节点未取得。,https://csai.wtu.edu.cn/info/1063/19597.htm,2026-10-09,官方正文或原页首次失败后独立查询已返回的官方缓存；不重试失败页,受理中·个人条件待确认,受理中·个人条件待确认
N085,周期,1—2年；统一起止未载。,https://csai.wtu.edu.cn/info/1063/19597.htm,2026-10-09,官方正文或原页首次失败后独立查询已返回的官方缓存；不重试失败页,受理中·个人条件待确认,受理中·个人条件待确认
N085,成果署名,半年进展报告；成果须中心指定中英文署名；论文/专利数量、第一单位和作者、验收指标未載。,https://csai.wtu.edu.cn/info/1063/19597.htm,2026-10-09,官方正文或原页首次失败后独立查询已返回的官方缓存；不重试失败页,受理中·个人条件待确认,受理中·个人条件待确认
N085,知识产权,中心及成果完成人共享；转让产业化需中心同意，经济收益1:1。,https://csai.wtu.edu.cn/info/1063/19597.htm,2026-10-09,官方正文或原页首次失败后独立查询已返回的官方缓存；不重试失败页,受理中·个人条件待确认,受理中·个人条件待确认
N085,提交,10月15日前本人签字+单位负责人签字盖章申请3份寄中心，Word及签章页扫描发11094362@qq.com。,https://csai.wtu.edu.cn/info/1063/19597.htm,2026-10-09,官方正文或原页首次失败后独立查询已返回的官方缓存；不重试失败页,受理中·个人条件待确认,受理中·个人条件待确认
N085,个人条件,本人博士/南京信息工程大学现职已知；个人条件及合作未核，不等同可申请。,https://csai.wtu.edu.cn/info/1063/19597.htm,2026-10-09,官方正文或原页首次失败后独立查询已返回的官方缓存；不重试失败页,受理中·个人条件待确认,受理中·个人条件待确认
N085,缺口,申请DOC验证码人工；经费管理办法随立项才发送尚缺，核外拨报销支付、成果指标及寄件邮编；本人在编在岗与实际限项待核。,https://csai.wtu.edu.cn/info/1063/19597.htm,2026-10-09,官方正文或原页首次失败后独立查询已返回的官方缓存；不重试失败页,受理中·个人条件待确认,受理中·个人条件待确认
N085,附件,https://csai.wtu.edu.cn/system/_content/download.jsp?owner=1741397481&urltype=news.DownloadAttachUrl&wbfileid=D046C08616CA299D335B4CA6219A93D5,https://csai.wtu.edu.cn/info/1063/19597.htm,2026-10-09,官方正文或原页首次失败后独立查询已返回的官方缓存；不重试失败页,受理中·个人条件待确认,受理中·个人条件待确认
N085,联系,罗老师027-59367297；11094362@qq.com；阳光大道1号计算机与人工智能学院。申报段邮编430073而页脚430200，须核寄件邮编。,https://csai.wtu.edu.cn/info/1063/19597.htm,2026-10-09,官方正文或原页首次失败后独立查询已返回的官方缓存；不重试失败页,受理中·个人条件待确认,受理中·个人条件待确认
N086,正式来源,官方搜索2026申报指南；原页首次超时停止。,https://nel.wtu.edu.cn/info/1552/2305.htm,2026-10-09,官方正文或原页首次失败后独立查询已返回的官方缓存；不重试失败页,线索待核·历史公告,线索待核·历史公告
N086,截止日期,未取得,https://nel.wtu.edu.cn/info/1552/2305.htm,2026-10-09,官方正文或原页首次失败后独立查询已返回的官方缓存；不重试失败页,线索待核·历史公告,线索待核·历史公告
N086,截止时点,具体时点未取得,https://nel.wtu.edu.cn/info/1552/2305.htm,2026-10-09,官方正文或原页首次失败后独立查询已返回的官方缓存；不重试失败页,线索待核·历史公告,线索待核·历史公告
N086,实际任务,具体年度任务未取得；不凭实验室智能名称判断机器人相关。,https://nel.wtu.edu.cn/info/1552/2305.htm,2026-10-09,官方正文或原页首次失败后独立查询已返回的官方缓存；不重试失败页,线索待核·历史公告,线索待核·历史公告
N086,资助金额,未取得,https://nel.wtu.edu.cn/info/1552/2305.htm,2026-10-09,官方正文或原页首次失败后独立查询已返回的官方缓存；不重试失败页,线索待核·历史公告,线索待核·历史公告
N086,资格,资格与限项未取得。,https://nel.wtu.edu.cn/info/1552/2305.htm,2026-10-09,官方正文或原页首次失败后独立查询已返回的官方缓存；不重试失败页,线索待核·历史公告,线索待核·历史公告
N086,合作访问,合作与访问未取得。,https://nel.wtu.edu.cn/info/1552/2305.htm,2026-10-09,官方正文或原页首次失败后独立查询已返回的官方缓存；不重试失败页,线索待核·历史公告,线索待核·历史公告
N086,经费外拨报销,外拨、费用、报销和支付未取得。,https://nel.wtu.edu.cn/info/1552/2305.htm,2026-10-09,官方正文或原页首次失败后独立查询已返回的官方缓存；不重试失败页,线索待核·历史公告,线索待核·历史公告
N086,周期,周期未取得。,https://nel.wtu.edu.cn/info/1552/2305.htm,2026-10-09,官方正文或原页首次失败后独立查询已返回的官方缓存；不重试失败页,线索待核·历史公告,线索待核·历史公告
N086,成果署名,成果数量、单位/作者署名、验收未取得。,https://nel.wtu.edu.cn/info/1552/2305.htm,2026-10-09,官方正文或原页首次失败后独立查询已返回的官方缓存；不重试失败页,线索待核·历史公告,线索待核·历史公告
N086,知识产权,知识产权未取得。,https://nel.wtu.edu.cn/info/1552/2305.htm,2026-10-09,官方正文或原页首次失败后独立查询已返回的官方缓存；不重试失败页,线索待核·历史公告,线索待核·历史公告
N086,提交,提交要求未取得。,https://nel.wtu.edu.cn/info/1552/2305.htm,2026-10-09,官方正文或原页首次失败后独立查询已返回的官方缓存；不重试失败页,线索待核·历史公告,线索待核·历史公告
N086,个人条件,本人博士/南京信息工程大学现职已知；个人条件及合作未核，不等同可申请。,https://nel.wtu.edu.cn/info/1552/2305.htm,2026-10-09,官方正文或原页首次失败后独立查询已返回的官方缓存；不重试失败页,线索待核·历史公告,线索待核·历史公告
N086,缺口,原页全文及附件人工保存，补具体机器人/装备任务和全部条款；未取得截止不能当当前受理。,https://nel.wtu.edu.cn/info/1552/2305.htm,2026-10-09,官方正文或原页首次失败后独立查询已返回的官方缓存；不重试失败页,线索待核·历史公告,线索待核·历史公告
N086,附件,原正文首次超时，附件链接未取得。,https://nel.wtu.edu.cn/info/1552/2305.htm,2026-10-09,官方正文或原页首次失败后独立查询已返回的官方缓存；不重试失败页,线索待核·历史公告,线索待核·历史公告
N086,联系,年度联系人未取得。,https://nel.wtu.edu.cn/info/1552/2305.htm,2026-10-09,官方正文或原页首次失败后独立查询已返回的官方缓存；不重试失败页,线索待核·历史公告,线索待核·历史公告
N087,正式来源,2022开放通知完整；指南/申请/管理RAR首次工具不支持。,https://www.mju.edu.cn/imlab/2022/0408/c2194a131707/page.htm,2026-10-09,官方正文或原页首次失败后独立查询已返回的官方缓存；不重试失败页,线索待核·历史公告,线索待核·历史公告
N087,截止日期,未取得,https://www.mju.edu.cn/imlab/2022/0408/c2194a131707/page.htm,2026-10-09,官方正文或原页首次失败后独立查询已返回的官方缓存；不重试失败页,线索待核·历史公告,线索待核·历史公告
N087,截止时点,具体时点未取得,https://www.mju.edu.cn/imlab/2022/0408/c2194a131707/page.htm,2026-10-09,官方正文或原页首次失败后独立查询已返回的官方缓存；不重试失败页,线索待核·历史公告,线索待核·历史公告
N087,实际任务,通知明确工业机器人基础技术创新，但年度具体任务只在RAR指南，待核；不借2026信息处理室套本中心任务。,https://www.mju.edu.cn/imlab/2022/0408/c2194a131707/page.htm,2026-10-09,官方正文或原页首次失败后独立查询已返回的官方缓存；不重试失败页,线索待核·历史公告,线索待核·历史公告
N087,资助金额,1万元/项，拟2项。,https://www.mju.edu.cn/imlab/2022/0408/c2194a131707/page.htm,2026-10-09,官方正文或原页首次失败后独立查询已返回的官方缓存；不重试失败页,线索待核·历史公告,线索待核·历史公告
N087,资格,海内外高校、科研机构等人员可按指南申请；详细学历职称年龄限项未载待RAR。,https://www.mju.edu.cn/imlab/2022/0408/c2194a131707/page.htm,2026-10-09,官方正文或原页首次失败后独立查询已返回的官方缓存；不重试失败页,线索待核·历史公告,线索待核·历史公告
N087,合作访问,鼓励客座PI与中心固定人员共同申请，非已取得强制条款；访问未载。,https://www.mju.edu.cn/imlab/2022/0408/c2194a131707/page.htm,2026-10-09,官方正文或原页首次失败后独立查询已返回的官方缓存；不重试失败页,线索待核·历史公告,线索待核·历史公告
N087,经费外拨报销,外拨、费用、报销和支付未取得。,https://www.mju.edu.cn/imlab/2022/0408/c2194a131707/page.htm,2026-10-09,官方正文或原页首次失败后独立查询已返回的官方缓存；不重试失败页,线索待核·历史公告,线索待核·历史公告
N087,周期,周期未取得。,https://www.mju.edu.cn/imlab/2022/0408/c2194a131707/page.htm,2026-10-09,官方正文或原页首次失败后独立查询已返回的官方缓存；不重试失败页,线索待核·历史公告,线索待核·历史公告
N087,成果署名,成果数量、单位/作者署名、验收未取得。,https://www.mju.edu.cn/imlab/2022/0408/c2194a131707/page.htm,2026-10-09,官方正文或原页首次失败后独立查询已返回的官方缓存；不重试失败页,线索待核·历史公告,线索待核·历史公告
N087,知识产权,知识产权未取得。,https://www.mju.edu.cn/imlab/2022/0408/c2194a131707/page.htm,2026-10-09,官方正文或原页首次失败后独立查询已返回的官方缓存；不重试失败页,线索待核·历史公告,线索待核·历史公告
N087,提交,提交要求未取得。,https://www.mju.edu.cn/imlab/2022/0408/c2194a131707/page.htm,2026-10-09,官方正文或原页首次失败后独立查询已返回的官方缓存；不重试失败页,线索待核·历史公告,线索待核·历史公告
N087,个人条件,本人博士/南京信息工程大学现职已知；个人条件及合作未核，不等同可申请。,https://www.mju.edu.cn/imlab/2022/0408/c2194a131707/page.htm,2026-10-09,官方正文或原页首次失败后独立查询已返回的官方缓存；不重试失败页,线索待核·历史公告,线索待核·历史公告
N087,缺口,下载RAR解压申请指南/申请书/管理办法，补具体任务、截止、资格合作、周期、外拨成果IP提交；同站2022-06-10公示说明已评审，不能当当前。,https://www.mju.edu.cn/imlab/2022/0408/c2194a131707/page.htm,2026-10-09,官方正文或原页首次失败后独立查询已返回的官方缓存；不重试失败页,线索待核·历史公告,线索待核·历史公告
N087,附件,https://www.mju.edu.cn/_upload/article/files/a6/fa/b3d491fe4d6f8cc152e0dbf0b597/7a8c2451-c4aa-400b-9b6c-8aaa7b628c40.rar,https://www.mju.edu.cn/imlab/2022/0408/c2194a131707/page.htm,2026-10-09,官方正文或原页首次失败后独立查询已返回的官方缓存；不重试失败页,线索待核·历史公告,线索待核·历史公告
N087,联系,年度联系人未取得。,https://www.mju.edu.cn/imlab/2022/0408/c2194a131707/page.htm,2026-10-09,官方正文或原页首次失败后独立查询已返回的官方缓存；不重试失败页,线索待核·历史公告,线索待核·历史公告
N088,正式来源,2026正式通知完整；申请DOCX/汇总XLSX首验证码。,https://fzcljs.wtu.edu.cn/info/1017/9306.htm,2026-10-09,官方正文或原页首次失败后独立查询已返回的官方缓存；不重试失败页,线索待核·已截止,线索待核·已截止
N088,截止日期,2026-09-30,https://fzcljs.wtu.edu.cn/info/1017/9306.htm,2026-10-09,官方正文或原页首次失败后独立查询已返回的官方缓存；不重试失败页,线索待核·已截止,线索待核·已截止
N088,截止时点,具体时点未载。,https://fzcljs.wtu.edu.cn/info/1017/9306.htm,2026-10-09,官方正文或原页首次失败后独立查询已返回的官方缓存；不重试失败页,线索待核·已截止,线索待核·已截止
N088,实际任务,资助范围含纺织材料跨尺度成型方法与智能装备、柔性可穿戴智能化/先进制造，但未展开装备感知控制等任务；当前机器人联系证据不足待细化，不能只凭智能装备收为确定相关。其余多功能材料/医学材料/纤维/印染原样保留。,https://fzcljs.wtu.edu.cn/info/1017/9306.htm,2026-10-09,官方正文或原页首次失败后独立查询已返回的官方缓存；不重试失败页,线索待核·已截止,线索待核·已截止
N088,资助金额,校外可申报类别：重点6—10万元、一般2—4万元；重大100万元与经纬未来2—4万元明确面向全校，不当本人类别。,https://fzcljs.wtu.edu.cn/info/1017/9306.htm,2026-10-09,官方正文或原页首次失败后独立查询已返回的官方缓存；不重试失败页,线索待核·已截止,线索待核·已截止
N088,资格,高校科研产业固定岗位校内外人员，无科研道德不良；博士或高级含副高；≤60周岁，年龄基准未载；每年1项，有本室未结项目不受理。重大及经纬未来限本校，后者≤35优先不套校外。,https://fzcljs.wtu.edu.cn/info/1017/9306.htm,2026-10-09,官方正文或原页首次失败后独立查询已返回的官方缓存；不重试失败页,线索待核·已截止,线索待核·已截止
N088,合作访问,必须联合本室固定人员实质合作，获批为流动人员；访问时长未载。,https://fzcljs.wtu.edu.cn/info/1017/9306.htm,2026-10-09,官方正文或原页首次失败后独立查询已返回的官方缓存；不重试失败页,线索待核·已截止,线索待核·已截止
N088,经费外拨报销,先50%拨PI单位、结题后50%拨PI单位，明确外拨；按专款办法/合同，开支科目及报销细节未取。,https://fzcljs.wtu.edu.cn/info/1017/9306.htm,2026-10-09,官方正文或原页首次失败后独立查询已返回的官方缓存；不重试失败页,线索待核·已截止,线索待核·已截止
N088,周期,2年，2027-01-01至2028-12-31；不按期提前3月申请延期。,https://fzcljs.wtu.edu.cn/info/1017/9306.htm,2026-10-09,官方正文或原页首次失败后独立查询已返回的官方缓存；不重试失败页,线索待核·已截止,线索待核·已截止
N088,成果署名,重点≥2篇中科院一区且IF≥15，一般≥1篇同标准；责任作者第一或通讯所在单位须有本室署名和基金号；第一机构未强制。Advanced Textiles每篇等同1合格论文。特殊领域书面申请可报告结合专利标准产品；重大8篇+1省部二等奖或符合国奖推荐学会一等奖指标仅本校类别。,https://fzcljs.wtu.edu.cn/info/1017/9306.htm,2026-10-09,官方正文或原页首次失败后独立查询已返回的官方缓存；不重试失败页,线索待核·已截止,线索待核·已截止
N088,知识产权,完整通知未载成果权属/转让。,https://fzcljs.wtu.edu.cn/info/1017/9306.htm,2026-10-09,官方正文或原页首次失败后独立查询已返回的官方缓存；不重试失败页,线索待核·已截止,线索待核·已截止
N088,提交,申请书及汇总表，签字盖章PDF仅电子无纸，fzxcljgjs@wtu.edu.cn；本人+单位负责人签字单位公章，主题姓名-单位-2026基金；9月30日截止。11月30前书面通知是结果期限。,https://fzcljs.wtu.edu.cn/info/1017/9306.htm,2026-10-09,官方正文或原页首次失败后独立查询已返回的官方缓存；不重试失败页,线索待核·已截止,线索待核·已截止
N088,个人条件,本人博士/南京信息工程大学现职已知；个人条件及合作未核，不等同可申请。,https://fzcljs.wtu.edu.cn/info/1017/9306.htm,2026-10-09,官方正文或原页首次失败后独立查询已返回的官方缓存；不重试失败页,线索待核·已截止,线索待核·已截止
N088,缺口,申请/汇总验证码人工；补实际机器人/可穿戴装备任务、IP、费用报销及合同。不把重大100万放校外金额；2027—2028是执行周期非2027申报。,https://fzcljs.wtu.edu.cn/info/1017/9306.htm,2026-10-09,官方正文或原页首次失败后独立查询已返回的官方缓存；不重试失败页,线索待核·已截止,线索待核·已截止
N088,附件,"https://fzcljs.wtu.edu.cn/system/_content/download.jsp?owner=1361027038&urltype=news.DownloadAttachUrl&wbfileid=8324319F414B7F819B62D059CC45F211
https://fzcljs.wtu.edu.cn/system/_content/download.jsp?owner=1361027038&urltype=news.DownloadAttachUrl&wbfileid=39EF323B6330301EE64C3632B55E538D",https://fzcljs.wtu.edu.cn/info/1017/9306.htm,2026-10-09,官方正文或原页首次失败后独立查询已返回的官方缓存；不重试失败页,线索待核·已截止,线索待核·已截止
N088,联系,李老师027-59367824；fzxcljgjs@wtu.edu.cn；阳光校区建全科学中心217室430200。,https://fzcljs.wtu.edu.cn/info/1017/9306.htm,2026-10-09,官方正文或原页首次失败后独立查询已返回的官方缓存；不重试失败页,线索待核·已截止,线索待核·已截止
N089,正式来源,2024正式指南全文；申请DOC首验证码。,https://csai.wtu.edu.cn/info/1063/7067.htm,2026-10-09,官方正文或原页首次失败后独立查询已返回的官方缓存；不重试失败页,已截止,已截止
N089,截止日期,2024-09-15,https://csai.wtu.edu.cn/info/1063/7067.htm,2026-10-09,官方正文或原页首次失败后独立查询已返回的官方缓存；不重试失败页,已截止,已截止
N089,截止时点,9月15日前，是否含当日及小时未载；已过。,https://csai.wtu.edu.cn/info/1063/7067.htm,2026-10-09,官方正文或原页首次失败后独立查询已返回的官方缓存；不重试失败页,已截止,已截止
N089,实际任务,机器人视觉下语义分割、目标检测识别；机器人对布料服装柔性对象操纵；三维人体建模测量检测姿态估计；另含服装大数据跨模态/知识图谱/趋势推荐生成等原行业任务。,https://csai.wtu.edu.cn/info/1063/7067.htm,2026-10-09,官方正文或原页首次失败后独立查询已返回的官方缓存；不重试失败页,已截止,已截止
N089,资助金额,1—2万元/项，拟4—5项。,https://csai.wtu.edu.cn/info/1063/7067.htm,2026-10-09,官方正文或原页首次失败后独立查询已返回的官方缓存；不重试失败页,已截止,已截止
N089,资格,境内外高校科研机构科研人员或大型企事业技术开发在编在岗人员；原则副高及以上或博士；年龄/限项未载。,https://csai.wtu.edu.cn/info/1063/7067.htm,2026-10-09,官方正文或原页首次失败后独立查询已返回的官方缓存；不重试失败页,已截止,已截止
N089,合作访问,每年可不定期赴中心或派研究生，非明确必访天数；正文未载强制固定合作。,https://csai.wtu.edu.cn/info/1063/7067.htm,2026-10-09,官方正文或原页首次失败后独立查询已返回的官方缓存；不重试失败页,已截止,已截止
N089,经费外拨报销,按中心2024修订经费管理办法，随立项通知发；具体费用、报销地点、外拨和支付节点未取得。,https://csai.wtu.edu.cn/info/1063/7067.htm,2026-10-09,官方正文或原页首次失败后独立查询已返回的官方缓存；不重试失败页,已截止,已截止
N089,周期,1—2年；统一起止未载。,https://csai.wtu.edu.cn/info/1063/7067.htm,2026-10-09,官方正文或原页首次失败后独立查询已返回的官方缓存；不重试失败页,已截止,已截止
N089,成果署名,成果须本室指定中英文署名；数量、第一机构/作者、验收指标未载；未载半年报告不套2026服装信息化要求。,https://csai.wtu.edu.cn/info/1063/7067.htm,2026-10-09,官方正文或原页首次失败后独立查询已返回的官方缓存；不重试失败页,已截止,已截止
N089,知识产权,中心及成果完成人共享；转让产业化需中心同意，经济收益1:1。,https://csai.wtu.edu.cn/info/1063/7067.htm,2026-10-09,官方正文或原页首次失败后独立查询已返回的官方缓存；不重试失败页,已截止,已截止
N089,提交,9月15日前本人和单位负责人签字盖章申请3份寄中心，Word加签章页扫描发11094362@qq.com。,https://csai.wtu.edu.cn/info/1063/7067.htm,2026-10-09,官方正文或原页首次失败后独立查询已返回的官方缓存；不重试失败页,已截止,已截止
N089,个人条件,本人博士/南京信息工程大学现职已知；个人条件及合作未核，不等同可申请。,https://csai.wtu.edu.cn/info/1063/7067.htm,2026-10-09,官方正文或原页首次失败后独立查询已返回的官方缓存；不重试失败页,已截止,已截止
N089,缺口,申请DOC验证码；补2024经费办法/合同、外拨报销支付成果验收和邮编；未定位2026/27本中心新公告不当无基金。,https://csai.wtu.edu.cn/info/1063/7067.htm,2026-10-09,官方正文或原页首次失败后独立查询已返回的官方缓存；不重试失败页,已截止,已截止
N089,附件,https://csai.wtu.edu.cn/system/_content/download.jsp?owner=1741397481&urltype=news.DownloadAttachUrl&wbfileid=00AB214587230719C2F9832CD2DE97FB,https://csai.wtu.edu.cn/info/1063/7067.htm,2026-10-09,官方正文或原页首次失败后独立查询已返回的官方缓存；不重试失败页,已截止,已截止
N089,联系,罗老师027-59367297；11094362@qq.com；阳光大道1号计算机与人工智能学院。申报段邮编430073而页脚430200，须核寄件邮编。,https://csai.wtu.edu.cn/info/1063/7067.htm,2026-10-09,官方正文或原页首次失败后独立查询已返回的官方缓存；不重试失败页,已截止,已截止
N090,正式来源,2026指南全文；申请DOC首次超时。,https://mse.wtu.edu.cn/info/1021/16089.htm,2026-10-09,官方正文或原页首次失败后独立查询已返回的官方缓存；不重试失败页,线索待核·已截止,线索待核·已截止
N090,截止日期,2026-10-07,https://mse.wtu.edu.cn/info/1021/16089.htm,2026-10-09,官方正文或原页首次失败后独立查询已返回的官方缓存；不重试失败页,线索待核·已截止,线索待核·已截止
N090,截止时点,以邮件收到为准，小时未载；已过。,https://mse.wtu.edu.cn/info/1021/16089.htm,2026-10-09,官方正文或原页首次失败后独立查询已返回的官方缓存；不重试失败页,线索待核·已截止,线索待核·已截止
N090,实际任务,5方向为功能高分子/纤维、无机复合材料、纤维可穿戴供能器件、柔性智能材料与传感器件设计、加工极端服役；具体机器人感知/设备集成任务未展开，传感器件联系待原表或方向任务核，不只凭智能保留。,https://mse.wtu.edu.cn/info/1021/16089.htm,2026-10-09,官方正文或原页首次失败后独立查询已返回的官方缓存；不重试失败页,线索待核·已截止,线索待核·已截止
N090,资助金额,1—3万元/项。,https://mse.wtu.edu.cn/info/1021/16089.htm,2026-10-09,官方正文或原页首次失败后独立查询已返回的官方缓存；不重试失败页,线索待核·已截止,线索待核·已截止
N090,资格,境内外高校科研企业在职，博士或中级及以上，相关科研基础；PI限1项、有本室未结不支持。年龄未载。,https://mse.wtu.edu.cn/info/1021/16089.htm,2026-10-09,官方正文或原页首次失败后独立查询已返回的官方缓存；不重试失败页,线索待核·已截止,线索待核·已截止
N090,合作访问,鼓励固定合作，非强制；PI须参加实验室年会并成果汇报，无固定驻室时长。,https://mse.wtu.edu.cn/info/1021/16089.htm,2026-10-09,官方正文或原页首次失败后独立查询已返回的官方缓存；不重试失败页,线索待核·已截止,线索待核·已截止
N090,经费外拨报销,完整指南未载外拨费用报销支付。,https://mse.wtu.edu.cn/info/1021/16089.htm,2026-10-09,官方正文或原页首次失败后独立查询已返回的官方缓存；不重试失败页,线索待核·已截止,线索待核·已截止
N090,周期,一般1年，2027-01-01至2027-12-31。,https://mse.wtu.edu.cn/info/1021/16089.htm,2026-10-09,官方正文或原页首次失败后独立查询已返回的官方缓存；不重试失败页,线索待核·已截止,线索待核·已截止
N090,成果署名,PI第一或通讯SCI期刊1篇，本室第一或第二机构且武汉纺织大学共同署名；指定基金致谢。需参加年会汇报。,https://mse.wtu.edu.cn/info/1021/16089.htm,2026-10-09,官方正文或原页首次失败后独立查询已返回的官方缓存；不重试失败页,线索待核·已截止,线索待核·已截止
N090,知识产权,完整指南未载。,https://mse.wtu.edu.cn/info/1021/16089.htm,2026-10-09,官方正文或原页首次失败后独立查询已返回的官方缓存；不重试失败页,线索待核·已截止,线索待核·已截止
N090,提交,Word+签章PDF电子lpchen@wtu.edu.cn，主题2026开放课题申请-姓名-单位；以签章PDF为准无纸，10月7日邮件收到截止。,https://mse.wtu.edu.cn/info/1021/16089.htm,2026-10-09,官方正文或原页首次失败后独立查询已返回的官方缓存；不重试失败页,线索待核·已截止,线索待核·已截止
N090,个人条件,本人博士/南京信息工程大学现职已知；个人条件及合作未核，不等同可申请。,https://mse.wtu.edu.cn/info/1021/16089.htm,2026-10-09,官方正文或原页首次失败后独立查询已返回的官方缓存；不重试失败页,线索待核·已截止,线索待核·已截止
N090,缺口,原DOC首超时人工；先补柔性传感具体装备/感知联系，再补IP外拨费用及签章细节。公告发布9-16/落款9-14均保留；2027是执行周期。,https://mse.wtu.edu.cn/info/1021/16089.htm,2026-10-09,官方正文或原页首次失败后独立查询已返回的官方缓存；不重试失败页,线索待核·已截止,线索待核·已截止
N090,附件,https://mse.wtu.edu.cn/system/_content/download.jsp?owner=1781605617&urltype=news.DownloadAttachUrl&wbfileid=E984920A683C293035A055D13B1D5088,https://mse.wtu.edu.cn/info/1021/16089.htm,2026-10-09,官方正文或原页首次失败后独立查询已返回的官方缓存；不重试失败页,线索待核·已截止,线索待核·已截止
N090,联系,陈老师18030816728；lpchen@wtu.edu.cn；阳光大道1号材料学院430200。,https://mse.wtu.edu.cn/info/1021/16089.htm,2026-10-09,官方正文或原页首次失败后独立查询已返回的官方缓存；不重试失败页,线索待核·已截止,线索待核·已截止
N091,正式来源,2026指南完整；申请DOCX/汇总XLSX首次验证码。,https://te.wtu.edu.cn/info/1052/24351.htm,2026-10-09,官方正文或原页首次失败后独立查询已返回的官方缓存；不重试失败页,线索待核·已截止,线索待核·已截止
N091,截止日期,2026-09-30,https://te.wtu.edu.cn/info/1052/24351.htm,2026-10-09,官方正文或原页首次失败后独立查询已返回的官方缓存；不重试失败页,线索待核·已截止,线索待核·已截止
N091,截止时点,具体时点未载。,https://te.wtu.edu.cn/info/1052/24351.htm,2026-10-09,官方正文或原页首次失败后独立查询已返回的官方缓存；不重试失败页,线索待核·已截止,线索待核·已截止
N091,实际任务,年度广义范围纤维表界面/生物质生态染整、跨尺度成型智能装备、柔性可穿戴/先进制造等，未细化机器人或相关装备具体感知控制任务，不能凭平台名称直接剔除或凭智能装备认相关。,https://te.wtu.edu.cn/info/1052/24351.htm,2026-10-09,官方正文或原页首次失败后独立查询已返回的官方缓存；不重试失败页,线索待核·已截止,线索待核·已截止
N091,资助金额,重点5万元、一般2万元、青年1万元。青年类别额外资格未载。,https://te.wtu.edu.cn/info/1052/24351.htm,2026-10-09,官方正文或原页首次失败后独立查询已返回的官方缓存；不重试失败页,线索待核·已截止,线索待核·已截止
N091,资格,高校科研产业固定岗位校内外人员，无道德不良；高级或博士，≤50周岁；每年度1项，年龄计算基准未载。,https://te.wtu.edu.cn/info/1052/24351.htm,2026-10-09,官方正文或原页首次失败后独立查询已返回的官方缓存；不重试失败页,线索待核·已截止,线索待核·已截止
N091,合作访问,要求联合本室固定人员实质合作，获批流动人员；访问时长未载。,https://te.wtu.edu.cn/info/1052/24351.htm,2026-10-09,官方正文或原页首次失败后独立查询已返回的官方缓存；不重试失败页,线索待核·已截止,线索待核·已截止
N091,经费外拨报销,立项授权金额直接拨申请人单位，明确外拨；按专款办法/合同，支付节点和开支细节未取。,https://te.wtu.edu.cn/info/1052/24351.htm,2026-10-09,官方正文或原页首次失败后独立查询已返回的官方缓存；不重试失败页,线索待核·已截止,线索待核·已截止
N091,周期,2年，2027-01-01至2028-12-31；延期提前3月申请。,https://te.wtu.edu.cn/info/1052/24351.htm,2026-10-09,官方正文或原页首次失败后独立查询已返回的官方缓存；不重试失败页,线索待核·已截止,线索待核·已截止
N091,成果署名,重点≥1中科院一区且IF≥5；一般≥1中科院二区以上；青年≥1纺织类SCI。责任作者第一/通讯机构须署本室及基金号，第一单位未强制。Advanced Textiles原文等同一区且IF≥10，保留与重点门槛差异；特殊领域书面申请报告结合专利标准产品。,https://te.wtu.edu.cn/info/1052/24351.htm,2026-10-09,官方正文或原页首次失败后独立查询已返回的官方缓存；不重试失败页,线索待核·已截止,线索待核·已截止
N091,知识产权,完整通知未载权属/转让。,https://te.wtu.edu.cn/info/1052/24351.htm,2026-10-09,官方正文或原页首次失败后独立查询已返回的官方缓存；不重试失败页,线索待核·已截止,线索待核·已截止
N091,提交,申请及汇总签章PDF电子fzgc@wtu.edu.cn，无纸；本人/单位负责人签字、公章，主题姓名-单位-2026基金，9-30截止；10-30结果期限不是申请。,https://te.wtu.edu.cn/info/1052/24351.htm,2026-10-09,官方正文或原页首次失败后独立查询已返回的官方缓存；不重试失败页,线索待核·已截止,线索待核·已截止
N091,个人条件,本人博士/南京信息工程大学现职已知；个人条件及合作未核，不等同可申请。,https://te.wtu.edu.cn/info/1052/24351.htm,2026-10-09,官方正文或原页首次失败后独立查询已返回的官方缓存；不重试失败页,线索待核·已截止,线索待核·已截止
N091,缺口,申请汇总验证码人工，先补具体装备/可穿戴任务，再补IP、费用办法及青年额外限制；不套全国材料室IF15指标。,https://te.wtu.edu.cn/info/1052/24351.htm,2026-10-09,官方正文或原页首次失败后独立查询已返回的官方缓存；不重试失败页,线索待核·已截止,线索待核·已截止
N091,附件,"https://te.wtu.edu.cn/system/_content/download.jsp?owner=1269691753&urltype=news.DownloadAttachUrl&wbfileid=7684D0C3D17A96816FD40DB45D2139C1
https://te.wtu.edu.cn/system/_content/download.jsp?owner=1269691753&urltype=news.DownloadAttachUrl&wbfileid=9C4C7C31E518CBEC2664C685076663ED",https://te.wtu.edu.cn/info/1052/24351.htm,2026-10-09,官方正文或原页首次失败后独立查询已返回的官方缓存；不重试失败页,线索待核·已截止,线索待核·已截止
N091,联系,胡老师027-59367695；fzgc@wtu.edu.cn；阳光校区430200。,https://te.wtu.edu.cn/info/1052/24351.htm,2026-10-09,官方正文或原页首次失败后独立查询已返回的官方缓存；不重试失败页,线索待核·已截止,线索待核·已截止
N092,正式来源,2026通知完整；指南/申请首次验证码，实际任务未取不进首页。,https://me.wtu.edu.cn/info/1041/16914.htm,2026-10-09,官方正文或原页首次失败后独立查询已返回的官方缓存；不重试失败页,线索待核·截止未到,线索待核·截止未到
N092,截止日期,2026-10-15,https://me.wtu.edu.cn/info/1041/16914.htm,2026-10-09,官方正文或原页首次失败后独立查询已返回的官方缓存；不重试失败页,线索待核·截止未到,线索待核·截止未到
N092,截止时点,10月15日前，是否含当日及小时未载，现日历未到但缺任务资格。,https://me.wtu.edu.cn/info/1041/16914.htm,2026-10-09,官方正文或原页首次失败后独立查询已返回的官方缓存；不重试失败页,线索待核·截止未到,线索待核·截止未到
N092,实际任务,具体年度任务未取得；不凭实验室智能名称判断机器人相关。,https://me.wtu.edu.cn/info/1041/16914.htm,2026-10-09,官方正文或原页首次失败后独立查询已返回的官方缓存；不重试失败页,线索待核·截止未到,线索待核·截止未到
N092,资助金额,未取得,https://me.wtu.edu.cn/info/1041/16914.htm,2026-10-09,官方正文或原页首次失败后独立查询已返回的官方缓存；不重试失败页,线索待核·截止未到,线索待核·截止未到
N092,资格,资格与限项未取得。,https://me.wtu.edu.cn/info/1041/16914.htm,2026-10-09,官方正文或原页首次失败后独立查询已返回的官方缓存；不重试失败页,线索待核·截止未到,线索待核·截止未到
N092,合作访问,合作与访问未取得。,https://me.wtu.edu.cn/info/1041/16914.htm,2026-10-09,官方正文或原页首次失败后独立查询已返回的官方缓存；不重试失败页,线索待核·截止未到,线索待核·截止未到
N092,经费外拨报销,外拨、费用、报销和支付未取得。,https://me.wtu.edu.cn/info/1041/16914.htm,2026-10-09,官方正文或原页首次失败后独立查询已返回的官方缓存；不重试失败页,线索待核·截止未到,线索待核·截止未到
N092,周期,周期未取得。,https://me.wtu.edu.cn/info/1041/16914.htm,2026-10-09,官方正文或原页首次失败后独立查询已返回的官方缓存；不重试失败页,线索待核·截止未到,线索待核·截止未到
N092,成果署名,成果数量、单位/作者署名、验收未取得。,https://me.wtu.edu.cn/info/1041/16914.htm,2026-10-09,官方正文或原页首次失败后独立查询已返回的官方缓存；不重试失败页,线索待核·截止未到,线索待核·截止未到
N092,知识产权,知识产权未取得。,https://me.wtu.edu.cn/info/1041/16914.htm,2026-10-09,官方正文或原页首次失败后独立查询已返回的官方缓存；不重试失败页,线索待核·截止未到,线索待核·截止未到
N092,提交,申请纸质2份邮寄阳光校区10号楼516办公室，电子wchen@wtu.edu.cn；截止10-15前。,https://me.wtu.edu.cn/info/1041/16914.htm,2026-10-09,官方正文或原页首次失败后独立查询已返回的官方缓存；不重试失败页,线索待核·截止未到,线索待核·截止未到
N092,个人条件,本人博士/南京信息工程大学现职已知；个人条件及合作未核，不等同可申请。,https://me.wtu.edu.cn/info/1041/16914.htm,2026-10-09,官方正文或原页首次失败后独立查询已返回的官方缓存；不重试失败页,线索待核·截止未到,线索待核·截止未到
N092,缺口,下载2026指南/申请，确认具体机器人装配/感知/控制任务、金额资格合作、费用外拨周期成果IP；不得以截止未到直接写可申请。通讯邮编430073而学院页脚430200冲突待核。,https://me.wtu.edu.cn/info/1041/16914.htm,2026-10-09,官方正文或原页首次失败后独立查询已返回的官方缓存；不重试失败页,线索待核·截止未到,线索待核·截止未到
N092,附件,"https://me.wtu.edu.cn/system/_content/download.jsp?owner=1594497525&urltype=news.DownloadAttachUrl&wbfileid=4909228D626CA720170BA21B693B5937
https://me.wtu.edu.cn/system/_content/download.jsp?owner=1594497525&urltype=news.DownloadAttachUrl&wbfileid=8F6FABC6BB6C6F311ACA60372EA53E9F",https://me.wtu.edu.cn/info/1041/16914.htm,2026-10-09,官方正文或原页首次失败后独立查询已返回的官方缓存；不重试失败页,线索待核·截止未到,线索待核·截止未到
N092,联系,陈伟027-59367513；wchen@wtu.edu.cn；阳光校区10号楼516，公告邮编430073待核。,https://me.wtu.edu.cn/info/1041/16914.htm,2026-10-09,官方正文或原页首次失败后独立查询已返回的官方缓存；不重试失败页,线索待核·截止未到,线索待核·截止未到
E093,实际任务,风机气动结构设计、光热光伏强化传热/设施农业供能、风光储发电并网运行控制检测、大规模储能能源装置；无具体机器人任务。,https://fntyn.imut.edu.cn/info/1011/1412.htm,2026-10-09,官方完整正文,剔除,实际任务无关·已截止
E093,资格经费成果与期限留证,博士或高级原则≤45岁（1981-01-01后），其他2专家推荐非成员；≥2本科生成员；校外合作≥20%。≤10万/项、2年可延1年；负责人结束前另获项目到校经费≥10万；业务劳务6:4，不设备费；外拨/IP未载。SCI/EI≥2篇+申请发明≥1+课程案例≥1；内蒙工大第一单位含室/基金号。2026-06-10前纸3份签章送新城科创1807+Word/PDF至ss366633@qq.com；刘13126844242。,https://fntyn.imut.edu.cn/info/1011/1412.htm,2026-10-09,官方完整正文,剔除,实际任务无关·已截止
